9,7,-2,9,13,23,-11,6,7,17,-6,-2,10,-6,-32,0,handClose
9,7,4,7,-1,1,1,11,1,2,2,0,48,117,66,17,handClose
6,5,2,4,17,-12,6,6,42,63,-9,-52,-40,-128,-127,6,handClose
-5,7,2,3,2,18,85,8,-128,-128,-37,-23,-61,-128,-128,-34,handClose
12,16,10,3,13,5,-7,-1,-45,-36,-1,21,27,10,47,-54,handClose
18,4,2,8,16,21,12,10,3,4,4,3,3,1,-1,3,handClose
3,1,-7,-4,3,-1,-6,5,-1,-4,-4,3,1,-6,-3,1,handClose
-88,-61,-17,-72,-128,111,127,22,-12,-13,6,50,51,16,8,0,handClose
-15,-28,-13,-15,-51,13,-82,-5,36,41,16,14,61,83,56,34,handClose
-47,-29,-10,7,29,22,-23,-38,19,10,6,10,10,6,10,15,handClose
14,7,3,12,20,13,82,16,9,4,3,4,4,1,0,9,handClose
-5,-7,10,36,26,11,2,0,4,0,0,2,-1,-4,-6,-1,handClose
53,29,-20,-67,-20,43,115,24,1,-1,0,-1,0,-4,-2,-3,handClose
-101,-52,-22,-10,-29,-128,-71,-50,9,16,2,4,9,16,-39,-11,handClose
-100,-39,-3,-1,-17,-24,-46,-19,3,8,-5,0,11,-5,-2,12,handClose
12,3,-1,0,2,2,3,8,-6,-2,2,6,4,8,18,13,handClose
0,-6,-3,-3,0,-3,-1,0,21,9,3,4,5,5,9,16,handClose
-7,-5,2,-1,-1,-1,2,-4,34,42,40,57,55,0,-128,24,handClose
-6,6,4,-3,1,0,40,-1,-36,-5,-7,-20,5,36,-10,-45,handClose
-17,6,2,27,48,65,19,-25,11,-8,-12,-37,-54,100,-31,0,handClose
13,10,-3,-27,-70,-41,-45,-1,-58,-71,-25,-10,-44,-128,-119,-20,handClose
18,8,5,9,11,10,22,21,3,3,1,6,15,4,7,4,handClose
9,4,3,6,13,7,17,12,1,2,8,6,-4,1,-16,-2,handClose
2,0,-1,-4,3,2,35,-16,-3,4,0,5,-1,1,41,0,handClose
-50,-23,7,9,21,40,12,-52,12,1,0,-10,-17,3,34,17,handClose
-91,-64,-27,-20,-26,-39,-85,-75,9,9,0,6,5,17,-2,1,handClose
4,4,-6,-1,-1,8,-3,-18,13,-11,2,-1,4,3,1,11,handClose
73,54,23,36,47,17,-44,65,-8,1,1,14,18,17,-2,-1,handClose
-75,-25,-20,-33,-87,5,-3,-48,3,-4,0,2,15,-3,-17,-2,handClose
-20,-31,-19,-5,-23,-128,-128,-57,-20,-11,-8,-2,2,3,8,7,handClose
21,-13,8,9,26,47,12,6,9,8,1,5,5,10,-1,6,handClose
1,1,-5,-24,-19,-7,-4,-7,12,11,6,1,7,15,60,6,handClose
21,-4,-14,-3,23,34,-18,-11,3,1,5,9,5,1,1,6,handClose
-4,10,9,-4,25,23,54,-101,-14,-12,-3,2,9,3,44,-19,handClose
-51,-25,-15,-26,-58,-48,93,-10,10,0,-5,2,3,-40,-2,49,handClose
4,5,4,-3,-7,6,-2,2,5,-1,-4,-7,-9,-52,-91,-9,handClose
7,-1,6,13,16,6,19,4,8,4,5,5,10,12,-4,5,handClose
13,-10,7,50,59,-47,31,-5,-99,-54,-13,-5,-3,-12,2,-74,handClose
26,54,-11,-80,-113,15,11,66,-8,2,3,16,17,-9,12,84,handClose
3,2,2,9,7,12,-34,-5,18,9,5,9,9,20,-4,29,handClose
-1,0,-5,-8,-4,-5,-33,-5,20,8,5,6,2,-58,82,14,handClose
-6,2,-1,2,3,14,5,-5,6,5,13,37,63,-49,57,8,handClose
1,0,5,5,8,12,6,-2,19,24,-25,-54,-99,95,-22,14,handClose
29,2,-6,-4,11,40,20,29,-128,-97,-29,-16,-40,-47,-1,-128,handClose
11,11,0,9,20,-16,-25,-19,-14,4,12,16,0,5,65,10,handClose
-9,-7,-4,2,6,23,0,2,2,6,2,-8,-21,-96,-16,-3,handClose
5,9,5,8,19,24,8,7,-8,-5,-2,-5,-38,6,-29,-7,handClose
-21,-4,11,6,-2,-10,-52,-51,1,-1,2,-8,-35,-92,-18,-4,handClose
-52,-23,13,21,25,26,127,-80,31,15,-12,-7,4,18,14,25,handClose
19,3,3,-5,-20,-128,-72,-2,-3,-10,-16,-17,5,7,1,11,handClose
-20,-4,-2,11,6,0,-44,-13,8,3,3,0,-31,-4,23,34,handClose
-8,44,12,30,48,16,69,9,-13,-10,-24,-35,4,73,-48,-18,handClose
-64,-105,-9,-5,-23,-90,-87,-38,15,7,-4,-9,-15,40,-7,6,handClose
-36,-22,-16,-11,1,-18,-66,-6,-3,19,21,36,69,55,41,2,handClose
33,29,19,16,31,8,127,8,26,-2,-11,-33,-102,-19,69,28,handClose
-11,-12,-8,-10,-5,-17,-15,-1,11,7,5,16,19,-13,-3,6,handClose
27,10,4,19,51,-7,22,15,0,-6,3,1,-4,2,-31,-15,handClose
15,14,19,7,-14,42,22,-3,11,2,-3,-2,0,25,56,10,handClose
-63,-55,-20,0,27,27,-33,33,21,21,13,16,41,63,30,36,handClose
49,30,13,13,57,40,66,32,17,8,3,16,19,30,127,39,handClose
-104,-74,-34,-71,-121,-53,-12,-46,3,27,2,-3,-6,-87,-95,-33,handClose
-16,-11,-16,2,-6,-3,8,10,14,11,3,-4,17,12,17,7,handClose
25,10,-2,3,26,13,54,-17,12,3,5,5,-21,28,53,15,handClose
7,6,-4,2,20,57,-17,2,9,5,0,16,30,59,-38,-14,handClose
-5,-7,-9,-21,-48,-56,-21,-5,-17,-15,0,-19,-39,-80,10,-10,handClose
0,0,10,17,29,-2,100,11,59,50,21,18,-10,-9,-22,4,handClose
7,2,-11,-19,-10,-6,-99,5,-96,-65,-20,-26,-45,-40,0,-23,handClose
112,56,25,6,18,18,18,66,-1,-4,-6,-3,-20,-20,-19,-21,handClose
-65,-31,-18,5,23,10,9,1,23,13,-4,-5,-2,21,12,0,handClose
-16,-37,-4,2,-2,-50,-34,-20,6,9,3,8,17,16,85,6,handClose
13,13,1,-6,-20,-27,68,9,-25,-22,-9,0,5,34,-1,5,handClose
10,10,17,37,41,40,-14,-45,4,4,-10,-32,-73,-15,8,13,handClose
4,-5,-15,-35,-29,20,-9,14,5,9,1,-6,-35,23,58,-8,handClose
-35,0,-2,2,-8,-19,5,-20,-7,-4,7,8,-1,-93,15,5,handClose
-4,-7,2,-5,4,23,47,-9,2,4,-9,-8,10,-2,40,13,handClose
-27,12,12,11,-11,10,92,-26,42,34,0,-6,-4,40,17,37,handClose
8,-15,-5,-2,-2,-23,-14,65,-127,-83,-12,1,21,-23,-50,-82,handClose
26,19,4,6,12,15,4,46,-21,-9,-17,-18,29,5,17,-3,handClose
35,1,-7,-4,0,5,1,-25,12,0,-5,3,17,33,-19,12,handClose
-90,-73,-10,-7,1,39,87,-6,16,0,11,19,25,55,113,-23,handClose
6,8,3,8,16,16,-13,31,3,16,-14,-24,-17,-55,-72,-19,handClose
8,4,5,13,13,-68,-21,-5,-4,2,3,-2,16,-3,8,-49,handClose
14,4,-5,8,21,-2,18,26,2,6,-6,-6,-1,6,-5,-9,handClose
83,63,37,49,100,127,53,21,1,-1,1,7,9,7,72,10,handClose
-123,-116,-63,-89,-128,-51,-7,-14,-1,-12,-2,10,19,11,15,12,handClose
21,6,-6,-23,-51,0,-22,-29,-13,5,2,8,12,-35,-95,-7,handClose
-10,3,9,19,28,24,127,2,11,4,0,0,8,4,-3,13,handClose
1,-2,-2,-1,-1,-2,3,2,10,0,0,5,8,1,-5,12,handClose
-3,-2,-3,-3,-4,1,-7,-1,6,5,2,4,2,-3,-29,4,handClose
-6,0,-2,1,-2,-4,-1,-3,75,87,81,122,127,127,127,45,handClose
-13,-29,-19,-1,1,11,-5,-7,-57,-72,-37,-64,-118,-32,127,-28,handClose
7,6,-5,5,18,12,3,11,29,-11,-17,-47,-57,-46,-79,-69,handClose
21,18,15,17,10,5,-1,18,-43,-51,-24,-16,2,-49,-15,6,handClose
10,6,3,7,-2,-3,-5,9,0,-2,0,-4,-6,-5,-4,-1,handClose
6,6,5,5,-2,-4,-5,3,-4,-7,-4,0,-7,-8,-9,1,handClose
-128,-124,-58,-85,-128,-128,-96,-108,1,2,5,16,16,0,-128,20,handClose
11,1,3,10,20,19,114,-44,71,60,37,30,50,42,-55,2,handClose
5,2,0,5,6,32,29,30,5,3,-1,-8,-32,1,11,16,handClose
23,13,10,21,38,20,-30,7,0,-2,-2,-3,1,6,8,6,handClose
-5,-7,-3,1,-4,-5,-4,-5,-2,1,-1,2,0,6,0,-3,handClose
-1,7,13,8,17,3,16,54,-3,-5,-3,-3,-5,1,1,-4,handClose
67,44,4,15,44,1,-128,-46,-94,-69,-34,-57,-128,50,-65,-116,handClose
-100,-51,-8,-30,-69,3,4,-62,10,12,-3,1,3,67,13,-30,handClose
4,4,6,6,-3,24,17,3,8,5,-5,-14,9,-14,73,28,handClose
2,3,4,8,13,14,15,6,16,-2,-8,-10,-2,-28,-47,17,handClose
7,4,0,-2,0,4,5,12,-3,-4,3,-1,0,-3,0,-1,handOpen
23,5,-3,1,2,4,-4,13,6,3,1,1,1,3,-2,1,handOpen
-11,-2,-3,-6,-2,-11,-35,-5,7,1,-2,-1,-2,4,12,38,handOpen
-13,0,-2,1,3,-1,7,-2,7,2,2,1,2,0,5,17,handOpen
-10,-7,-3,-1,0,-1,12,1,7,1,1,-1,2,-1,2,9,handOpen
2,1,-1,4,0,0,1,3,5,-7,-6,-5,-1,2,3,3,handOpen
0,-2,-2,-4,1,1,9,6,4,5,-1,-2,-1,1,-1,0,handOpen
2,2,1,3,1,4,21,60,20,-1,-1,-1,-1,8,22,42,handOpen
-2,2,1,-1,-4,-13,-26,-9,-49,-16,-7,-3,-1,-6,-5,-10,handOpen
10,6,3,-1,2,-2,2,2,1,-4,-3,-1,5,1,7,6,handOpen
4,0,-2,-1,-3,1,0,0,2,-3,-1,-2,-1,2,0,-8,handOpen
1,1,3,-1,-4,-1,-1,4,0,-2,-4,-3,1,0,0,-1,handOpen
3,3,-5,1,-2,-1,-4,2,2,1,-6,-5,-3,1,4,4,handOpen
-19,-5,-4,-4,-3,-11,-38,-27,-5,-7,-8,1,2,1,-28,21,handOpen
-9,-6,-2,0,1,1,0,-6,-3,1,1,0,-3,-11,-19,-42,handOpen
-5,-2,-2,1,-2,3,5,-4,-3,-9,-14,-11,-3,-3,-3,-3,handOpen
5,1,-2,-1,-2,1,5,12,7,10,8,4,0,-2,2,0,handOpen
0,-2,1,-2,-4,0,-2,-13,11,6,-4,2,3,9,17,15,handOpen
3,-1,1,-3,0,-8,-5,0,1,2,-1,0,-3,-3,-30,-3,handOpen
-9,-6,-6,-7,-9,-14,-26,-38,37,1,0,-2,2,0,6,19,handOpen
-10,-7,-3,0,1,1,12,13,-73,-2,0,-5,-1,-1,4,-26,handOpen
-39,-8,-6,-2,-2,-1,-3,1,28,4,-5,-1,-1,1,7,42,handOpen
4,1,0,2,2,2,6,10,-26,-3,-5,-4,-6,-6,-9,-25,handOpen
-13,-7,-6,2,0,0,0,1,2,-1,-2,-5,-1,1,2,1,handOpen
8,3,3,1,0,0,3,4,2,-2,-2,-1,0,1,14,5,handOpen
5,2,0,-1,-2,-1,-10,-12,4,0,-2,-6,-3,-6,-38,-67,handOpen
1,3,4,2,1,1,5,1,-14,-4,-1,1,4,1,-2,-14,handOpen
-8,-4,2,1,-1,-8,-23,-57,5,4,2,-1,-1,3,1,0,handOpen
5,0,-3,0,-1,0,2,5,1,1,-1,-3,-1,1,2,1,handOpen
-2,-5,-4,0,-1,-2,4,5,-2,-2,-4,-1,-2,2,2,0,handOpen
-3,0,-3,-1,1,-1,1,3,1,2,5,0,-1,-1,-3,-3,handOpen
-2,-8,-2,-5,-1,6,18,20,-8,-24,-10,-5,-4,-2,-4,19,handOpen
19,15,11,11,5,13,47,23,-4,-6,-6,-4,0,-2,2,-5,handOpen
19,9,-1,2,-1,-4,4,-18,25,5,1,0,1,4,5,15,handOpen
-24,-2,2,-3,1,-1,-10,-40,-12,-7,-2,-1,0,1,-2,-7,handOpen
5,3,2,-2,0,1,2,2,3,-2,-1,3,2,0,-4,10,handOpen
6,3,0,1,0,-3,0,-1,4,7,5,1,1,-8,-16,9,handOpen
4,-1,2,-1,-2,-3,0,0,-12,-1,-1,1,-2,-2,16,50,handOpen
1,-5,-4,-3,-2,-4,1,4,-10,-8,-8,-3,-1,-1,-7,-38,handOpen
-8,-4,-9,-1,-4,2,2,14,3,-2,-2,-3,-1,0,-1,2,handOpen
2,0,-3,-1,-2,-1,2,-2,1,0,-1,-4,3,-1,-1,-3,handOpen
10,0,3,-3,-1,-1,1,2,0,3,-4,-2,-1,-2,0,1,handOpen
-14,1,2,3,0,1,-3,-3,-3,-1,0,1,1,3,0,-1,handOpen
15,5,6,-4,2,5,13,22,9,4,5,0,-1,0,5,12,handOpen
7,7,4,4,-1,5,11,16,8,3,2,-1,0,2,3,5,handOpen
-33,-8,-2,1,-5,-3,-36,-59,3,2,1,-1,2,0,2,5,handOpen
-22,-10,-8,-1,-2,-3,4,0,0,-1,-4,-3,1,-1,0,1,handOpen
0,4,5,1,-2,-2,1,0,-10,-9,-2,-1,-4,-6,-8,-3,handOpen
2,3,5,3,-1,0,1,-1,-8,-7,-2,1,-1,-3,-1,-2,handOpen
28,3,-5,-3,2,5,12,40,8,3,3,-1,-1,0,6,9,handOpen
-35,-8,-4,-2,-3,-3,-5,-15,11,4,-2,0,0,1,7,3,handOpen
0,-1,0,1,-2,0,1,1,32,7,0,1,-2,0,-7,21,handOpen
2,2,1,2,-1,-1,-2,1,-72,-5,-1,1,-2,-8,-15,-81,handOpen
4,6,2,-1,-1,1,-4,2,0,-10,-5,2,3,1,-1,-2,handOpen
8,2,-2,-4,0,5,1,12,-15,-8,-4,-1,0,4,21,5,handOpen
10,7,0,-3,1,1,5,6,-1,0,-4,0,-1,-1,0,-1,handOpen
8,4,1,-3,3,2,5,5,-4,-2,1,-1,1,-1,-1,-4,handOpen
6,2,1,-4,-1,1,3,0,1,0,3,1,-3,-3,-2,0,handOpen
1,-1,-1,0,0,1,3,-1,-6,-3,-4,-1,0,0,-1,-2,handOpen
-3,-4,-6,0,0,-1,-2,-7,1,-6,-6,-1,1,-2,2,1,handOpen
22,11,5,4,2,3,17,11,5,1,1,0,-1,-2,2,9,handOpen
-48,-6,-1,-4,-8,-15,-36,-91,2,1,-3,-1,-1,2,1,3,handOpen
-13,-1,-3,-3,0,-5,-5,-25,1,-3,-3,-2,0,-1,3,2,handOpen
0,-3,-4,-3,0,-1,-3,3,19,5,1,-3,-1,5,5,-13,handOpen
-11,-1,-1,-3,-1,-3,-3,-6,-19,-8,2,2,1,3,-10,-76,handOpen
1,5,7,1,1,1,-2,2,-34,-10,-7,-5,-7,-12,-32,-71,handOpen
8,6,-2,5,-2,0,0,1,-31,-7,-3,-4,-1,2,6,4,handOpen
14,5,1,0,3,1,8,4,1,-2,0,2,0,1,-2,1,handOpen
10,3,0,1,-1,1,5,11,-2,-4,1,-1,0,-2,-3,1,handOpen
5,3,0,3,-2,2,2,6,-1,-3,-4,-1,0,0,-6,-3,handOpen
2,0,-2,1,1,0,2,1,-2,-2,-1,-1,-4,-5,1,-1,handOpen
-1,-5,-7,0,-2,-1,-2,1,-38,-14,-14,-3,-4,-6,-15,-10,handOpen
10,14,6,4,3,0,2,7,-14,-4,0,0,0,-1,6,2,handOpen
21,9,-2,-1,2,4,59,90,19,2,2,0,2,0,0,-1,handOpen
-22,-6,0,1,-8,-15,-35,-38,4,2,0,-3,-2,0,3,5,handOpen
5,3,-4,-2,2,2,0,4,-28,-7,-11,-2,-6,-7,-17,-53,handOpen
3,1,-3,-4,-2,0,-2,-8,0,0,-3,0,-2,-4,-19,-24,handOpen
-5,-3,2,-1,-7,-7,8,52,1,-2,1,0,-2,1,4,20,handOpen
16,2,6,4,3,2,-12,5,2,0,1,2,-3,0,2,2,handOpen
8,3,-3,1,-3,0,6,8,-20,-3,-5,-1,-1,2,1,-3,handOpen
5,2,2,-1,0,3,5,7,12,12,4,2,0,0,5,15,handOpen
-12,4,1,2,-2,-7,-6,-8,12,5,2,-3,-1,1,5,4,handOpen
-5,-30,-6,-3,-6,-12,-26,20,7,6,-1,-2,-2,1,2,2,handOpen
5,-3,-1,-2,-3,1,3,0,-20,-14,-20,-9,-8,-12,-64,-42,handOpen
0,-1,3,-1,-3,-5,1,-2,5,5,14,6,4,2,4,7,handOpen
24,7,3,4,2,7,2,-12,-10,-1,-3,-1,0,-3,-4,-10,handOpen
-37,-6,2,1,-4,-1,-8,-18,0,0,-2,-2,2,-2,-2,8,handOpen
0,-2,-5,-3,-1,2,2,1,4,-1,-1,-6,1,-1,12,17,handOpen
0,2,1,1,-2,0,-2,3,-1,3,1,2,1,3,7,28,handOpen
0,1,-1,-1,1,-1,0,0,-1,-8,1,-3,-2,3,27,-5,handOpen
-1,-2,1,-1,2,3,-4,-3,0,3,-2,-1,-2,-1,6,6,handOpen
-8,-5,-8,0,2,-3,-6,18,10,4,2,0,2,2,-1,7,handOpen
6,-2,-4,0,-3,0,1,3,8,3,0,-1,-2,0,0,1,handOpen
-8,-4,-1,3,-1,0,-1,-5,0,2,-1,-4,-1,2,-2,1,handOpen
-3,0,-5,-1,-1,1,-1,4,0,-1,1,-1,-3,-3,0,-2,handOpen
-3,-3,0,2,0,-1,-1,-2,-2,-8,1,-1,-2,-3,-20,-41,handOpen
-5,-2,-1,1,-1,-2,-8,-35,6,4,1,0,-1,-2,6,-3,handOpen
-6,-4,-1,-3,-1,-4,-4,-13,-19,-23,-10,-2,-1,-2,5,-2,handOpen
21,8,7,4,3,6,-2,38,-1,0,-5,-4,-1,2,2,1,handOpen
11,3,-1,-1,1,4,4,7,-8,1,2,1,2,-3,-2,12,handOpen
10,3,-1,-1,0,1,1,8,16,-2,-2,-1,2,6,8,19,handOpen
9,2,-2,-1,-3,-3,1,3,-41,-1,2,2,-2,-6,-29,-128,handOpen
8,5,-1,-4,0,0,-2,5,-33,-5,-4,-1,-2,-2,7,11,handOpen
4,1,7,7,2,-5,-41,-10,-9,-5,-1,-3,-2,-1,-2,-7,handOpen
-23,-23,-14,-10,-13,10,4,-24,6,-1,0,-5,-2,-2,-1,1,handThumbsUp
-1,-2,1,-3,-3,-6,-3,-3,-2,-1,-15,-59,-125,-46,26,-42,handThumbsUp
-1,4,10,17,9,-3,-19,-22,-32,-13,-16,-6,-1,0,-25,-107,handThumbsUp
-6,0,0,5,0,-3,-8,-2,4,-3,-3,-5,-9,-29,23,17,handThumbsUp
5,-1,6,18,52,11,-15,30,1,-1,1,9,12,-46,22,21,handThumbsUp
-1,-4,-4,-9,7,7,17,19,16,13,4,-3,-1,-7,0,40,handThumbsUp
5,-2,-9,-2,3,5,3,5,-57,-42,-13,1,-4,18,8,-11,handThumbsUp
3,10,12,6,1,5,17,14,-14,-4,-11,-10,-6,-57,-34,-10,handThumbsUp
7,4,2,8,0,1,23,4,10,1,-5,0,7,9,17,5,handThumbsUp
14,9,6,2,2,43,-4,3,3,1,-5,-5,1,6,11,9,handThumbsUp
-13,-9,1,4,-3,-17,3,-5,3,1,6,0,7,10,-12,2,handThumbsUp
-20,-7,-4,-4,-12,-22,7,3,11,6,5,10,28,19,26,66,handThumbsUp
14,7,3,5,8,16,33,34,-14,-7,-9,-5,2,-18,-4,-86,handThumbsUp
-11,-4,-2,6,-7,-44,-64,-6,9,8,10,10,7,12,7,1,handThumbsUp
-1,-5,-2,-1,0,-18,-13,24,3,7,5,1,3,-5,10,-1,handThumbsUp
5,0,-3,-7,-1,10,13,9,4,3,3,7,4,-1,12,17,handThumbsUp
-12,-8,-6,-2,-5,-41,-15,2,21,14,9,-2,6,4,14,18,handThumbsUp
29,-3,-5,-6,1,25,24,-28,-4,0,0,0,-1,5,4,2,handThumbsUp
-36,-13,-6,-2,-8,-17,-33,-41,13,3,-2,-1,1,5,0,9,handThumbsUp
-9,0,-2,-1,-1,6,21,-18,5,-4,-5,-7,-7,0,-1,-4,handThumbsUp
21,12,11,-1,2,5,8,5,8,1,3,15,15,31,15,9,handThumbsUp
11,7,10,7,39,76,37,102,5,5,9,9,12,19,48,11,handThumbsUp
-29,-10,-3,-15,-60,-125,-69,-107,3,3,0,4,8,18,30,12,handThumbsUp
-5,-7,-12,-8,-4,-24,-56,-7,6,0,-3,-3,4,6,11,5,handThumbsUp
-9,-6,-6,1,5,-17,-3,-44,1,-4,-6,-5,-4,-2,-4,6,handThumbsUp
-1,3,8,5,2,-1,-12,-14,-22,-8,-3,-7,-26,-18,0,-14,handThumbsUp
-5,1,6,1,2,2,-9,-27,13,5,0,2,0,-2,13,26,handThumbsUp
24,8,-2,0,-2,19,27,23,-13,-4,-2,-2,1,7,13,7,handThumbsUp
-42,-23,-14,-13,-11,-31,-64,-121,12,9,4,2,4,3,6,11,handThumbsUp
9,2,-2,-2,0,0,1,3,-13,-4,-1,-1,13,11,-1,2,handThumbsUp
3,0,-1,-5,-13,6,4,3,5,0,1,0,4,19,18,6,handThumbsUp
6,1,6,16,26,39,18,29,3,-7,-6,-5,-3,-5,-14,-1,handThumbsUp
10,7,7,1,-27,-76,-4,-7,2,6,0,3,4,7,2,4,handThumbsUp
-1,-3,-6,-1,15,35,4,25,-8,-4,-2,-5,6,78,-36,-14,handThumbsUp
-18,-9,-2,2,-1,29,29,6,-54,-29,-20,-6,-20,-78,-94,-66,handThumbsUp
1,1,2,-1,2,0,3,-1,-22,-11,-10,-14,-13,3,13,1,handThumbsUp
-2,-3,0,-2,0,1,0,-1,8,-2,1,0,2,2,22,-5,handThumbsUp
-2,-3,-1,3,5,4,18,-25,-1,0,0,3,4,4,-6,-9,handThumbsUp
28,16,7,6,1,-2,3,37,0,3,7,5,2,9,31,3,handThumbsUp
6,4,0,3,3,8,8,11,-3,-1,0,-2,-2,-3,5,-3,handThumbsUp
10,3,1,2,2,2,7,7,2,2,2,0,2,1,15,33,handThumbsUp
6,-3,1,-1,0,4,0,1,5,2,2,3,4,-49,-30,6,handThumbsUp
4,2,4,0,2,-3,-3,0,5,-5,-9,-5,1,11,11,4,handThumbsUp
-4,0,2,11,30,13,9,-57,3,0,1,-3,-1,4,3,-5,handThumbsUp
6,8,9,-14,-46,6,-32,13,10,4,7,9,6,5,11,6,handThumbsUp
-20,-12,-17,-20,-34,-64,-15,-2,10,0,-3,0,-1,2,-6,9,handThumbsUp
-5,-5,-4,4,8,24,22,12,-16,-5,0,1,-3,7,-4,-1,handThumbsUp
1,1,-1,0,0,-4,-2,-12,7,4,-2,-3,8,6,11,13,handThumbsUp
6,7,5,1,-2,-5,4,32,6,3,3,-2,4,7,3,0,handThumbsUp
14,7,4,1,5,-8,5,-33,13,2,8,11,33,20,16,49,handThumbsUp
-28,-14,-1,-6,-8,-4,6,-7,-7,-4,-6,-4,-19,-128,-53,-12,handThumbsUp
8,3,-1,3,1,-3,3,4,-3,-3,-1,-3,-5,-28,-58,-2,handThumbsUp
2,-1,2,3,-1,-2,-2,3,1,-8,-7,0,-5,-4,8,9,handThumbsUp
19,10,11,7,11,18,42,-25,-1,0,0,0,0,-1,-4,-5,handThumbsUp
-5,1,1,3,8,15,-17,-41,5,-2,-7,0,-2,0,-5,4,handThumbsUp
-5,2,1,4,15,6,14,7,20,12,2,3,6,22,-6,51,handThumbsUp
1,2,1,-3,2,31,-1,5,-19,-1,-1,4,10,-8,-24,-88,handThumbsUp
-3,1,3,4,9,32,7,2,10,4,3,-1,-1,3,-4,-1,handThumbsUp
2,1,2,1,5,2,1,5,9,5,0,0,0,-2,2,1,handThumbsUp
-7,3,-6,-2,-6,-4,44,84,1,0,-2,-1,-1,-5,2,-1,handThumbsUp
-38,-34,-12,-9,-16,13,-9,-29,1,0,-3,-1,1,-1,5,11,handThumbsUp
-2,-4,-2,1,9,5,4,0,-16,-6,-4,3,13,20,-26,-37,handThumbsUp
13,7,-1,-1,-2,3,9,19,0,3,2,1,6,16,11,22,handThumbsUp
5,-1,-3,8,18,57,53,22,4,0,-1,7,7,8,2,3,handThumbsUp
-13,1,11,22,9,-128,-27,-55,2,1,-3,3,-1,6,2,1,handThumbsUp
3,2,7,-1,-10,-14,-19,22,14,4,7,5,4,4,19,20,handThumbsUp
-7,-6,-12,-25,-22,-5,-9,8,-15,-7,-1,0,-1,4,-9,-28,handThumbsUp
2,2,-1,-1,0,2,-1,0,6,2,3,6,21,86,7,74,handThumbsUp
2,-1,2,-3,0,-3,-3,0,-34,-27,-12,-14,-20,-36,-36,-93,handThumbsUp
-12,-7,-8,-10,-6,-4,-12,-3,4,1,3,0,0,2,-8,-2,handThumbsUp
-1,5,8,10,-2,-3,-6,-20,-1,-6,-12,-6,-4,0,-1,-4,handThumbsUp
-14,-5,-7,-9,-2,-3,-19,-6,9,3,15,11,2,-1,3,5,handThumbsUp
6,1,-3,0,-5,10,16,17,6,7,5,3,8,13,54,24,handThumbsUp
15,6,1,-5,-25,5,10,23,4,-1,-3,1,8,31,12,27,handThumbsUp
8,0,0,-1,5,7,-5,-2,-4,0,6,7,-2,-4,-21,-30,handThumbsUp
-2,-3,0,-2,-1,-3,-21,-49,-3,-4,-2,16,42,10,1,5,handThumbsUp
-8,-3,1,-2,-2,-4,2,-15,5,-3,-8,-19,-14,25,4,13,handThumbsUp
-10,-7,-2,-4,7,-4,-3,7,7,5,3,1,4,1,2,4,handThumbsUp
-6,-7,-6,-10,-25,15,7,-10,2,4,3,2,-3,4,2,5,handThumbsUp
13,8,10,8,-1,30,15,8,4,0,1,1,0,0,2,2,handThumbsUp
5,6,5,9,7,-19,-19,-30,-2,-4,0,-1,2,-4,-1,-3,handThumbsUp
-5,-8,-5,-3,4,5,5,1,-35,-20,-12,-11,-3,-5,2,10,handThumbsUp
4,1,-3,0,2,6,14,19,5,4,1,0,3,0,-11,17,handThumbsUp
15,4,7,3,7,19,61,19,10,9,2,1,0,8,8,15,handThumbsUp
-5,-3,-3,0,-11,6,4,14,12,7,8,8,4,5,7,6,handThumbsUp
8,14,9,17,23,34,-100,-99,-5,-3,-9,-2,0,-1,-4,-5,handThumbsUp
-85,-42,-25,-19,-35,-128,-21,-86,7,8,11,4,6,7,22,14,handThumbsUp
6,-2,2,-2,2,5,2,4,6,-1,-1,2,5,9,21,50,handThumbsUp
1,-1,-2,-3,-3,4,1,0,8,3,12,10,3,0,28,9,handThumbsUp
-1,3,-1,-1,-3,-2,-2,-2,-13,1,3,6,13,36,33,1,handThumbsUp
-3,-5,0,-3,0,-2,-1,-2,3,4,0,-2,8,1,-36,-3,handThumbsUp
-9,-8,-4,-2,-2,-6,-2,36,8,5,2,-11,-33,0,6,5,handThumbsUp
2,-2,-1,-4,7,30,54,32,4,1,1,1,5,14,6,3,handThumbsUp
3,-7,-13,-3,-12,-73,-50,-40,-18,-11,-13,-13,-7,7,-19,-8,handThumbsUp
-13,-9,-2,-8,-23,18,-12,5,-12,-7,-3,0,-5,-71,3,14,handThumbsUp
3,-5,-7,-1,7,15,21,8,-3,-6,-6,-5,-3,12,-5,11,handThumbsUp
13,3,11,9,4,4,15,28,2,2,-1,2,0,3,3,9,handThumbsUp
5,6,5,7,9,14,29,-3,-12,-2,-1,4,10,11,-20,10,handThumbsUp
3,5,0,-4,-4,13,-6,-37,-11,-5,-5,-4,3,-4,26,3,handThumbsUp
6,0,1,2,1,-3,4,1,3,1,8,5,8,2,1,-4,handThumbsUp
4,6,3,5,14,40,22,2,-12,-5,-1,-3,7,7,2,2,handThumbsUp
-3,-13,-16,-19,-17,-14,-35,-8,15,1,-1,4,15,-24,45,19,handThumbsUp
11,7,2,-4,-7,-12,-22,-7,-4,-3,-5,-16,-16,64,-18,0,handThumbsUp
4,0,0,0,1,2,1,0,-22,0,9,3,-3,-14,11,-67,handThumbsUp
-4,2,-3,-3,-2,-5,-9,-16,-35,-10,-7,-5,-4,0,-5,-10,handFlip
-8,7,7,8,-4,11,6,3,5,2,2,1,0,-1,-1,7,handFlip
-12,-10,-8,6,18,-3,-12,-10,3,-1,-3,-5,-1,1,0,0,handFlip
37,6,8,1,1,-5,2,27,4,3,-2,-1,2,1,-4,4,handFlip
-40,-9,-9,-8,-10,-7,-11,-26,13,7,9,2,5,5,6,-1,handFlip
-6,-5,-5,2,3,-4,-14,-6,11,3,5,4,2,-10,0,13,handFlip
9,-3,-1,1,-3,-1,-1,14,-8,-4,0,1,2,2,-6,-2,handFlip
17,2,-1,-2,2,2,7,25,-1,-2,-3,1,2,3,0,-21,handFlip
-21,-3,-1,2,2,0,1,-44,7,-1,-2,7,19,3,1,13,handFlip
-13,3,0,-2,-4,0,-5,-39,-2,-2,5,3,2,0,-1,-3,handFlip
8,1,6,6,0,-9,-2,8,8,1,3,13,13,7,-2,7,handFlip
3,1,0,-1,2,0,-2,-1,-22,-4,-6,-10,-11,-1,-7,-25,handFlip
-2,-3,-3,-5,-1,-1,4,-1,24,2,-7,-1,2,4,1,32,handFlip
-40,0,2,0,-1,5,3,-32,5,-5,-1,-1,-4,-6,-8,-1,handFlip
-46,-11,1,2,0,-8,-23,-91,7,5,5,3,2,-1,-3,-4,handFlip
5,0,-5,0,0,-2,-11,-5,6,-5,5,4,-1,-1,8,15,handFlip
17,4,4,1,1,3,1,16,-5,-5,-3,-3,-6,-3,0,2,handFlip
-3,4,6,2,5,2,2,-5,2,2,0,-4,4,-5,-5,0,handFlip
36,6,-1,2,7,-5,7,30,17,6,4,4,2,1,8,25,handFlip
-1,0,-2,-16,-39,-1,1,-29,14,4,-5,-3,1,4,7,18,handFlip
-29,-10,4,5,3,-4,-11,-17,3,2,-1,-1,1,-4,-3,12,handFlip
4,-3,-2,-3,-1,0,7,7,12,12,5,0,2,-3,3,-31,handFlip
-3,-1,-4,5,-3,5,1,1,-15,-4,-4,-4,-8,-6,-4,-22,handFlip
-6,-6,-5,-10,-18,-8,-6,-5,-15,-6,-2,-2,5,-7,-4,2,handFlip
-4,-4,1,4,12,2,-4,-8,5,6,3,3,1,3,2,5,handFlip
8,2,0,-1,1,2,1,1,-16,-4,1,5,-7,-4,-5,7,handFlip
3,-1,0,3,-2,-3,-8,7,-13,0,-1,4,1,-5,-12,-25,handFlip
1,0,3,-6,0,-2,9,-4,33,-1,-3,4,15,3,4,61,handFlip
18,0,-4,0,1,8,4,21,-30,-4,-8,-14,-23,-14,-16,-38,handFlip
20,-3,-6,-5,-7,2,2,39,-3,-4,-3,0,-1,-1,-10,-1,handFlip
-21,0,2,2,-2,-4,-7,-21,4,2,0,1,-1,2,8,1,handFlip
14,1,3,1,4,4,9,17,-4,-5,-5,-4,-1,-2,7,0,handFlip
16,-3,-3,4,6,8,17,20,-4,4,2,3,-10,-4,-3,1,handFlip
-7,0,0,0,5,3,6,-4,-27,-6,-9,-8,-10,-13,-9,-25,handFlip
54,12,4,9,14,11,7,71,17,-2,-1,-1,4,3,6,15,handFlip
-58,-8,-10,-10,7,-2,-22,-128,6,1,1,-6,1,-2,-7,-10,handFlip
7,5,1,0,12,-1,4,34,6,4,7,6,2,1,-2,2,handFlip
3,-1,-6,-4,0,1,4,3,6,0,1,2,6,-2,1,11,handFlip
-3,-1,2,1,2,0,0,-5,-14,-3,1,1,-4,2,-4,-26,handFlip
0,-2,0,4,1,12,34,-8,-5,0,2,1,5,0,1,-15,handFlip
-5,-4,-2,8,0,-5,-6,-2,-28,-7,-5,-2,-5,-3,-3,-33,handFlip
-2,-6,-5,-3,-4,-4,-9,21,4,2,6,3,3,1,4,2,handFlip
4,-1,3,4,1,1,1,14,-2,-4,-3,0,1,4,2,1,handFlip
7,0,5,4,0,1,8,-5,-1,0,1,-12,1,2,-6,-4,handFlip
0,3,-6,-4,1,-3,-9,-5,-7,-8,-7,-10,-9,-1,0,-1,handFlip
2,1,1,7,7,5,-2,7,8,-4,-8,-9,-19,-12,-4,41,handFlip
12,4,7,2,-5,-1,-2,10,-4,0,1,-1,-3,-10,0,-51,handFlip
5,2,4,7,10,0,5,-2,15,-1,-4,3,4,10,7,28,handFlip
-50,-5,-3,-8,6,-3,-7,-64,13,2,4,6,-1,-1,5,7,handFlip
11,4,-1,0,3,11,-3,2,-1,-1,3,11,10,5,8,9,handFlip
5,3,1,9,3,-7,5,7,8,-4,-8,-18,-5,-10,-7,25,handFlip
5,4,8,-6,-2,0,1,-3,-12,-4,1,-3,-15,-5,-5,-24,handFlip
2,-1,-1,-5,-9,-10,9,15,33,3,-2,3,8,2,2,55,handFlip
-57,-11,-3,0,2,-4,-9,-89,0,0,0,0,0,-1,-3,-6,handFlip
2,6,-3,5,5,1,4,6,28,6,0,-3,-6,-4,2,26,handFlip
4,1,0,0,-3,4,0,4,-11,4,8,4,13,4,-4,-48,handFlip
4,3,4,3,-2,0,2,0,-94,-23,-16,-17,-26,-16,-26,-128,handFlip
5,3,0,4,5,2,2,10,4,2,5,1,3,0,0,-4,handFlip
16,-1,-3,-8,-6,-6,5,17,1,3,2,0,0,-3,0,-1,handFlip
20,3,-1,-1,-3,4,8,20,-2,0,-5,-1,0,-2,-2,-3,handFlip
-17,-3,1,0,-4,-3,-3,-12,0,1,3,2,-2,-3,-3,-2,handFlip
-6,-4,-8,-9,-4,-4,-3,-3,-5,2,0,3,11,4,3,-11,handFlip
-3,1,-3,-1,1,5,25,-12,25,2,-1,-5,-8,-1,11,63,handFlip
3,-2,-5,-1,-5,0,0,-1,-29,-7,-3,-7,-7,-11,-12,-56,handFlip
2,0,0,9,6,0,0,3,-33,-9,-5,-2,1,-4,-6,-31,handFlip
5,4,-1,3,4,-3,2,12,-4,-8,0,2,1,-1,-2,-11,handFlip
9,9,11,3,0,2,5,10,40,5,2,7,19,10,1,42,handFlip
2,-6,-7,-4,-3,-1,0,6,-51,-5,-8,-17,-43,-14,-10,-65,handFlip
1,3,-1,-1,-2,0,1,3,-25,-21,-13,-12,-6,-6,-17,11,handFlip
18,6,6,-2,-5,0,-5,48,7,1,-1,1,3,0,2,3,handFlip
-25,-5,-5,-3,-1,-14,-9,-36,2,-4,-1,1,0,3,0,-1,handFlip
6,-3,-4,2,7,0,-3,6,-3,-1,-3,2,-1,0,-2,-5,handFlip
13,2,0,-5,-6,-3,4,15,-3,0,0,1,1,3,-1,-10,handFlip
8,7,2,-13,-26,-11,-20,-9,15,0,-2,-1,4,2,-1,15,handFlip
-13,-1,-2,0,3,-1,2,-40,7,3,6,-1,4,1,3,9,handFlip
-30,-18,-13,-6,-1,-2,-17,6,-1,-2,-1,-3,-1,-3,0,4,handFlip
12,11,10,-4,1,3,6,14,0,-2,-1,-1,-3,2,-2,-1,handFlip
1,-5,-2,-5,2,4,7,5,-14,-3,-3,-3,-3,-2,-3,4,handFlip
21,13,10,6,19,14,14,22,12,2,1,1,2,-1,3,13,handFlip
-9,-3,-2,1,-5,-1,-2,-33,12,3,-2,0,0,0,-3,9,handFlip
-16,-13,-6,-7,-10,-10,-19,21,10,2,6,0,2,0,2,9,handFlip
1,-4,-2,-3,-4,-2,0,1,19,0,-2,1,-8,0,-3,-1,handFlip
-1,-5,-1,1,0,-2,-2,0,-55,-31,-21,-25,-24,-23,-53,-57,handFlip
-6,-5,-3,0,5,4,3,-5,0,0,0,7,2,-4,0,10,handFlip
3,6,6,2,8,-5,-10,-10,11,-1,-6,-1,4,-2,-4,-4,handFlip
16,9,1,1,5,5,6,16,-3,-4,-6,-5,-2,-3,-3,-1,handFlip
6,6,11,6,3,0,2,8,1,-1,2,2,9,6,8,1,handFlip
-3,-3,-5,1,-1,3,3,-1,12,3,1,1,-9,-4,8,20,handFlip
-4,-1,-2,-1,-3,-2,2,-5,34,12,8,7,3,5,4,0,handFlip
-100,-27,-21,-30,-22,-19,-34,-109,7,0,1,0,2,-1,3,4,handFlip
10,2,-3,-1,8,4,2,21,1,1,2,-2,-1,0,-3,-8,handFlip
19,5,3,5,6,5,9,24,-1,2,0,1,-3,0,0,-4,handFlip
7,0,0,0,-2,-1,2,18,-1,0,2,3,0,0,0,0,handFlip
-5,-3,-2,-5,-1,-2,0,-3,9,3,2,-3,15,4,8,18,handFlip
-2,1,1,1,-1,0,-1,-3,-20,3,5,-2,-19,2,1,-27,handFlip
-3,-2,-3,3,2,-3,-3,-10,-12,0,3,0,0,-5,1,4,handFlip
-4,-9,-7,9,5,-3,5,1,2,-5,-3,-1,-5,-3,2,3,handFlip
4,-1,-2,1,4,3,6,7,-3,0,6,1,-4,-5,-2,3,handFlip
8,3,-2,0,-1,0,2,7,57,7,-4,-9,-14,1,5,100,handFlip
1,-2,0,-3,1,1,1,4,-68,-12,-7,9,11,-4,-43,-83,handFlip
-3,-4,-5,2,-2,-4,3,0,-33,-5,-3,9,21,-5,-11,-104,handFlip
-33,-10,-8,-21,-38,-15,-8,21,1,-1,1,2,-4,3,-2,-2,handFlip
18,2,2,-2,-5,1,7,20,-3,0,1,3,0,-1,0,-4,handFlip
16,3,-2,-1,-1,5,6,18,-6,-8,-8,-3,-1,-1,-3,-6,handFlip
0,0,0,-2,4,1,7,14,-17,-1,1,1,-2,-8,-33,-82,handRock
5,-2,1,-3,2,2,5,8,-15,0,-1,3,1,-8,-20,1,handRock
5,1,3,5,1,-3,-4,-12,-9,-9,-8,-6,-5,0,-4,-4,handRock
4,1,-2,-6,-22,-1,-4,8,5,4,3,2,8,4,8,-10,handRock
9,5,0,6,4,0,4,25,-19,-6,-7,-12,-22,-11,-19,-77,handRock
3,2,1,1,7,0,0,-1,-16,-13,-9,-9,2,-1,-4,-20,handRock
4,3,2,8,13,4,4,24,-1,-10,-10,-12,-13,-2,-4,-22,handRock
3,-5,-3,-5,4,-1,-7,-22,-12,6,5,9,5,-5,-5,-9,handRock
3,0,-3,1,-1,3,2,4,4,3,1,1,4,5,1,-1,handRock
2,1,2,-2,3,3,-1,3,19,2,2,-2,22,5,10,17,handRock
4,4,2,8,8,3,1,-1,5,2,3,-8,-30,-1,2,-6,handRock
9,1,-1,1,2,1,4,15,-4,6,2,5,4,2,7,-26,handRock
1,1,1,-1,1,-1,-6,-17,-21,-5,-3,2,0,-3,-1,-11,handRock
6,1,3,2,2,3,3,13,24,5,4,3,6,7,29,88,handRock
-4,-1,-4,1,0,-5,-14,-42,-12,-5,-5,-7,2,-5,-14,1,handRock
5,2,3,3,13,2,6,7,6,5,5,9,-5,1,17,12,handRock
-11,-3,-4,-3,1,3,0,12,-4,-7,-4,-2,-7,-4,6,14,handRock
6,5,4,2,0,3,4,-1,2,-3,0,-4,0,-2,-5,-18,handRock
2,1,2,3,7,3,1,3,-2,-1,-3,-4,1,-2,-1,1,handRock
-19,2,6,-6,2,-6,-8,-12,1,-4,-3,-1,-2,-3,-3,-1,handRock
-14,-7,-7,-6,0,-2,-2,-2,15,4,0,2,0,5,21,23,handRock
3,-1,-4,-2,-2,-2,0,6,1,1,-2,-1,0,-1,2,0,handRock
7,0,2,1,-1,-1,6,5,10,-4,-1,-1,2,-2,8,65,handRock
15,4,8,10,33,15,22,36,-21,-6,-4,-5,-5,-10,-37,-128,handRock
6,1,-3,-23,-38,-10,8,20,-12,-3,-5,-3,-1,-8,-15,-6,handRock
15,5,-9,-8,-5,1,11,19,-2,0,1,3,7,1,3,2,handRock
-33,-11,2,1,5,-2,-5,-13,-4,2,-1,-4,3,1,-1,-8,handRock
3,1,2,1,-1,-2,0,-1,4,-1,-2,0,1,1,-3,0,handRock
-3,-12,-11,-5,-2,-3,0,-5,5,2,-1,-2,1,-3,2,-1,handRock
19,14,21,7,2,7,27,80,2,-1,-5,-9,12,-3,3,28,handRock
-29,0,6,24,11,-6,-48,-128,-5,-3,-5,-9,-24,-7,6,13,handRock
-7,0,7,4,4,1,0,-2,0,-2,-7,-6,-2,0,4,4,handRock
1,-2,-2,0,3,0,1,-1,9,-1,3,2,8,5,2,0,handRock
2,-2,-3,-2,1,-2,1,-4,-5,-5,-3,-5,-3,-2,0,-8,handRock
1,-1,-3,-1,-3,-2,-3,-7,7,6,1,9,3,-2,0,4,handRock
-6,-12,-3,-1,2,0,10,44,9,3,-3,-2,-4,-1,1,3,handRock
-30,-13,-6,5,-1,-8,-25,-128,3,3,3,4,-2,-2,-4,-1,handRock
1,3,-1,-5,2,0,7,47,8,0,0,4,3,2,3,18,handRock
5,2,0,-2,-3,-4,-4,15,9,1,2,1,6,-3,7,27,handRock
2,2,3,4,0,2,5,-3,-4,-1,-3,1,3,0,0,-8,handRock
5,4,4,-2,-6,0,3,33,-3,-1,0,-1,6,-3,0,-3,handRock
-16,-3,-4,0,4,0,-16,-92,-14,-8,-7,11,17,-1,-17,11,handRock
3,9,11,11,18,4,-1,-77,25,3,-9,-32,-40,-9,13,34,handRock
9,1,-1,5,13,5,4,5,-33,-12,2,-7,-25,-5,5,9,handRock
-3,-4,-1,4,10,6,4,-2,4,2,0,4,6,4,4,11,handRock
6,3,1,3,5,-3,2,-4,-3,-2,-8,-1,3,1,-6,-9,handRock
1,-3,-3,0,-6,-1,1,-2,-3,-5,-8,-3,-4,-6,-5,1,handRock
2,-8,-7,-10,-12,-3,5,1,1,-8,-7,-2,-3,-2,-6,2,handRock
-14,-6,-3,1,1,1,-3,-4,6,9,12,1,4,-1,-6,1,handRock
8,1,-4,-1,-1,-1,-3,-1,4,-1,-1,-1,0,3,5,7,handRock
-16,-2,1,3,-1,-1,1,-3,0,0,-2,-4,0,0,-7,-34,handRock
-11,-5,-1,-2,1,-5,-16,-71,-7,9,6,6,1,-4,-2,-49,handRock
-11,-7,-5,-3,-3,1,-1,2,4,0,3,3,2,1,12,59,handRock
7,9,2,3,7,5,6,-8,1,-4,-7,-18,-55,-10,1,10,handRock
-13,-1,3,-1,-7,-3,-23,-128,-1,-1,-7,-8,2,-3,1,7,handRock
1,-3,2,4,4,-4,-1,0,6,4,8,8,3,3,6,9,handRock
0,0,1,3,2,3,3,9,3,-1,1,7,13,1,5,6,handRock
-5,-2,-8,-1,-1,0,1,10,-9,0,1,-2,-2,2,-2,-35,handRock
3,-10,-1,-2,1,-4,-2,-12,-14,-4,-3,-2,-1,-1,0,2,handRock
3,1,-1,3,2,3,3,-3,14,11,6,6,1,0,0,9,handRock
10,0,2,10,9,6,-2,-20,3,-4,-1,-1,0,-2,0,3,handRock
-13,-5,-7,-1,10,-8,-27,-13,-5,-2,-8,-9,-11,-4,-2,-1,handRock
8,-2,-7,-3,6,7,8,1,6,5,4,1,8,-1,0,3,handRock
-2,1,-2,1,3,2,-1,0,5,-1,-1,-2,-10,-2,2,0,handRock
3,-4,-5,1,-1,2,4,6,3,1,1,6,6,-1,-3,-1,handRock
3,1,-3,-6,-4,-1,-6,2,-34,-17,-15,-7,-11,-14,-43,-111,handRock
6,-2,7,12,3,5,10,101,-2,-1,-1,-1,0,2,7,-9,handRock
10,2,-1,-6,-19,0,6,12,7,4,1,4,6,4,9,-4,handRock
-1,-3,-4,-4,-1,0,4,9,4,2,4,2,9,-2,6,19,handRock
5,1,-2,-1,8,1,1,2,1,0,3,4,1,-3,-1,0,handRock
0,0,1,1,0,3,0,-2,-7,-5,-5,-1,2,-7,-9,-3,handRock
-1,4,2,-2,0,4,2,-8,-6,-3,3,2,-2,-10,-18,-12,handRock
-1,-1,1,-2,-5,-5,-17,-9,-4,-5,-8,2,-5,-2,-1,-1,handRock
-4,-4,-3,-1,1,-1,-1,0,6,1,-5,-4,5,5,14,38,handRock
11,5,10,6,-3,-1,3,-3,-8,-7,-1,-6,-8,-4,-2,3,handRock
5,4,2,-1,-4,0,5,14,-22,-10,-7,-2,3,-3,-23,-106,handRock
3,3,-3,0,1,0,3,3,11,6,-2,-10,-22,-6,0,13,handRock
-1,-4,-5,-3,2,-1,-7,-2,-3,-1,-7,-4,1,0,2,1,handRock
3,2,5,10,5,1,4,4,12,5,8,2,6,7,12,15,handRock
18,4,6,7,13,1,2,4,-9,-3,-3,-7,-6,-10,-14,-5,handRock
-35,-11,-6,-16,-57,-10,-3,-5,-6,-3,0,1,0,0,-1,-8,handRock
-5,-7,-8,-3,3,-2,1,-1,8,7,4,6,5,2,-2,-1,handRock
4,-6,-7,-8,-6,-3,1,6,7,9,11,6,4,3,0,0,handRock
9,1,3,-1,-1,7,21,69,3,2,-2,2,3,3,10,5,handRock
-13,-7,-9,-1,-4,-9,-20,-22,0,-4,-4,4,2,1,-6,0,handRock
-5,-6,-6,-8,-3,-3,0,-4,6,1,-4,-2,-1,-3,5,7,handRock
0,4,8,2,1,-2,4,12,0,1,2,-3,-3,0,1,2,handRock
-6,-1,1,4,0,1,-2,-3,2,-4,-1,2,1,2,4,2,handRock
-3,-1,-7,-4,2,-1,3,-1,6,-2,-5,-3,-4,3,5,1,handRock
-1,5,4,0,-5,-2,-1,-24,11,5,6,4,7,3,15,40,handRock
12,5,2,1,5,5,14,43,10,3,5,18,24,8,-5,-7,handRock
-17,-14,-13,-8,-5,-6,-18,-41,-12,-10,-13,-20,-19,-9,-7,-7,handRock
-5,1,0,0,0,-7,-11,-51,-5,-6,-1,-6,-19,-3,1,3,handRock
-3,0,-1,-1,-3,1,5,-13,-1,6,-3,-1,1,-2,-4,-1,handRock
-1,1,3,0,1,-2,-1,-2,-1,5,1,-3,-1,-2,1,-1,handRock
5,0,4,7,5,2,3,2,-2,-4,-4,-2,-3,-4,-6,-2,handRock
-2,-8,-7,-1,3,0,-1,5,20,1,2,3,5,7,27,127,handRock
-33,-13,-13,-11,-13,-26,-68,-60,-16,-7,-3,-3,16,-3,2,4,handRock
-20,-7,-4,-3,-3,-8,-16,-55,8,-3,3,3,2,0,6,20,handRock
12,-1,2,6,1,3,9,33,4,0,-3,-6,-7,-6,-1,0,handRock
-17,7,-3,2,9,2,-8,-82,10,5,4,0,-6,1,10,9,handRock
2,-2,-1,1,5,3,-3,1,4,3,6,12,2,-1,4,1,handRock
0,-2,-3,-3,0,0,2,-3,-1,-2,-7,1,1,1,9,-3,handRock
0,-4,-3,-1,0,0,-2,-3,-2,-5,-2,-2,-1,-7,-21,-9,handRock
6,1,3,-1,-2,6,10,9,11,8,12,3,9,3,1,17,handPeace
-11,-3,-3,-3,-2,-2,-1,-24,4,0,2,3,0,-2,0,7,handPeace
-18,-2,-7,-6,-8,-5,-4,-26,4,1,-1,1,1,0,4,5,handPeace
-13,-9,-9,-7,-3,-2,-9,9,-11,2,-4,-10,-18,-5,-7,-17,handPeace
28,-2,-2,0,0,1,7,40,-1,-11,0,2,11,3,-2,7,handPeace
12,0,-2,-2,-7,0,5,5,6,6,7,4,1,2,2,-7,handPeace
8,-1,-3,-3,-14,-3,2,6,-13,0,0,0,0,-2,-8,-11,handPeace
-13,1,0,8,15,1,5,-6,3,1,1,-4,-2,-2,-7,-7,handPeace
-5,-4,-5,-7,-17,-4,0,-7,7,0,-1,-3,-1,2,0,12,handPeace
-9,-6,-3,-5,-2,-1,3,10,-1,1,-3,-3,-1,1,1,3,handPeace
-15,-8,-8,-3,-3,-2,-2,-10,6,1,-3,-2,-3,-3,4,8,handPeace
1,6,5,3,2,2,0,14,7,3,1,1,-3,2,4,-1,handPeace
-59,-5,5,-3,0,-1,-5,-48,49,3,1,-2,0,4,0,20,handPeace
-43,-4,-3,-1,7,0,-2,-4,3,8,6,1,-5,0,8,-25,handPeace
37,4,5,-2,-14,-4,-4,30,52,6,2,6,8,2,4,49,handPeace
-35,-10,-5,-1,2,-6,-10,-57,23,-1,-1,0,7,1,-3,-10,handPeace
-48,-6,-4,-1,2,0,5,-38,-5,-1,-6,-10,-31,-18,-5,-8,handPeace
-3,2,-3,2,-4,11,2,7,-1,5,-2,-3,-1,6,-1,6,handPeace
-2,1,2,-5,0,1,4,17,-4,5,9,8,-1,-6,-1,-7,handPeace
21,0,2,2,2,1,-1,3,-7,-4,-9,-1,-6,-5,-3,-3,handPeace
-21,-5,-4,1,-2,-3,-3,-39,-9,0,1,-3,2,3,8,1,handPeace
-5,-7,-2,-4,-3,-4,-5,-11,51,6,4,-2,-3,-3,9,28,handPeace
-8,2,-3,1,0,3,0,-5,-46,-12,-9,-4,0,-5,0,-23,handPeace
3,7,5,4,3,4,4,9,21,4,7,3,-14,-2,6,0,handPeace
1,2,1,1,-2,0,1,5,-40,-19,-11,-2,1,-3,-11,-10,handPeace
5,-3,-6,1,2,1,0,2,2,0,-3,-2,-2,-3,-1,0,handPeace
18,4,-1,0,-1,1,6,11,0,-3,-4,-6,1,3,-1,-1,handPeace
2,0,1,-1,-1,-2,3,1,-3,-1,4,1,-1,2,0,0,handPeace
3,3,-2,-2,-1,-2,-4,-6,16,2,-2,0,-3,4,8,35,handPeace
-20,16,10,3,14,13,12,-87,6,1,3,2,0,4,3,3,handPeace
13,-4,6,13,9,0,-8,47,3,1,3,3,0,3,3,-1,handPeace
10,-6,-1,0,-5,0,4,9,1,0,-4,-2,2,0,-1,-3,handPeace
-9,4,-2,1,7,-2,0,-2,1,3,1,-1,-1,3,0,-4,handPeace
-2,-1,1,-4,-2,0,-4,-3,21,6,-3,-1,12,6,-1,60,handPeace
-3,-1,1,1,1,-4,-2,-3,-47,-16,-5,-6,-12,-15,-36,-74,handPeace
-6,-7,-10,-6,-4,0,-2,-4,-7,-6,-7,-6,-8,-5,-4,13,handPeace
1,4,7,5,-3,3,0,-7,13,5,0,4,5,3,11,15,handPeace
17,0,-1,1,1,1,5,5,-4,-6,-7,-3,2,3,3,-4,handPeace
-26,-1,0,2,0,-3,-1,-4,26,8,0,1,7,6,12,22,handPeace
6,-1,-4,-3,-2,-2,0,3,-31,1,-2,-3,8,-4,-5,-38,handPeace
3,-2,-1,-5,-1,0,1,2,-17,-10,1,-3,-18,-8,-18,-74,handPeace
-24,-8,-3,-3,-4,-4,-7,1,-1,0,-2,0,-1,1,3,0,handPeace
20,6,2,2,4,5,7,12,3,2,0,-1,-1,0,1,0,handPeace
4,1,-2,1,0,2,2,8,-1,-5,0,-1,-3,-3,-1,-2,handPeace
9,1,2,-1,3,1,5,3,7,-2,-3,-1,-2,-2,-2,6,handPeace
12,7,2,12,8,6,18,10,17,-1,4,2,6,0,4,9,handPeace
-15,1,8,19,38,7,-5,0,1,2,1,-1,4,2,3,7,handPeace
-23,-9,-7,-11,-33,-13,-5,0,8,-2,-2,2,6,3,0,3,handPeace
-1,-7,-4,-4,3,2,-1,-13,3,4,5,0,1,2,0,1,handPeace
-1,0,0,0,-2,-3,-3,-1,-4,-1,-3,-2,4,-2,-3,9,handPeace
-3,-8,-5,-9,-2,-2,-4,-3,26,-7,-2,-3,-15,-7,-13,34,handPeace
-3,-3,2,0,0,5,8,-3,-22,-25,-19,-9,-6,-7,-14,-12,handPeace
24,12,5,10,3,-1,0,10,-20,-1,-2,-1,-3,-5,-4,3,handPeace
6,1,0,0,1,4,8,5,1,0,3,-3,-2,-3,0,-1,handPeace
9,5,-1,-2,1,4,2,6,-4,-4,-7,-4,0,-5,-3,-5,handPeace
7,2,2,-3,-2,2,2,4,-5,-1,6,5,1,2,-1,-17,handPeace
4,-2,1,-1,-1,-3,0,-1,-5,-5,-3,-4,-7,-13,-36,-21,handPeace
17,9,2,7,5,5,10,18,12,3,-1,2,10,1,8,16,handPeace
-5,4,0,5,17,8,0,-16,24,8,5,3,4,3,7,13,handPeace
-39,-9,-6,-11,-56,-8,-16,-45,14,9,8,5,2,5,5,9,handPeace
-32,-34,-14,-11,-16,-18,-27,-45,9,0,0,2,2,0,0,3,handPeace
-2,-5,-3,-4,0,-3,-5,-1,3,2,-3,-11,3,-4,2,0,handPeace
-6,-4,-2,-4,-4,-4,-6,-5,6,-6,-5,-17,-58,-11,1,12,handPeace
2,3,-1,1,4,-1,-6,-5,12,-7,-6,-7,-18,-8,-2,38,handPeace
-12,-3,4,9,15,-2,-3,-10,-52,-12,-3,2,4,-2,-15,-49,handPeace
-23,0,4,-1,-5,-2,-2,-12,13,9,2,2,2,-1,-9,-1,handPeace
33,3,-1,-1,7,3,3,9,11,6,3,-1,0,-8,-14,4,handPeace
-33,-6,-3,-1,-1,0,-4,-8,0,-5,-8,-2,-2,0,-1,1,handPeace
-6,1,1,2,1,5,7,-2,-41,-11,-3,-2,-2,-6,-17,-32,handPeace
3,-2,-6,1,1,-1,5,1,6,0,0,0,0,-1,-6,0,handPeace
7,3,2,1,-2,-2,0,0,-16,-2,-4,-1,-5,-5,-5,-5,handPeace
8,4,3,0,1,2,0,2,2,2,4,4,1,2,2,10,handPeace
3,-3,-3,-4,-3,-3,-1,1,-5,3,2,3,-5,2,2,-8,handPeace
-16,-5,-6,-8,-5,-5,-20,-5,11,-4,-2,-3,-3,1,1,-1,handPeace
-6,-9,-1,2,0,-6,-6,-22,1,0,0,-2,-3,2,3,1,handPeace
19,-3,1,-2,-20,-4,-1,29,1,0,-2,-1,2,3,-2,-1,handPeace
-19,-2,-4,-2,1,0,-4,-17,2,1,2,1,0,1,1,1,handPeace
9,0,-6,-7,-1,4,12,4,41,3,-2,4,-4,-2,3,21,handPeace
85,24,19,18,15,13,20,64,15,12,6,1,6,3,12,13,handPeace
-112,-19,-11,2,15,-14,-56,-117,7,1,-3,-3,3,4,4,6,handPeace
18,-23,-13,-16,-40,-17,-9,0,9,7,6,3,4,-2,-1,5,handPeace
-3,-1,-1,-1,0,0,-1,1,-4,3,-1,3,-4,2,4,6,handPeace
0,1,-1,-2,1,-1,-3,-2,5,1,1,-1,-4,-3,-1,2,handPeace
-4,-3,-9,-5,-2,-1,-3,0,-18,-5,-4,0,0,-2,2,-4,handPeace
-5,-2,1,0,7,-1,-7,-15,2,0,2,0,-3,1,7,-1,handPeace
-4,-6,-1,-3,0,-2,0,17,10,2,3,-1,-2,-5,1,17,handPeace
22,-13,-14,-7,-2,-4,-9,-9,9,0,-8,-3,2,2,-1,-3,handPeace
-15,1,-3,2,1,2,3,-8,8,-2,-5,-9,-10,4,5,8,handPeace
-3,1,2,0,-3,0,3,-10,-21,-9,-6,-2,-5,-12,-20,-19,handPeace
-24,-1,-5,-3,3,-2,-4,-14,-13,5,7,5,7,1,4,16,handPeace
1,-1,-4,-5,1,0,2,15,14,1,-3,2,6,2,5,0,handPeace
35,0,2,1,4,3,7,29,-8,-4,-3,-3,-2,0,-2,0,handPeace
-34,5,1,-10,-13,-4,-6,-23,4,5,3,2,2,-2,-3,0,handPeace
7,-5,-2,-3,-2,-2,-2,-4,-11,-4,-2,-6,1,0,14,7,handPeace
-3,2,3,-2,-3,-2,0,5,61,5,3,0,0,4,8,34,handPeace
-4,-1,0,-3,1,1,-6,3,-101,-6,-4,0,-3,-6,-17,-78,handPeace
19,0,4,2,1,5,8,20,38,6,6,3,2,1,6,24,handPeace
-10,-3,-4,-4,-4,-1,-1,4,-2,-4,0,2,-1,0,-4,-4,handPeace
6,-6,-5,-5,-2,1,1,3,0,-2,2,1,1,1,4,5,handPeace
5,8,8,4,-1,4,6,0,-2,3,5,0,-2,1,5,0,handPeace
-7,-8,-6,-5,-5,-3,-9,-39,-6,-2,-1,0,1,2,-1,6,handPeace
-3,-4,-3,-1,0,-3,-9,3,-62,-8,0,1,-1,-7,-17,-45,handPeace
-3,1,3,2,5,1,0,0,19,3,3,1,2,2,5,24,handPeace
25,10,10,2,-28,0,9,14,-4,-11,-6,-8,-2,-4,-7,-4,handPeace
-33,-11,-6,1,0,0,6,5,8,-5,-9,1,-2,-2,0,4,handOk
8,-1,-5,-3,-3,-1,-1,6,7,4,3,-1,3,1,-2,1,handOk
7,2,3,2,2,-1,1,5,0,-1,-3,-2,-1,-1,-1,-1,handOk
-5,-5,-4,-7,-4,-1,-12,-6,-5,-5,-5,-1,-2,-3,-3,-5,handOk
0,-6,-1,-3,-5,-4,-1,6,10,11,11,9,3,1,-1,1,handOk
1,-3,-5,-1,-1,-2,-3,3,12,3,1,-3,2,1,4,-13,handOk
-4,-4,-6,-6,-3,-5,-8,-31,-83,-15,-1,2,-3,-5,-13,-55,handOk
-4,2,4,4,-1,1,4,9,10,-1,-3,0,0,-3,4,12,handOk
-4,-2,-1,-2,-1,-5,-4,1,16,0,-8,-3,-3,-2,5,20,handOk
0,0,1,2,1,-1,2,3,7,9,5,1,-3,-6,2,0,handOk
4,4,4,-2,-1,-1,-12,8,10,-11,-8,-2,4,8,16,-12,handOk
-9,-2,8,3,-2,1,6,10,-31,1,1,3,-2,-2,-13,-45,handOk
-8,-7,-7,-4,-8,-4,-9,-1,-13,-6,-4,-3,-4,-4,0,18,handOk
21,3,6,2,1,0,3,25,5,-3,-5,-1,-2,3,0,-15,handOk
3,0,1,1,0,1,-10,-14,-2,-1,-3,0,-3,1,-5,-5,handOk
1,-2,1,-3,0,1,10,19,5,-4,-6,-4,-1,2,0,18,handOk
0,-2,0,-3,0,-5,-8,-4,5,3,-1,3,-3,-3,-1,0,handOk
-3,6,0,0,-4,-4,-11,-12,42,9,7,0,2,4,8,24,handOk
-17,-3,1,4,1,-1,6,-35,-81,-14,-5,-7,0,-7,-6,-62,handOk
11,6,6,2,1,0,3,7,-25,-5,-7,-2,-4,-4,0,-41,handOk
6,3,3,-1,-1,1,0,5,9,-3,-5,-2,-2,0,-3,8,handOk
-1,-6,-12,-4,-2,-3,-14,4,-13,-8,-2,-1,0,-5,-2,-38,handOk
18,12,7,8,-1,4,14,28,-11,-3,-2,0,-6,-6,-16,-5,handOk
17,-3,-4,-4,1,2,6,23,-6,2,3,-2,0,-2,-1,24,handOk
10,6,0,-2,1,2,3,6,-18,-6,-4,-3,-1,-4,1,-7,handOk
3,7,4,5,1,0,4,2,3,-1,-6,-3,-3,0,-2,-5,handOk
2,-2,1,-2,-1,2,-1,-1,2,4,8,2,0,-1,-1,-1,handOk
-1,-3,2,-2,-6,-11,-32,-68,0,-4,-11,-5,1,0,0,-3,handOk
-21,-4,1,0,1,0,4,13,3,-3,3,-1,3,3,8,2,handOk
-3,-5,-5,-1,2,5,4,5,-13,1,4,4,-3,0,1,-25,handOk
24,1,1,-1,0,3,6,22,0,0,-2,1,-2,0,-5,-2,handOk
3,1,1,-1,2,1,0,2,7,-5,-6,-2,0,1,0,18,handOk
3,0,1,1,-3,-1,-3,-1,-8,-1,-1,-1,-1,-2,-3,-18,handOk
1,1,5,1,-1,-3,-2,0,20,9,4,2,-1,-1,-12,10,handOk
-8,-8,-9,-5,0,0,0,0,-25,-1,0,2,-2,-1,-4,-3,handOk
-53,-1,1,-3,-3,-4,-4,-84,25,4,-1,3,6,8,28,55,handOk
-6,-1,0,-1,-1,2,4,15,4,-5,-6,-6,-5,-6,-18,-64,handOk
22,2,1,1,0,1,6,2,13,-6,-4,-6,-3,0,0,52,handOk
20,-1,1,0,-3,-1,-1,13,-10,1,7,9,-2,-3,6,-76,handOk
12,-2,-4,-3,-1,4,9,38,3,-1,-2,-2,2,1,0,6,handOk
-12,-2,-4,-2,-1,-5,-10,-28,-3,0,4,5,0,-4,-3,2,handOk
2,5,6,0,0,1,1,10,31,1,0,1,1,2,6,20,handOk
2,0,-2,-2,-5,0,4,6,-24,-13,-6,-1,0,1,0,-31,handOk
4,-5,-8,-4,0,-1,-6,-20,16,8,1,-3,-2,0,0,9,handOk
2,-3,-1,-2,0,1,5,21,12,8,5,0,0,0,3,3,handOk
-18,-7,-5,-7,-5,-11,-25,-95,-13,19,18,8,1,2,-6,-16,handOk
31,1,-4,-2,1,3,8,27,-14,-5,-4,-1,-1,0,3,8,handOk
6,4,4,2,1,2,3,12,24,5,5,-3,0,0,2,10,handOk
0,1,0,-3,-2,-3,-5,7,-9,-6,-6,-6,-1,-3,2,4,handOk
9,1,6,-1,-1,0,5,22,5,-5,-5,-3,1,2,1,30,handOk
1,1,0,-2,0,2,3,15,17,3,-2,-6,-2,2,-2,11,handOk
7,-11,-16,-8,0,-1,1,-19,-44,-15,-9,-3,-5,-6,-11,-59,handOk
14,10,6,3,1,0,2,9,10,9,3,2,2,1,1,2,handOk
-8,-3,0,-2,1,1,1,0,7,2,1,-3,-3,-2,2,20,handOk
-2,-3,-1,0,-3,-1,-1,6,-10,-8,-5,-2,-2,-4,-10,-14,handOk
-5,4,1,-4,-1,-2,-20,-46,-10,-1,-4,-6,-1,-2,-10,-51,handOk
14,-12,-10,-4,-5,-6,-3,36,7,9,8,3,0,4,13,12,handOk
9,3,2,0,0,2,5,16,3,-7,-3,-7,-1,1,2,3,handOk
14,6,1,0,3,1,5,18,-1,-2,-1,-2,-3,-1,2,1,handOk
-2,-4,1,0,0,-2,-2,-2,10,2,6,2,1,-3,8,5,handOk
8,0,1,1,-2,-3,0,7,2,0,1,-1,0,-2,0,4,handOk
-6,-6,-12,0,-5,-1,2,35,-4,-7,-7,-5,-5,-13,-30,3,handOk
-8,-1,-3,-6,-2,-2,-9,-48,-15,4,1,1,2,-2,0,2,handOk
13,2,2,1,3,2,6,13,-4,-15,-9,-9,-5,-10,-7,8,handOk
2,3,-1,-2,1,-4,-1,3,0,-4,-1,-4,-1,-1,-3,15,handOk
-1,-7,1,0,0,0,2,1,-2,-3,0,-3,-2,0,-2,-3,handOk
2,2,-2,-2,-1,1,-1,-1,2,0,2,-4,1,2,5,-9,handOk
-6,1,1,0,-3,0,-2,-2,1,-3,-4,-3,-3,0,6,6,handOk
-4,7,4,2,0,-1,0,4,1,3,4,5,0,-2,-3,4,handOk
7,-5,-4,0,-2,-6,-22,-70,23,-1,-3,-4,-2,-4,-9,-10,handOk
-40,-8,-5,-4,-3,-8,-14,-81,-47,-9,-4,0,-1,-2,9,-16,handOk
8,-1,-2,-4,-4,0,0,18,8,-4,-5,-4,-5,-8,-17,-19,handOk
6,-1,-1,-3,-1,-1,4,5,1,4,6,4,-1,-4,-1,3,handOk
4,1,1,2,-3,-2,-1,1,-31,-7,-6,-4,-2,-4,0,-42,handOk
6,4,1,0,0,5,4,-3,5,0,-3,-3,1,-2,5,12,handOk
29,10,4,5,1,6,29,121,11,4,9,3,0,1,3,11,handOk
-62,-35,-13,-5,-7,-16,-44,-57,8,0,0,2,2,3,2,0,handOk
2,-1,2,-1,0,1,3,-4,10,-1,5,3,1,0,9,25,handOk
-2,-4,-4,-5,-3,0,4,0,-27,-3,-5,-4,-3,-3,-32,-128,handOk
-1,0,-3,2,-2,2,1,-6,0,-6,-10,-5,-3,-2,2,12,handOk
11,5,5,2,0,2,5,35,-3,2,6,3,1,2,4,19,handOk
2,-1,1,1,-2,0,4,5,4,0,-3,1,2,2,6,0,handOk
13,2,1,-3,0,-1,1,6,0,4,0,-5,0,1,2,2,handOk
0,-2,-1,3,-2,-1,-3,0,1,-2,-2,-4,0,2,2,14,handOk
2,-1,1,-2,-2,0,2,0,9,9,5,2,2,1,6,12,handOk
-6,-2,-1,4,1,-5,-4,-5,6,3,3,-3,0,2,4,4,handOk
9,3,4,2,2,-1,-2,14,4,-3,-4,-2,0,2,0,2,handOk
8,3,-4,0,0,4,5,15,1,0,2,1,3,0,5,15,handOk
1,-1,-3,-4,0,-3,-3,-17,-7,8,2,2,7,0,11,18,handOk
13,-1,2,-1,-12,-6,-4,18,9,7,8,4,3,2,-1,-2,handOk
-14,-2,-2,4,2,-1,-9,-52,0,-2,-2,-2,2,0,-1,10,handOk
-4,-3,-6,-11,-3,-5,-15,-65,12,3,2,1,-2,-6,-5,8,handOk
18,-3,-7,3,2,-1,7,28,-26,1,4,3,-1,-2,-9,-35,handOk
-3,-3,-6,-4,-2,-3,-14,-41,15,3,6,2,2,1,3,39,handOk
4,-3,-3,-3,-1,1,3,4,-25,-6,-5,-3,-4,0,-16,-116,handOk
1,1,-1,-1,1,2,3,1,-19,-4,-4,-5,-9,-14,-43,-85,handOk
-1,-4,0,-1,-4,0,1,-3,-13,10,0,2,0,2,3,-39,handOk
-8,-12,-7,0,-6,-7,-6,2,0,-1,-3,-4,0,0,1,0,handOk
12,1,-1,-1,2,2,8,21,0,0,3,1,-3,-2,-2,-4,handOk
8,3,3,-1,-3,3,4,12,-8,0,-2,4,0,2,-1,-2,handOk
9,0,0,1,0,-2,-4,4,-7,0,-2,-1,-1,-2,-3,-6,handOk
-2,-1,1,2,-2,-4,-10,-4,16,4,5,5,4,3,24,91,handOk
4,2,-2,3,-3,-3,-4,0,-2,-5,-4,-5,-4,0,-7,-21,handOk
2,1,5,2,-1,-3,-5,-22,-17,-3,0,-2,-1,-4,-6,12,handOk
-2,1,2,-3,8,2,0,0,-4,-8,-8,-7,2,1,-4,0,handIndex
-1,6,3,1,2,0,-5,-6,-6,-5,1,-1,4,-1,2,-3,handIndex
9,0,5,4,1,2,3,7,4,0,0,-1,-8,-1,-4,3,handIndex
-8,-5,-7,-2,3,4,-2,-11,1,-1,2,-4,-2,-2,1,-10,handIndex
0,-2,-3,-6,-3,-5,-1,15,1,3,0,1,3,1,39,20,handIndex
-5,-1,-5,-1,-2,-3,-26,-14,1,4,4,2,1,4,2,-4,handIndex
-6,-6,-7,0,-1,0,2,12,-1,0,1,-3,0,1,-4,-9,handIndex
4,-4,-7,-2,0,1,-1,3,-2,-1,1,7,25,7,5,-4,handIndex
1,4,3,1,1,4,1,4,7,6,10,12,4,-3,-38,-3,handIndex
-24,-23,-17,-28,-31,-10,4,-3,0,-2,-1,2,4,1,1,1,handIndex
9,8,8,2,5,-1,7,9,0,-3,-3,0,2,0,-1,3,handIndex
0,-1,-4,3,7,2,1,4,-3,0,0,-1,2,0,-1,-5,handIndex
0,-1,3,1,5,1,5,5,-1,3,2,-1,2,1,2,4,handIndex
6,0,0,5,-2,-1,1,-1,3,1,-3,-17,-37,-8,1,4,handIndex
12,5,-1,-1,-4,-2,-3,-1,6,1,-2,-6,-2,0,2,7,handIndex
-17,0,5,5,6,2,-10,9,-1,-3,-4,-1,3,1,-3,1,handIndex
-17,-19,-6,2,11,-2,3,-6,1,1,2,2,5,1,1,-1,handIndex
1,1,2,2,3,0,1,-1,-6,-5,-6,-6,-2,-4,2,10,handIndex
1,0,-1,2,4,0,2,5,-13,-8,-4,-1,-6,-8,-19,-19,handIndex
0,-2,-3,-1,-6,-3,-3,-2,-1,-9,-6,4,8,1,-5,-13,handIndex
6,4,4,3,4,1,2,1,-3,2,-3,-3,2,0,22,23,handIndex
-3,4,2,7,-7,-1,1,0,-1,-2,2,5,5,2,-1,4,handIndex
6,8,5,-2,-11,-4,19,11,-1,-7,-4,0,-1,-1,-1,-3,handIndex
0,-3,-7,-5,-2,-1,-2,1,4,5,3,3,2,-1,1,-6,handIndex
0,-4,-7,3,5,0,4,3,0,0,2,2,1,2,-1,-6,handIndex
3,4,0,-2,0,0,8,-4,-8,0,-4,-7,-12,0,2,-1,handIndex
3,-14,-4,0,2,0,16,30,2,2,-2,2,6,2,-1,-1,handIndex
-7,0,2,7,9,-1,-19,-13,-2,-7,-7,-4,-2,0,5,5,handIndex
3,2,2,-2,-4,-3,-6,-23,6,9,6,7,3,0,-8,-1,handIndex
3,0,3,2,4,1,0,2,2,3,3,-1,0,0,0,2,handIndex
-3,-2,-4,0,0,0,0,1,2,4,3,0,-1,1,3,-5,handIndex
-1,1,-1,1,-2,1,0,2,-2,-4,-6,-3,8,-2,-3,-1,handIndex
-2,-2,0,-3,0,-2,-1,1,4,0,4,2,4,3,27,20,handIndex
-5,6,8,-6,-34,-15,-39,-2,3,1,-2,-1,4,0,1,3,handIndex
-11,-16,-6,-4,-10,1,7,6,5,0,-1,1,3,4,0,6,handIndex
-21,-9,-7,0,8,4,7,1,6,3,-1,4,1,-1,1,2,handIndex
2,2,-9,-4,-4,2,2,-1,0,-1,0,3,1,-2,1,0,handIndex
-5,-4,-2,-6,-1,1,-7,0,-1,9,11,13,10,1,1,-6,handIndex
0,-1,1,0,2,2,4,2,-8,-7,-9,-8,2,-9,-44,-37,handIndex
11,15,13,8,2,3,17,25,-16,-10,-6,-16,-35,-10,-1,-2,handIndex
-6,-10,-6,-7,-3,-7,-6,-22,-1,-4,-10,-13,-18,-5,1,0,handIndex
4,2,2,4,4,1,3,0,-2,-5,-9,-5,3,-1,1,-2,handIndex
1,-1,4,3,9,3,-3,0,0,6,5,6,0,-4,-1,0,handIndex
1,2,3,2,3,1,-1,-4,6,-3,-2,1,-1,1,3,-1,handIndex
3,3,-2,0,2,1,-2,-4,13,5,4,0,-1,1,10,8,handIndex
-8,2,2,2,-2,-4,-11,7,0,-3,-6,-6,-3,-5,-10,-7,handIndex
-26,-11,-3,-2,3,-4,1,-1,-5,0,-2,-1,4,2,1,0,handIndex
-2,5,5,4,6,9,7,-2,4,-3,1,1,3,-1,1,1,handIndex
1,-2,-9,-17,-44,-10,-33,-24,-2,2,7,-1,1,-1,1,1,handIndex
5,2,5,7,2,-2,1,4,-13,-6,5,13,15,6,17,23,handIndex
3,5,4,2,2,-1,-2,-2,3,2,-9,-12,4,-1,2,0,handIndex
-6,0,-4,-4,-1,-1,-1,2,0,-3,-1,-3,-12,-6,2,0,handIndex
11,-4,-6,-4,-3,-1,-5,2,3,0,1,-7,-2,-2,3,2,handIndex
1,0,2,3,5,2,1,0,7,8,6,7,3,1,5,1,handIndex
2,4,3,2,1,-1,2,3,5,-1,-3,-4,-3,-3,4,3,handIndex
-4,0,-1,0,2,1,-2,-3,4,5,4,2,6,-1,4,4,handIndex
-1,-3,1,1,1,0,0,-3,3,-1,10,15,24,1,-3,6,handIndex
-29,-21,-22,-24,-63,-10,-4,-21,10,5,7,4,4,2,-3,-4,handIndex
2,-3,-6,-4,-3,-3,3,1,2,3,0,2,-1,0,-1,-1,handIndex
3,8,2,-1,4,1,-3,2,-3,-6,-2,-3,-2,-2,-1,-3,handIndex
3,2,2,3,3,-1,0,2,1,2,0,0,-2,2,0,-3,handIndex
4,1,-1,2,-1,-5,-6,-2,1,-1,0,9,17,1,-13,-10,handIndex
-8,-8,-9,-6,-4,-4,3,6,-16,-14,-17,-23,-32,-13,-3,-10,handIndex
-2,4,9,2,-4,-3,-6,6,4,3,-6,-5,0,0,6,6,handIndex
-4,9,4,4,2,-5,5,-13,4,3,3,5,6,3,2,3,handIndex
0,0,-4,1,6,2,1,0,8,4,-7,0,0,3,5,1,handIndex
0,-7,-5,-2,2,2,-2,0,3,-2,-2,-4,-3,-4,1,11,handIndex
1,3,7,1,-2,-4,-3,-1,-21,-16,-10,-3,-4,-2,-11,-6,handIndex
-1,-1,-1,0,1,3,4,1,-2,-6,-3,1,5,3,7,0,handIndex
-1,2,5,0,-8,0,5,-1,1,1,-1,-2,-2,1,0,1,handIndex
6,4,3,6,7,1,2,4,2,5,11,8,10,0,3,4,handIndex
3,1,-3,-6,-15,-4,-4,-3,-2,-2,-2,1,-5,2,4,-1,handIndex
1,-1,-1,-6,-15,-9,-1,-3,-3,0,-3,2,5,4,-16,-3,handIndex
-4,-5,-7,-3,1,-1,3,-3,-3,-4,-1,-4,-1,-3,1,-5,handIndex
1,5,10,5,3,1,-1,8,6,1,1,3,0,5,5,5,handIndex
-2,1,-2,-6,-20,0,5,0,5,6,2,3,2,3,-4,5,handIndex
-3,-3,-3,-2,3,-2,-3,-3,-17,-9,-7,-2,-3,1,0,0,handIndex
6,1,0,-2,4,-1,4,4,22,14,14,1,-1,-1,-3,5,handIndex
-21,-7,-2,0,0,-2,-20,-43,-45,-17,1,1,2,2,-4,-12,handIndex
4,-2,-7,-3,-4,-3,3,3,0,-3,-7,-7,0,-1,6,0,handIndex
-6,-1,-1,1,1,1,0,1,10,10,7,3,3,-3,5,6,handIndex
2,0,0,1,1,-2,-5,-3,-4,-8,-5,0,-4,-3,0,-7,handIndex
1,-2,-6,-1,1,1,4,1,1,1,1,6,9,2,-5,19,handIndex
-2,0,1,-1,3,-1,-3,-2,7,2,10,8,19,9,28,27,handIndex
-2,-3,-1,-1,-1,0,1,-4,-11,-10,-11,-28,-61,-14,4,-4,handIndex
-10,-4,-8,-7,0,-3,-18,-5,2,0,2,2,2,-1,-1,0,handIndex
1,0,-7,0,3,-1,4,-1,-3,-2,-7,-4,0,-1,-4,1,handIndex
0,4,4,4,5,1,1,2,-4,1,0,-4,-3,1,-2,-6,handIndex
4,3,8,5,2,2,3,0,1,2,5,2,-3,0,-2,-1,handIndex
3,4,4,3,-3,-1,-3,-1,0,-4,0,1,8,4,-2,-5,handIndex
6,-5,-10,-3,-3,-2,-9,2,2,-1,-1,-1,-8,-1,-2,3,handIndex
-20,-13,-9,-2,-3,-5,-16,-19,8,2,-2,-14,-29,-8,0,2,handIndex
-6,1,2,1,-2,-6,-9,-7,4,2,2,1,1,-2,-1,1,handIndex
-1,-3,-4,2,4,1,-1,-1,-1,0,4,3,-4,-1,2,2,handIndex
-2,1,4,1,1,-1,-1,3,-1,-5,0,-1,1,1,-1,2,handIndex
0,-4,-2,1,0,0,-1,0,1,5,6,4,1,1,-1,-1,handIndex
-1,-3,-3,-2,1,-1,1,-1,2,-4,-1,0,1,1,6,-9,handIndex
-6,-3,-4,-5,-5,-5,12,0,7,-6,-2,-3,11,-2,3,4,handIndex
-7,-6,-3,0,3,-3,-23,-5,-2,3,-2,-11,-41,-4,2,0,handIndex
1,3,5,6,-6,0,-2,-2,3,0,-2,3,2,2,-1,3,handIndex
-2,4,1,-3,9,1,4,2,3,2,1,2,7,1,6,5,handIndex
1,-3,-3,0,2,-1,3,4,1,-4,-1,-1,-1,1,0,-1,handIndex
-4,-2,0,0,1,-1,1,1,15,14,13,3,0,2,0,16,handIndex
2,1,2,6,-1,-4,-1,1,-16,-4,-2,-5,-3,-3,-1,-21,handIndex
0,-4,-5,-3,0,0,0,-3,-14,-12,-11,-6,-4,-4,8,-7,handIndex
8,6,4,2,4,2,2,-1,4,4,-1,1,0,1,-1,1,handIndex
13,-17,-17,0,12,5,-2,93,-11,-14,-9,7,5,-8,2,8,handRing
-9,3,4,4,-13,-1,4,17,0,7,2,-4,12,13,2,-5,handRing
1,-1,-4,-1,1,-1,-1,5,25,-1,0,4,-3,-5,1,18,handRing
-3,4,4,0,11,6,0,-19,-48,-9,-7,13,17,14,-3,-59,handRing
28,-5,-7,-7,-8,-2,3,14,10,6,6,-16,-6,3,0,1,handRing
23,4,6,-5,-3,6,6,37,47,12,3,-23,4,-4,13,53,handRing
-24,-3,4,11,0,-3,0,-41,-93,-17,1,60,-18,-23,-29,-98,handRing
12,-5,-4,-3,7,6,1,12,31,4,-7,-23,-27,5,-3,35,handRing
2,-1,-10,-14,-22,-25,-6,2,-29,-14,-10,1,8,12,8,-26,handRing
-18,-4,-2,-1,-6,-32,-12,-2,2,-2,-5,-1,-1,0,0,0,handRing
31,8,3,0,2,4,10,31,-3,-3,-5,-4,-2,-2,2,-4,handRing
14,3,2,2,5,5,6,14,5,3,-1,1,4,5,12,-7,handRing
6,6,5,4,1,-1,3,8,74,25,12,1,-32,7,5,28,handRing
-71,-24,-3,12,33,-5,-23,-116,31,11,8,3,1,2,5,-1,handRing
-105,-43,-40,-37,-44,-35,-27,-64,22,12,7,8,6,3,2,8,handRing
-35,-19,-13,-23,-14,-34,-10,13,9,4,5,1,4,0,-1,4,handRing
34,10,5,5,1,7,7,13,-3,-4,-3,0,0,-1,0,-4,handRing
-1,-2,-1,-1,-1,0,5,2,6,2,-1,18,-6,-8,6,4,handRing
-18,-10,-9,-3,-2,0,7,-27,16,2,-1,7,40,17,9,22,handRing
-7,1,-4,-6,-1,-4,-14,1,-56,-13,0,-12,-8,-11,-13,-83,handRing
-2,2,4,-19,18,7,-9,2,11,8,13,3,1,0,15,19,handRing
0,-4,-12,0,0,10,7,42,38,2,2,-1,-1,1,-10,41,handRing
-85,-19,-8,-7,-16,-12,-23,-55,-12,1,0,5,1,-5,-17,-19,handRing
27,8,6,3,8,4,27,57,15,-2,0,1,11,5,1,2,handRing
28,14,7,4,6,9,5,50,10,-3,-5,-12,1,-5,16,16,handRing
-26,-1,4,13,22,8,-12,-54,-68,-6,5,-7,4,1,-3,-120,handRing
16,5,6,-13,2,5,7,22,-18,-8,-6,-5,3,-7,-4,-11,handRing
-9,5,12,5,3,-2,1,-34,-22,-4,3,1,-5,-5,-6,19,handRing
35,-5,-10,8,12,23,25,56,20,6,2,2,0,-2,-5,9,handRing
20,4,-1,0,-1,3,1,14,8,-2,2,-18,-26,-12,11,37,handRing
11,0,1,1,-3,1,4,4,-9,-7,-2,-11,-10,-9,-26,-19,handRing
12,2,-1,-2,-2,1,4,-3,5,4,4,22,-2,-8,0,-2,handRing
2,2,0,-6,10,6,-1,-15,12,10,-1,-30,-1,23,-4,7,handRing
-17,-9,2,10,11,-17,-10,-8,49,13,9,2,-14,6,7,39,handRing
12,-1,-3,-31,-15,-1,5,27,-18,3,-2,-3,-1,-2,5,-29,handRing
1,-8,-5,27,11,1,-3,40,-26,-2,-8,-13,-4,-3,-9,-39,handRing
8,-2,-1,6,1,-3,-10,12,11,3,4,3,3,5,23,27,handRing
-18,-10,-5,0,10,-4,12,21,-8,-6,-3,4,1,-2,5,21,handRing
11,-2,-7,-6,14,9,-18,4,25,8,6,4,5,3,3,18,handRing
39,19,6,11,-9,-9,19,101,20,9,8,4,4,0,1,10,handRing
5,-7,-4,-11,-6,-4,-12,10,11,2,-4,-1,0,1,-1,1,handRing
1,0,-1,2,1,-1,0,1,5,5,10,20,51,34,5,-6,handRing
0,-1,3,2,-3,-5,1,-3,35,12,5,23,-35,-15,11,36,handRing
-4,-7,-2,0,1,-1,3,-6,-30,-13,-11,-16,0,1,13,12,handRing
-4,-6,-6,-17,-11,-2,-4,4,0,-1,0,-51,-9,-1,-7,-10,handRing
-10,-9,-2,30,-3,-4,-8,-43,17,1,1,0,-1,5,7,7,handRing
-14,-8,-11,-6,-5,-10,-4,-10,4,3,0,2,1,-3,-6,4,handRing
12,4,3,2,-1,-2,2,20,-2,-4,5,2,-3,2,4,-1,handRing
32,11,4,2,3,3,6,16,2,1,1,1,5,-1,-10,-5,handRing
-4,-1,-1,3,1,2,2,7,-3,1,9,18,8,-12,-2,-6,handRing
-12,-5,-6,-6,0,-4,-11,-8,27,7,-1,-19,13,21,13,31,handRing
-4,0,-1,-5,-7,-2,1,1,16,6,8,25,0,18,20,45,handRing
-1,-1,-2,3,-10,12,5,5,-68,-27,-18,9,-11,-19,-37,-111,handRing
53,5,-2,-22,-14,-1,9,90,47,12,5,-1,5,8,13,67,handRing
10,13,6,9,9,5,10,5,-4,-6,0,-6,0,-3,-2,-11,handRing
3,-5,-4,-2,-1,-4,6,40,5,-5,-8,-7,-12,-6,-20,-7,handRing
21,9,8,11,3,8,20,26,6,7,4,1,-8,-5,-2,5,handRing
6,5,5,2,1,4,-4,-7,7,2,3,5,-2,3,0,15,handRing
17,-1,-2,-3,-6,-6,7,11,5,2,5,5,3,1,-2,10,handRing
-22,-10,-7,4,-11,-16,-6,10,-4,-6,-6,-19,-4,2,4,-16,handRing
-1,-1,-1,-5,4,2,-1,7,3,-1,2,17,20,-3,-14,11,handRing
-24,-2,-3,-8,-3,12,-2,3,-3,-2,-2,-5,14,6,-6,-12,handRing
3,10,6,19,10,1,2,-18,22,7,8,-4,2,2,2,7,handRing
9,-3,3,4,14,1,9,14,4,2,-2,-3,-3,0,4,-5,handRing
-24,-4,-10,-9,-1,6,8,-3,1,-6,-5,-2,-1,-3,-13,-5,handRing
-7,-4,-1,-6,6,2,2,-20,36,3,2,-12,-3,-4,16,31,handRing
1,-3,-12,-9,4,-9,-11,7,-40,-9,0,-5,-23,2,9,-15,handRing
-10,5,6,-12,-4,-5,-14,-18,28,6,6,3,9,2,-13,-5,handRing
-31,-7,0,34,14,6,1,-34,2,-10,-9,-13,-19,-3,-10,-32,handRing
-26,-12,-6,8,1,-13,-8,-13,-25,-3,-3,-8,-4,0,-1,-43,handRing
14,3,6,-3,-3,-8,-7,19,-20,-5,3,12,4,-2,-15,-1,handRing
39,6,-1,2,4,-1,9,14,23,9,6,-5,-8,-9,12,37,handRing
13,7,3,1,15,-5,2,7,16,4,-3,-5,-2,5,13,6,handRing
11,-1,-4,12,5,-1,2,15,19,-1,-6,5,24,1,-4,32,handRing
4,2,4,7,20,4,1,-1,-17,-3,3,11,-3,3,-1,-53,handRing
-5,-5,-10,-18,-49,-19,-6,-13,-12,-5,0,-18,5,-6,-4,-3,handRing
-5,-3,-5,-18,-4,16,-4,-19,23,2,4,19,-4,-6,-2,23,handRing
36,7,7,2,5,1,4,53,11,3,0,6,0,1,-4,9,handRing
-64,-18,-9,-5,-1,-8,-10,-24,3,-2,-2,-5,8,8,-7,-14,handRing
12,-1,2,0,1,3,-1,3,15,5,1,-7,-15,-18,-15,-8,handRing
15,10,4,2,0,5,8,11,19,2,7,7,-2,9,12,39,handRing
-63,-10,-9,-7,-23,-6,-17,-96,8,5,6,5,1,2,4,9,handRing
-1,-7,-3,-4,-8,-4,-2,-7,-2,-1,-3,1,1,0,3,-2,handRing
14,7,6,2,2,3,0,7,-6,-2,5,9,-3,-4,-6,-37,handRing
10,6,0,3,0,3,4,4,-4,6,12,11,32,8,6,1,handRing
52,14,2,-36,9,0,12,14,29,8,6,-10,3,4,9,19,handRing
-46,-8,-5,16,-5,16,-2,5,20,6,4,0,4,5,6,12,handRing
-121,-37,-27,-11,15,-16,-23,-72,12,3,2,-1,-3,-1,5,4,handRing
19,6,4,12,8,-1,4,32,2,0,-1,-1,-2,-1,1,-2,handRing
-4,2,2,-1,-3,-3,-1,-2,13,8,2,5,-22,0,1,-2,handRing
-9,-6,-6,-4,-2,-1,-5,-3,-16,1,-3,5,-25,-6,0,-10,handRing
9,8,6,11,4,7,20,23,-22,-6,-4,-3,10,2,-6,-20,handRing
-3,-4,-9,-4,-5,-4,-2,-3,-1,2,-2,-4,4,8,8,11,handRing
-48,-7,-4,-6,-15,-12,-7,-11,7,3,-1,-3,0,4,14,3,handRing
14,5,3,1,0,1,-1,10,5,-1,2,8,0,-4,-6,-1,handRing
8,3,5,-2,-2,1,4,10,4,-2,1,2,5,2,-11,-7,handRing
10,0,0,4,8,1,2,1,25,1,-6,8,-10,-16,-7,42,handRing
-80,0,0,1,-42,0,-4,-92,7,-2,-10,-9,-5,-1,12,18,handRing
37,-3,6,6,-13,6,5,34,21,6,4,5,4,2,1,8,handRing
-30,-16,-13,-14,-20,-31,-18,2,14,7,8,5,2,3,-1,-2,handRing
-21,-4,-4,-1,7,4,-4,-15,11,3,4,4,4,7,13,12,handRing
-3,5,2,1,1,3,6,2,14,1,-3,1,46,12,-10,15,handRing
-7,0,3,0,-2,1,-1,-3,-49,-11,3,9,-17,-4,-6,-70,handRing
-9,-6,-3,-4,0,-6,-4,-13,1,-2,-12,-19,-6,-8,-3,-10,handRing
9,2,2,0,4,-1,9,-4,-2,0,2,12,7,5,-2,36,handRing
0,1,-1,-17,-1,-1,0,-14,-15,-7,-8,-5,-3,-5,-14,-7,handRing
6,-1,3,12,14,6,17,38,8,4,4,2,5,4,-2,15,handPinky
-3,1,0,-3,-1,-2,3,4,-8,-6,-7,-6,-10,-6,-1,-12,handPinky
-3,-1,2,2,3,0,3,-16,-3,-6,-5,-4,-4,-6,-2,-11,handPinky
-3,1,-3,1,6,2,0,-8,8,7,4,3,7,9,21,9,handPinky
2,-3,-7,-7,-8,-1,4,15,18,10,9,8,6,2,5,46,handPinky
-2,-5,-7,-7,-5,3,-1,11,-16,-9,-8,3,4,-5,-11,-5,handPinky
12,-1,-3,-16,-32,-3,4,21,-32,-12,-12,-11,1,-16,-33,-51,handPinky
2,1,-1,5,10,5,7,16,12,6,2,0,4,0,6,12,handPinky
2,0,3,5,8,-2,-7,-9,5,3,1,2,-1,0,-2,-1,handPinky
-36,-14,-4,-13,-30,-17,-26,-58,-5,-5,-6,-2,-8,-4,-20,-9,handPinky
-18,-5,-4,-1,-1,-4,-5,-14,15,2,6,9,8,-1,10,-4,handPinky
7,3,1,16,22,4,7,15,10,4,5,-1,-6,8,10,19,handPinky
0,-2,-4,-20,-33,-5,2,4,6,4,3,5,4,1,3,-2,handPinky
-8,-5,-3,4,0,-2,-13,-32,0,0,3,4,8,2,1,9,handPinky
5,-2,3,3,2,3,16,43,-20,-8,-9,-1,1,-9,-24,-42,handPinky
-4,-2,1,-2,-6,-4,-13,-43,23,8,-3,-4,-5,1,20,28,handPinky
-11,0,1,-5,-2,-9,-3,-12,-33,-20,-10,-8,-10,-2,6,10,handPinky
7,4,-3,-8,-33,-2,4,25,-21,-8,-4,4,2,-3,-15,-84,handPinky
5,4,3,-1,-1,-4,-5,-23,5,-3,-2,-3,6,4,-13,10,handPinky
8,4,2,2,7,2,-2,9,15,2,2,0,1,2,12,11,handPinky
1,-1,-2,0,-8,-3,-5,9,2,3,5,4,3,6,22,79,handPinky
-5,-2,-6,-1,6,0,18,33,-13,-5,-2,-2,2,-2,-18,-28,handPinky
-55,-18,-7,-6,-7,-8,-28,-88,-3,-4,1,2,-3,-11,-18,-48,handPinky
12,2,2,-2,-13,-4,6,28,10,5,0,-2,5,5,3,14,handPinky
3,0,-2,0,3,4,9,24,7,3,0,2,-3,-1,2,9,handPinky
-5,-6,-11,-8,-4,-6,-5,-29,11,-1,-2,4,5,1,-4,12,handPinky
-6,-5,-5,-3,-7,-6,10,9,-18,-2,2,-1,-8,-8,-32,-44,handPinky
-13,0,4,1,6,-10,-21,-17,0,1,-1,-4,-14,-1,-3,-15,handPinky
-7,-3,4,9,2,2,1,18,5,0,-1,-2,8,2,4,9,handPinky
16,2,6,7,4,0,-12,-18,-7,-3,-3,1,-4,-6,-13,5,handPinky
-37,-15,-5,-1,6,1,-2,-13,2,0,4,1,3,-1,-1,7,handPinky
-10,-8,-7,-5,-5,-6,-10,-9,9,1,1,1,3,2,9,18,handPinky
5,11,11,7,-2,4,-3,-5,13,0,-2,-10,-5,4,14,42,handPinky
-31,-11,-5,-7,7,-2,-5,0,-7,-1,-1,4,5,-1,-16,-90,handPinky
-7,-5,-3,1,-4,5,4,8,0,-5,-5,5,15,-3,-15,-8,handPinky
-6,-1,1,2,3,-1,-5,0,-8,-5,-6,-4,0,-4,-14,-18,handPinky
3,2,-1,0,-3,-4,-1,5,4,4,2,2,0,1,5,4,handPinky
8,8,13,4,6,2,20,83,10,2,1,2,0,0,2,1,handPinky
-29,-9,-14,-14,-15,-19,-32,-118,-5,-6,-8,-5,-3,-6,-6,-16,handPinky
3,-4,-9,-3,4,-1,2,12,3,4,6,-3,-12,1,5,13,handPinky
1,-2,0,-4,0,5,8,12,6,4,4,6,9,2,-4,9,handPinky
-1,0,0,2,3,0,-5,12,3,3,0,2,5,1,9,8,handPinky
4,4,3,1,2,0,-1,9,-2,-5,0,-7,-11,-8,-1,3,handPinky
-5,4,2,2,8,-1,-5,-17,-19,-14,-7,1,1,0,1,-12,handPinky
12,1,4,5,12,0,-3,-3,-8,0,-1,-3,-4,2,0,-11,handPinky
-19,-5,-7,-10,-8,-2,0,-52,-4,-5,-2,1,-1,2,9,-16,handPinky
4,3,1,-8,-14,0,11,10,8,5,3,15,13,5,13,40,handPinky
0,-1,2,4,7,2,-4,-3,1,-1,1,-1,0,1,1,4,handPinky
-1,1,0,3,2,-3,-12,-2,1,3,1,3,4,4,4,2,handPinky
-4,-4,-1,6,0,-3,-9,-17,5,0,-1,-1,2,5,4,1,handPinky
-4,-5,-3,-7,-3,-2,3,14,-1,-3,-8,-11,-14,-6,7,3,handPinky
2,1,7,2,1,0,-6,-2,-8,-5,0,1,-4,-4,-2,-6,handPinky
5,2,4,1,-2,-3,-5,-2,-14,0,-1,0,-1,-1,1,-5,handPinky
-1,-5,1,7,10,9,17,69,-1,-7,-6,-2,5,0,-3,-1,handPinky
-3,-3,-2,2,5,-5,-18,-52,8,6,4,-1,-5,-6,2,5,handPinky
-22,-4,-6,-10,-10,-3,5,-24,14,4,1,0,7,9,22,42,handPinky
-4,-1,1,4,13,8,12,-2,9,5,3,7,11,-10,-11,2,handPinky
6,2,4,8,9,4,7,23,7,2,3,2,0,2,8,14,handPinky
0,-3,-3,1,9,-3,-1,9,-6,-4,-7,0,-3,-1,-3,-1,handPinky
7,4,3,3,4,8,18,16,-4,-10,-15,-13,-9,-5,8,96,handPinky
7,3,-1,1,4,-6,-2,-21,-41,-15,-17,-7,-7,-29,-77,-128,handPinky
3,2,5,4,9,5,15,2,10,3,-4,-10,-9,2,13,34,handPinky
6,0,-2,-6,-2,-3,-3,-2,2,4,1,5,2,1,6,16,handPinky
-4,-2,-1,6,1,-5,-11,-4,1,-5,-4,-2,1,0,-6,-7,handPinky
1,0,2,0,7,-8,-9,-12,13,-3,-7,-9,-27,-4,10,28,handPinky
5,1,-1,-2,2,1,-2,11,-22,-5,0,4,0,-3,0,5,handPinky
7,0,0,-1,2,2,3,4,-9,-1,-5,-1,4,-1,-4,-32,handPinky
4,-4,-1,3,2,2,11,19,2,3,4,-8,-5,-1,4,13,handPinky
0,-1,-1,4,17,0,-8,-11,-1,-2,0,0,2,-2,-7,-8,handPinky
9,6,10,18,5,3,9,-8,0,-3,-6,4,2,2,1,18,handPinky
-36,-7,-14,-16,-20,-21,-52,-128,4,-3,-7,-13,-11,3,7,39,handPinky
-6,-8,-7,0,-2,-3,-3,13,4,1,3,8,6,4,6,3,handPinky
5,3,1,3,10,6,14,36,-1,0,-3,-18,-15,-3,5,13,handPinky
-38,-13,-12,-6,-6,-19,-45,-128,26,8,7,2,-4,10,35,117,handPinky
1,-3,-1,-3,2,2,10,41,-19,-1,4,3,-2,-8,-43,-128,handPinky
28,16,21,10,10,13,30,105,-8,-8,-9,-6,-12,-6,0,1,handPinky
-12,-7,-6,-5,-1,-1,-15,-96,3,3,3,0,1,3,9,19,handPinky
0,-2,-2,-1,-2,3,6,-1,4,-1,4,5,6,4,4,7,handPinky
0,3,5,3,5,-2,-2,-12,1,0,-1,3,11,1,0,-3,handPinky
3,3,3,-1,-5,0,5,14,-21,-4,-5,-7,-6,-12,-23,-6,handPinky
9,8,5,5,3,3,7,51,2,-4,-3,-2,0,-3,-1,19,handPinky
-12,-3,-2,5,-6,-5,-12,-18,8,1,0,0,-1,1,15,19,handPinky
12,4,4,0,1,1,1,4,2,7,9,-2,3,6,21,5,handPinky
-16,-3,0,10,1,-1,-1,-6,-6,1,4,4,0,-4,-39,-41,handPinky
6,3,-4,-6,-1,-2,0,6,-25,-7,5,-4,0,-5,-5,-53,handPinky
14,6,4,6,6,4,1,3,-2,-9,-12,-4,4,4,23,8,handPinky
6,0,1,-9,-12,2,11,7,0,-1,-4,-1,1,-1,0,0,handPinky
7,-4,-7,-4,-6,-7,-19,-2,-6,2,2,8,11,3,4,4,handPinky
6,3,6,4,3,-1,2,6,5,2,5,-1,9,-1,1,8,handPinky
-4,-2,-5,-1,3,-4,-9,-1,1,0,-2,-10,-28,-1,0,-12,handPinky
3,1,4,6,6,7,13,34,-10,-4,-7,-12,-1,-4,-10,-95,handPinky
-4,-7,-3,-3,-4,-4,-9,17,16,5,6,2,0,6,20,76,handPinky
4,3,-1,1,-3,-2,4,8,-5,-2,0,-3,-2,-4,-12,-29,handPinky
2,-1,-2,-7,-6,2,3,14,-11,-2,-6,0,-2,-4,1,1,handPinky
3,0,-1,1,1,1,3,9,5,4,0,5,3,-1,5,13,handPinky
3,0,2,2,4,2,1,8,-3,-2,-3,1,1,-2,-3,-9,handPinky
1,1,1,0,0,0,-4,-1,-1,0,0,2,0,-3,-3,-8,handPinky
-3,-3,-2,0,-2,-1,-1,6,4,6,-1,-5,-6,-4,-5,-3,handPinky
-11,-8,-3,7,4,8,10,11,-18,-3,-3,2,11,1,-1,-9,handPinky
6,5,-1,-6,-6,-10,-26,-123,11,7,1,-1,2,2,15,66,handPinky
-4,-2,-1,-2,-3,-3,3,11,-13,-6,0,1,-1,-7,-20,-32,handPinky
1,-4,-10,-10,-11,-8,-4,1,-6,-3,-3,3,12,0,-5,-14,handPinky
18,13,1,8,7,1,0,10,0,0,-3,-7,-3,-3,3,8,handPinky
-15,-4,-4,-4,-21,-5,-4,-4,3,-2,0,4,2,2,3,18,handPinky
-29,-2,0,-4,-11,5,7,4,4,-3,-5,-7,31,26,3,19,handExit
-30,-12,-10,-5,-3,-47,-8,-69,18,4,-1,-2,16,7,3,11,handExit
13,-2,-3,-4,-12,-18,-5,12,-11,0,1,5,8,21,17,-29,handExit
5,2,0,4,22,-2,21,8,-9,0,-1,-2,0,-1,-22,-2,handExit
-6,-1,-4,0,44,-4,-36,-6,1,-1,-2,2,7,-1,58,2,handExit
-18,-1,-4,-4,2,3,6,17,13,5,3,-5,-17,7,-1,-2,handExit
9,4,5,6,1,-3,6,19,-15,-8,-9,-4,-3,-10,-8,17,handExit
-7,-2,-2,3,42,47,-23,-48,-11,-5,-3,-1,0,0,-14,-21,handExit
11,-2,-3,-6,-8,-8,-14,-58,-9,-5,-2,-1,12,-2,3,20,handExit
1,1,2,-5,-6,5,-8,6,3,-1,-1,-3,-7,-4,-35,7,handExit
6,2,1,0,-2,-16,-8,18,17,6,5,7,-2,-17,-9,50,handExit
3,2,-3,1,3,2,13,22,-14,-8,-8,-3,3,5,-39,-28,handExit
3,-4,-4,-3,-21,-43,-19,-2,-12,-7,-5,-2,7,1,9,-21,handExit
1,-2,0,1,9,-11,-13,-22,24,0,4,5,14,8,91,15,handExit
4,-1,0,1,-5,-7,127,6,-32,-2,-2,-1,2,3,10,11,handExit
0,0,1,3,10,33,-44,6,14,2,2,0,-6,-3,-8,-32,handExit
13,4,-1,-3,-2,5,-56,-2,10,-1,1,1,-1,-16,-39,-38,handExit
0,-1,-2,-3,-7,-10,-6,-49,-9,-7,-2,-7,-11,-2,-32,39,handExit
-13,-1,1,-1,1,-1,12,-26,-21,-1,-5,1,2,0,-19,-55,handExit
0,2,-2,1,-2,-3,-33,-3,12,1,-2,-3,-39,6,24,16,handExit
11,2,-1,1,9,0,-4,-14,6,-2,2,-2,-52,-32,6,7,handExit
4,0,-1,-1,22,41,3,9,-30,-5,-7,0,46,58,-9,-26,handExit
-3,3,3,12,7,-34,-19,-18,6,-1,3,1,2,3,6,3,handExit
4,1,1,0,22,16,3,25,-2,0,3,-3,-12,-1,-4,-3,handExit
6,0,2,-2,4,3,-2,47,-12,-1,-1,-1,-2,-3,-3,-39,handExit
30,9,3,3,6,11,36,62,8,-1,-1,-1,-3,-2,25,25,handExit
-47,-2,-5,-3,-2,1,-6,-44,8,0,-3,1,-2,5,-1,7,handExit
0,-2,-3,0,-1,-5,7,4,1,1,4,2,3,4,-10,-30,handExit
-3,0,-4,-7,-1,28,-1,-7,7,2,3,3,8,5,2,11,handExit
7,1,1,-2,4,4,5,17,5,4,-1,-2,-4,-9,5,3,handExit
11,2,5,0,0,5,6,5,3,-4,-3,-4,-3,-4,15,9,handExit
-32,-2,1,2,12,4,7,-4,-12,-9,-10,-4,-7,-12,-18,-17,handExit
4,-10,-9,-9,-7,-2,-5,-8,-10,-5,2,0,2,2,-1,-3,handExit
3,-11,-6,-6,-4,-5,-6,10,33,22,11,15,7,8,15,18,handExit
-11,-1,18,-1,-1,-1,-7,-30,10,-10,-7,-4,-3,-5,-16,2,handExit
6,2,-12,10,2,1,-1,7,0,-3,-5,-5,-2,-3,-2,2,handExit
-2,-8,11,-3,4,2,7,-2,10,0,-13,-3,-5,-6,-8,-10,handExit
-3,3,-15,-10,-3,-9,-4,-5,0,-7,-10,-1,-2,-1,2,1,handExit
9,-5,-10,-4,16,15,5,1,9,-1,4,2,-5,1,4,3,handExit
-3,6,7,4,-22,-49,-12,-6,-21,-3,-2,-4,-2,-4,-3,-5,handExit
13,47,-4,9,-5,9,-1,5,-4,-61,-14,-3,-3,-8,6,7,handExit
-3,0,-4,2,1,-27,-16,-37,6,30,-6,-3,18,13,2,5,handExit
-4,3,8,22,-49,32,7,-15,0,-23,-8,2,-3,1,7,14,handExit
-4,-10,3,-10,-19,-18,-29,-32,-3,17,8,-5,-28,7,-2,2,handExit
-10,-6,-3,-2,18,13,-12,-39,1,-6,-5,-3,15,-2,10,-2,handExit
-4,4,4,7,21,-14,-22,-1,-4,-9,1,-7,9,25,13,4,handExit
3,0,-2,-7,-128,-59,2,5,7,6,4,5,7,-9,19,12,handExit
0,-4,-4,-24,31,47,14,10,-1,-3,2,0,-4,-7,-14,7,handExit
3,2,-11,-4,3,-3,-8,-10,-5,-12,-6,-5,-22,20,-16,-7,handExit
5,0,-6,0,7,8,30,21,-12,-7,1,1,6,-7,4,-13,handExit
-5,-4,-3,-3,1,2,0,4,-9,-8,0,3,-1,-60,30,12,handExit
-4,6,1,6,0,-2,-11,-14,11,11,7,3,0,-8,0,17,handExit
-1,-10,-10,-2,0,-3,3,12,4,-4,-3,-1,-1,-1,-6,-13,handExit
-14,-19,-12,-5,-5,-4,10,-5,-12,-2,0,-3,-7,-9,-31,-25,handExit
17,10,1,3,4,10,25,22,1,7,0,-1,4,1,2,-6,handExit
-9,-2,-2,0,2,-2,-8,-23,11,2,1,1,-1,2,-6,2,handExit
-8,-5,-5,-5,-1,-1,5,1,2,-1,1,-2,0,0,4,5,handExit
-22,-22,-19,-7,-9,-14,-32,10,-10,-10,-3,0,1,2,4,-13,handExit
3,5,-3,-3,-3,-3,-1,30,6,3,7,4,-1,1,7,13,handExit
10,-6,-6,-2,-4,-7,-6,-12,9,20,2,1,3,4,17,12,handExit
-6,18,10,2,2,-1,-1,-27,-32,-4,0,0,1,3,12,-12,handExit
-3,-7,-4,2,2,8,21,-2,-12,-4,-1,0,3,-1,-6,-7,handExit
16,3,8,5,3,3,-11,-24,-2,-6,-4,-4,-3,-6,-4,2,handExit
-59,-20,-14,-6,-7,-12,-20,-25,14,10,2,-4,-3,0,7,15,handExit
4,-4,-2,0,0,2,0,-14,20,8,8,3,4,3,5,3,handExit
20,2,0,0,-1,2,0,-26,9,4,0,-4,-1,-4,-9,-5,handExit
-17,4,2,1,-2,1,-8,26,-10,-20,-16,-11,-5,-7,10,8,handExit
1,-23,-23,-17,-4,6,12,52,10,-1,1,-3,0,-1,2,19,handExit
14,9,14,17,24,-22,3,4,22,3,1,0,1,3,7,10,handExit
-7,-3,-7,0,9,-15,4,-11,-29,-3,-4,-1,-1,0,-7,-22,handExit
6,-5,-6,-5,-1,15,5,23,-7,1,-1,-6,-7,2,-6,-1,handExit
28,8,-2,0,-3,7,-5,-10,0,3,7,-1,17,23,-4,-26,handExit
-55,11,10,5,24,20,3,-29,9,-2,-1,-5,-5,-4,-1,59,handExit
1,-7,3,-2,17,85,12,5,1,-7,-1,-2,-2,-11,2,10,handExit
5,5,-4,1,2,6,-1,11,9,-12,-17,-8,3,-21,4,10,handExit
2,-1,0,-3,46,19,22,11,-19,-1,3,5,12,51,1,-7,handExit
-12,-14,-13,-1,40,-49,-24,-20,8,6,15,6,11,53,7,-3,handExit
11,-3,8,23,59,79,20,22,-1,11,-4,-7,-62,-62,-17,-31,handExit
-1,-2,12,-8,-37,-59,-11,1,-3,1,-3,-6,-40,-128,-22,-25,handExit
3,0,-15,-14,-128,15,0,8,-1,2,22,-5,63,15,12,-4,handExit
6,-5,-5,-1,-21,-20,12,8,-14,-9,-16,-12,-6,-41,-73,-28,handExit
9,2,-1,-2,-1,-5,5,21,4,-4,-14,10,28,82,-11,6,handExit
-4,-2,-7,-3,-6,-6,-19,-3,-4,-4,0,5,19,-12,-19,-6,handExit
11,7,0,-4,2,31,80,46,-13,0,-1,0,7,-9,-5,-2,handExit
7,9,12,14,22,12,127,33,-3,-1,0,-2,2,-10,-24,-13,handExit
3,1,15,19,22,-128,127,-2,-8,0,-2,-2,0,-11,-16,13,handExit
-12,5,5,0,-3,25,-128,-18,-34,-10,3,4,4,8,19,-92,handExit
-41,-6,1,0,-1,16,-79,-52,-16,-10,-10,-7,-14,-11,-128,-16,handExit
4,-12,-4,2,2,-1,-27,34,6,4,11,7,6,25,51,21,handExit
50,16,10,7,8,28,93,56,9,-2,-12,-16,-11,105,-128,-10,handExit
-31,-14,-11,-8,-9,-16,-71,-40,8,0,-4,-2,-5,11,-17,-44,handExit
10,-1,-2,-3,-2,-1,11,-6,-12,4,-2,2,-2,16,-14,32,handExit
-2,6,4,3,-2,-7,14,7,-35,-12,-10,-9,-9,-3,-39,-1,handExit
-8,2,2,0,0,-2,5,-25,5,3,-3,-1,-2,3,1,-1,handExit
0,-3,-4,-4,-4,-1,3,2,-9,-3,1,1,-2,-4,3,-3,handExit
3,-3,-8,-7,0,1,-3,-15,18,-3,-2,2,4,-1,12,-2,handExit
-10,-4,0,1,0,-2,-5,-9,10,-3,-3,-5,-2,-10,-18,-2,handExit
-2,-7,-7,-3,-3,-2,-7,1,-8,-5,-4,-4,-3,-5,-1,6,handExit
-7,12,22,0,1,2,0,-29,-9,-3,-4,-2,0,1,4,-3,handExit
10,8,-17,-1,0,0,-9,-7,-10,-11,-7,-2,-3,-2,0,-18,handExit
-10,-19,-15,-3,-1,-4,-5,28,17,9,6,9,4,-4,5,2,handExit
9,12,-2,-1,2,6,11,10,-20,-3,0,-4,-2,4,-5,-11,handExit
5,15,1,-2,-1,-1,-8,2,19,0,-1,-3,-2,-1,-1,14,handExit
-5,-12,24,-1,-3,-2,5,-3,-35,-8,-14,-5,-3,-5,-5,-20,handExit
