-17,-17,-14,-24,-35,-50,-41,-15,handClose
-35,5,-23,33,13,-30,-67,-28,handClose
74,42,78,43,16,127,127,65,handClose
-106,-78,-128,-119,-68,-128,-121,-128,handClose
127,66,68,44,87,127,127,127,handClose
8,15,42,23,-15,-47,18,-40,handClose
-15,5,-5,-32,-20,-38,-7,-18,handClose
-23,-26,-60,-49,-12,-70,-82,9,handClose
61,30,73,45,-24,-128,62,127,handClose
-10,-1,-4,-33,3,127,19,-43,handClose
-69,-35,-27,-52,-24,-124,-101,-97,handClose
127,48,52,50,54,-91,127,127,handClose
-2,-7,8,-22,-10,90,-78,22,handClose
-4,-1,16,12,21,-26,-44,-12,handClose
-1,-14,-21,11,-8,-22,0,-5,handClose
-19,1,6,-14,-15,-99,-73,-66,handClose
-22,12,87,-27,-32,48,62,-128,handClose
120,24,54,-11,37,127,127,127,handClose
-51,-11,-60,33,-32,-111,-56,-128,handClose
-7,9,35,3,-3,-52,23,1,handClose
-14,6,-3,19,26,-84,14,-19,handClose
-28,-12,0,-12,-12,-68,-83,34,handClose
66,-2,25,18,52,127,108,127,handClose
-77,3,31,-2,-31,-128,-64,-128,handClose
127,18,-6,39,83,127,127,127,handClose
-26,7,-19,-11,9,-98,-9,-46,handClose
-88,-23,8,-4,-17,-25,-90,-128,handClose
127,47,36,33,8,-128,76,127,handClose
-39,9,5,-16,-5,-128,-69,-128,handClose
-33,-20,-27,12,24,-52,-53,-71,handClose
35,26,48,-34,-14,127,47,38,handClose
-14,1,85,41,10,-19,7,3,handClose
-43,-19,-10,-24,-81,-63,-22,-44,handClose
66,33,51,65,27,127,23,125,handClose
22,21,1,-24,-18,-128,20,-26,handClose
-14,-5,-37,-28,-19,-4,-13,-20,handClose
2,-32,-97,30,-3,51,12,-16,handClose
-3,15,6,-20,12,19,5,23,handClose
-76,-20,-17,-31,-35,-80,-59,-128,handClose
127,23,-9,-27,-35,33,42,127,handClose
-6,-12,14,10,33,127,94,-128,handClose
-33,-2,6,-10,2,-76,-50,-75,handClose
-31,-13,10,22,-3,-100,-65,-122,handClose
108,43,1,-22,26,2,127,127,handClose
-24,-22,-61,-20,1,-19,-18,-29,handClose
-45,-11,-2,8,-38,-128,-102,-94,handClose
117,28,71,-13,-2,127,120,127,handClose
-23,-8,-51,11,-25,-78,-69,-100,handClose
-100,-27,13,-32,-21,-128,-121,-128,handClose
127,38,-38,38,37,125,127,127,handClose
-35,-12,-11,-6,-7,-25,-18,-67,handClose
-29,-11,21,-4,-44,8,13,-57,handClose
-59,-23,-46,-37,-71,-128,-128,9,handClose
-35,2,-34,8,17,-99,-51,-82,handClose
-68,-11,-5,-75,-56,-128,-115,-128,handClose
11,11,61,67,-18,127,-28,70,handClose
36,16,-4,-10,24,127,127,14,handClose
-68,6,78,23,-15,-82,-77,-128,handClose
127,26,-22,-8,9,127,127,127,handClose
-23,-16,0,28,26,-109,-52,-54,handClose
-60,-30,13,-18,-20,-128,-58,-128,handClose
59,21,4,3,-58,127,21,127,handClose
-27,1,7,-34,-15,-43,19,-12,handClose
-35,-52,-58,61,2,-128,-128,-103,handClose
28,15,-7,-21,-24,-128,49,-27,handClose
-60,-15,9,-18,-29,-79,-58,-96,handClose
-67,-28,-15,-33,-25,-47,-128,61,handClose
55,-19,-63,20,30,127,108,21,handClose
-31,-6,10,-26,-8,-42,-44,-71,handClose
-19,-10,22,-11,11,99,-53,-38,handClose
-11,-1,-10,-8,2,32,-7,10,handClose
-3,0,25,7,-1,45,-2,16,handClose
-11,-30,-124,-89,-8,-5,-2,-18,handClose
28,9,7,11,-9,-3,-32,65,handClose
14,8,19,-9,-46,-22,-40,-3,handClose
-38,2,-42,-19,-24,-128,-105,-55,handClose
-32,15,-19,-8,-7,-128,-17,1,handClose
-67,-4,-27,-32,-9,-73,-48,-128,handClose
93,8,-38,-12,-17,-11,54,127,handClose
-52,-13,-13,9,11,73,-44,-128,handClose
93,-5,91,38,26,127,127,127,handClose
-28,22,46,-2,8,-43,-1,-31,handClose
-40,-71,-128,-90,-23,-128,-83,-16,handClose
-2,-2,-53,29,33,86,65,10,handClose
55,11,38,-19,-90,-128,5,118,handClose
-49,0,-33,-54,-19,-115,-91,-128,handClose
-28,7,-11,-11,20,127,-46,4,handClose
105,-21,-116,16,21,86,68,127,handClose
-34,4,24,24,-7,89,-15,-73,handClose
-119,-29,-11,-11,-19,-48,-128,-128,handClose
127,44,16,48,63,127,127,127,handClose
-25,4,8,8,18,5,-2,-65,handClose
-48,-9,5,-23,-30,-102,-85,-88,handClose
-12,-6,2,-2,-26,-128,-61,-46,handClose
-16,-15,-10,-15,-1,-6,-30,21,handClose
12,6,-6,-4,-9,6,-24,-57,handClose
3,14,33,16,2,78,40,19,handClose
-30,-16,-2,-39,-14,-5,-70,78,handClose
-2,-8,-11,49,-1,-115,-37,-19,handClose
16,13,38,20,48,127,92,80,handClose
-42,-12,15,0,8,-100,-75,-94,handClose
9,-13,9,-7,7,127,48,29,handClose
-60,-8,-20,-17,-31,-44,-41,-128,handClose
105,-2,-55,72,44,-128,-15,127,handClose
45,25,41,43,62,-3,81,38,handClose
-50,2,-24,-40,-33,-128,-93,-45,handClose
7,8,8,25,-64,31,-128,-31,handOpen
6,39,18,20,76,100,10,26,handOpen
0,-22,-33,-18,8,-28,-47,-30,handOpen
-8,-2,17,50,-31,-15,-5,-12,handOpen
-27,-25,-31,-25,115,-57,-19,-40,handOpen
4,13,-29,82,20,52,43,-6,handOpen
7,7,60,-41,-15,19,5,4,handOpen
-7,-34,-24,63,-6,-70,-19,-12,handOpen
27,16,20,-20,127,127,125,13,handOpen
5,11,10,2,52,17,22,7,handOpen
-5,-7,-52,-46,-17,-11,6,-3,handOpen
0,-13,33,32,-31,-24,-10,-1,handOpen
-9,-10,-27,-73,-113,-67,-53,-11,handOpen
9,-2,22,126,115,0,-38,-10,handOpen
-12,18,-30,-76,-44,-30,-49,-7,handOpen
-1,10,10,22,80,7,24,3,handOpen
-5,-29,-7,-5,-50,-42,-4,-11,handOpen
3,2,-4,-25,8,55,36,31,handOpen
3,9,6,44,94,-15,-67,-27,handOpen
2,4,-8,-75,-128,-71,-52,-26,handOpen
-20,3,-69,-128,-16,43,-41,-13,handOpen
2,-3,4,127,-49,12,-13,-3,handOpen
7,-12,-5,-71,-32,-15,-3,2,handOpen
0,3,0,-17,-55,-1,1,-2,handOpen
-8,1,0,-13,19,9,-14,-6,handOpen
-4,-3,-18,-48,-97,-61,38,-5,handOpen
8,-7,11,11,-71,3,127,16,handOpen
-10,23,17,-36,-18,-37,-22,13,handOpen
-9,-30,-65,-27,72,51,2,-14,handOpen
0,6,21,-39,-26,-65,-32,3,handOpen
50,18,41,-25,41,127,77,104,handOpen
-14,18,-4,83,-104,6,-42,-18,handOpen
-14,-23,-39,-79,-46,-40,-29,-15,handOpen
13,-1,36,111,127,-4,-5,-3,handOpen
-9,-8,-23,-37,-73,16,-30,21,handOpen
-9,2,-14,22,52,69,8,2,handOpen
-10,-1,-4,-39,-46,-20,-119,-15,handOpen
-9,-7,-12,-39,-36,-21,20,-15,handOpen
-5,16,3,-29,-53,-62,-3,-21,handOpen
0,-10,-56,35,-3,-14,-25,-3,handOpen
-27,-20,23,18,17,-11,-128,-94,handOpen
18,30,48,99,35,9,101,31,handOpen
-6,17,-3,-13,-4,26,-1,-1,handOpen
-1,-5,-1,-15,-11,-13,-21,-11,handOpen
-8,1,0,32,51,8,-12,-11,handOpen
8,-4,15,18,65,-31,13,5,handOpen
-1,-2,-6,-33,8,-6,-15,-2,handOpen
-1,18,5,50,31,-17,-5,-3,handOpen
3,1,-27,9,-27,31,7,0,handOpen
-4,-15,39,60,70,25,-8,-4,handOpen
-3,-8,13,-18,-50,-27,15,6,handOpen
2,8,-2,3,-78,-37,47,27,handOpen
-7,20,14,-54,-62,17,10,12,handOpen
-13,-37,-118,-95,-47,-21,-8,-12,handOpen
-5,6,23,41,-17,-103,-75,-35,handOpen
-2,17,-4,50,-98,120,-58,-21,handOpen
-7,10,-34,-83,-69,-27,-7,-11,handOpen
-20,-22,1,-17,-72,-66,-12,-11,handOpen
20,16,48,83,-29,62,19,8,handOpen
-3,2,-14,-1,-25,55,54,1,handOpen
-19,-5,-14,-8,-30,-52,-55,-22,handOpen
3,-6,-6,-18,-44,-45,4,12,handOpen
18,18,63,69,127,83,60,29,handOpen
-2,-21,-73,-31,9,-3,-6,-6,handOpen
-7,-1,15,-2,51,-44,-59,-29,handOpen
5,1,-11,17,-2,-24,12,65,handOpen
-3,-13,-6,-78,-92,10,12,5,handOpen
-3,18,2,16,18,4,13,-20,handOpen
-3,1,4,60,48,-10,-16,-8,handOpen
-4,-11,-1,28,62,26,-1,-8,handOpen
-3,6,-23,36,-3,-12,1,-6,handOpen
-6,-11,14,-4,-26,-31,-17,-7,handOpen
16,5,8,13,54,-1,127,65,handOpen
20,-17,10,22,121,127,81,50,handOpen
7,31,12,-39,-10,5,8,15,handOpen
-6,-19,0,-25,-4,-32,-19,0,handOpen
-4,-24,-20,10,-22,-38,-24,-10,handOpen
10,-1,7,-5,-11,-19,-65,13,handOpen
9,7,11,63,58,82,109,15,handOpen
9,0,4,-77,6,-11,17,21,handOpen
-9,1,-4,-5,-43,-13,-59,-8,handOpen
-1,-8,6,55,-35,-49,-51,-20,handOpen
-8,9,-22,-9,19,127,-82,-45,handOpen
11,4,2,-33,74,-25,11,15,handOpen
-21,-2,-1,-26,-128,-62,-28,-12,handOpen
-1,5,-44,70,70,29,8,1,handOpen
-3,-23,27,46,27,-5,-10,1,handOpen
2,-6,3,-53,-22,-20,12,-4,handOpen
20,7,42,94,108,47,24,-24,handOpen
3,-7,-20,-96,-58,4,2,36,handOpen
10,10,0,-34,-31,-11,71,46,handOpen
-8,3,-24,-1,-32,-7,-13,-2,handOpen
-7,-15,-31,-32,18,14,0,-17,handOpen
8,3,17,-20,12,-28,-15,17,handOpen
17,3,33,120,97,38,-84,6,handOpen
6,23,9,12,-38,37,127,22,handOpen
-7,-6,-22,-111,-84,-47,-34,-7,handOpen
-16,-7,13,51,-4,-82,-40,-21,handOpen
-8,-21,-20,-39,4,28,9,-16,handOpen
1,-12,-16,-67,-85,-30,5,-13,handOpen
-12,16,-7,-96,-48,-27,13,4,handOpen
9,-20,-1,-8,-36,-13,127,1,handOpen
16,9,24,108,127,80,102,83,handOpen
-15,-2,-23,-51,-75,-26,-18,-12,handOpen
1,0,11,21,3,-37,-1,-8,handOpen
1,-19,-56,-13,-33,6,-1,-4,handOpen
4,-6,3,-4,101,24,7,7,handOpen
-7,10,6,4,-73,23,-5,-4,handOpen
-8,-5,13,-2,14,7,-1,-5,handRelax
-1,5,3,3,-13,-4,-2,-4,handRelax
2,-9,2,-3,1,-5,4,1,handRelax
3,-1,-4,1,-5,-8,-2,-5,handRelax
-1,4,0,1,-1,11,1,2,handRelax
0,-3,3,4,23,6,1,2,handRelax
2,-7,-2,2,0,-1,-3,-2,handRelax
-7,2,-5,-6,-3,-3,-3,2,handRelax
4,-1,8,4,1,-2,2,0,handRelax
5,-9,-4,-7,-6,-2,3,-5,handRelax
-2,0,-5,-5,1,-4,-3,-2,handRelax
0,2,3,4,-5,-11,-4,-1,handRelax
-6,-6,-8,-6,-20,10,2,3,handRelax
-4,-1,6,-1,-15,-14,-5,-6,handRelax
5,4,-11,-1,8,11,-4,-1,handRelax
2,-6,-3,-6,-10,-8,1,-1,handRelax
-3,-6,1,5,-1,-2,-3,3,handRelax
-8,8,-13,-8,-11,-2,-11,-7,handRelax
-2,-6,4,8,-2,-5,-3,0,handRelax
4,-3,6,-2,3,5,4,-1,handRelax
-4,2,-7,-4,-4,-10,-1,-4,handRelax
-1,0,0,-3,-3,-1,2,-2,handRelax
2,-3,-2,3,-1,-8,0,0,handRelax
-2,5,-5,-2,-4,-12,1,-1,handRelax
3,2,-1,-3,16,8,-1,0,handRelax
0,-5,3,-4,-6,-4,-3,0,handRelax
-2,-2,0,2,-9,-4,-1,4,handRelax
-2,5,-5,5,12,-20,-6,-2,handRelax
-3,-2,-3,-1,9,32,8,-1,handRelax
4,-7,6,2,-4,0,3,-1,handRelax
-3,4,-12,-8,-21,-16,-6,-3,handRelax
-6,-4,-8,-5,-12,2,-2,-2,handRelax
1,-6,3,2,-6,-4,3,0,handRelax
-4,-1,-8,-3,-20,-25,-1,-5,handRelax
-3,0,-4,0,33,16,-3,-4,handRelax
-1,-4,-1,-3,-8,-8,1,3,handRelax
2,-2,-4,-2,0,3,3,4,handRelax
-6,3,-6,2,14,1,-5,3,handRelax
1,0,-2,3,-10,0,-6,-2,handRelax
-1,-4,3,-6,-3,-8,-1,-1,handRelax
0,3,-6,0,24,21,-2,-4,handRelax
-1,0,-11,-7,-13,-8,-4,-1,handRelax
4,-4,5,-1,15,2,5,-3,handRelax
-3,-3,5,11,2,8,0,-1,handRelax
-1,2,-6,-5,-5,-2,-4,1,handRelax
0,-3,1,0,4,1,-1,1,handRelax
-1,1,1,-2,-16,-7,4,-2,handRelax
-6,4,-6,-4,-24,-12,-8,0,handRelax
-2,5,-2,-3,8,3,2,-2,handRelax
1,-2,3,3,-10,3,2,3,handRelax
-4,10,-7,6,10,-19,-8,0,handRelax
1,-2,3,-5,-1,-5,0,2,handRelax
-1,-5,-2,-2,-5,-3,1,1,handRelax
-4,-1,6,5,-1,-3,-4,0,handRelax
-1,1,-2,-3,-4,-7,0,-2,handRelax
2,-1,-2,7,7,1,-1,0,handRelax
1,0,-1,-8,-37,-11,-1,-4,handRelax
-6,4,-6,1,11,8,-3,-1,handRelax
5,-3,11,7,25,19,5,1,handRelax
2,-2,2,-1,0,-8,0,0,handRelax
0,1,-4,0,-2,-2,-3,-1,handRelax
3,-4,8,4,-2,-6,-5,-1,handRelax
2,2,0,-1,4,3,4,1,handRelax
-2,1,-8,-10,-7,-9,-1,1,handRelax
0,-5,7,10,26,18,-4,-4,handRelax
-1,-1,-2,1,-5,2,4,2,handRelax
-4,-2,-6,-1,-6,-5,2,-1,handRelax
-3,3,0,-1,-1,11,-2,0,handRelax
4,1,4,3,10,3,0,1,handRelax
8,-3,7,1,-11,-8,3,-4,handRelax
-8,3,-8,-1,3,-2,-3,-1,handRelax
0,-1,2,-1,-14,1,1,2,handRelax
4,2,10,-6,-14,7,1,1,handRelax
-4,-6,-3,9,59,8,-2,-4,handRelax
-3,4,1,-7,-31,-10,-3,0,handRelax
2,-2,1,-4,-3,1,0,-1,handRelax
-3,-2,-6,-3,-8,2,-1,2,handRelax
-4,2,-2,-1,21,-1,-1,0,handRelax
3,-3,6,-1,1,-5,-1,1,handRelax
2,0,0,3,-6,-6,-2,3,handRelax
-9,6,-8,-1,-3,11,-1,1,handRelax
0,-1,12,3,33,-9,-2,-2,handRelax
3,-3,8,5,27,10,2,1,handRelax
-2,10,-4,-3,-51,-13,0,-2,handRelax
2,-1,5,1,5,-2,-4,0,handRelax
4,-4,-4,0,-3,8,-1,2,handRelax
2,-7,-1,-3,-4,-9,-3,-5,handRelax
2,6,1,1,0,12,3,-2,handRelax
-4,-5,-3,-1,-1,-1,0,1,handRelax
2,-4,-1,0,-4,-8,-5,-1,handRelax
-6,0,-7,-4,-10,0,0,1,handRelax
-5,0,-4,-2,1,-2,-3,-1,handRelax
2,-5,6,-2,-11,-9,4,2,handRelax
-3,2,-9,1,38,-7,-2,0,handRelax
-2,-4,-1,-6,-4,0,-3,-2,handRelax
2,-4,7,-4,-7,-5,1,-1,handRelax
-3,-5,-12,3,-12,1,-1,-1,handRelax
-3,6,4,-2,-13,-10,-7,0,handRelax
1,-4,-6,2,-1,8,0,-1,handRelax
0,-2,12,-5,-7,-2,0,-1,handRelax
-3,2,0,3,21,4,3,1,handRelax
0,-4,-5,-5,-9,-4,-1,-1,handRelax
4,-2,12,1,-12,-5,2,2,handRelax
-5,6,-17,-12,-3,-5,-4,-5,handRelax
0,-2,0,12,7,0,-3,-3,handRelax
4,1,-6,0,-31,5,0,1,handRelax
8,5,10,39,-5,-42,99,10,handlateral
-8,-7,-3,-28,-8,-95,-45,-15,handlateral
-3,-11,8,16,61,127,13,-3,handlateral
-22,-17,-10,-63,-54,27,-22,-42,handlateral
-4,13,-17,44,-13,-52,-68,21,handlateral
-1,5,0,-34,6,-65,7,-15,handlateral
-12,-12,12,31,27,-2,-10,-10,handlateral
1,-19,-15,-33,-22,-10,17,-8,handlateral
-1,11,18,12,43,6,-81,-4,handlateral
-21,-9,-27,-72,-6,-39,-45,-24,handlateral
19,19,-1,-23,9,83,50,27,handlateral
14,3,-3,-19,-14,45,21,2,handlateral
-20,-15,-12,8,-16,-21,-22,-21,handlateral
-10,-5,1,34,29,-34,19,-5,handlateral
-41,-15,13,20,-38,-9,-16,-87,handlateral
79,34,22,39,11,35,-28,127,handlateral
-32,-22,-13,30,63,13,11,-75,handlateral
-5,4,23,22,0,-14,-18,-24,handlateral
-10,-2,12,-29,25,-42,-39,-16,handlateral
4,-1,-31,78,58,71,50,7,handlateral
-26,-16,26,-38,-105,-64,-33,-10,handlateral
29,15,10,35,17,31,29,33,handlateral
-3,7,22,-45,-19,-96,22,-35,handlateral
-13,2,10,-33,-79,9,-24,-22,handlateral
11,8,5,17,12,12,62,10,handlateral
-5,3,-3,35,52,64,-12,-14,handlateral
4,4,1,19,-28,-28,10,24,handlateral
-33,-19,-4,-35,-20,26,-47,-27,handlateral
52,9,-4,9,-4,-116,127,47,handlateral
-14,-1,-9,-14,17,5,-24,-12,handlateral
-4,-7,5,47,-41,-2,48,-10,handlateral
8,17,15,10,54,-43,-58,10,handlateral
-7,-10,-5,18,-20,15,19,-18,handlateral
13,20,5,1,90,51,20,6,handlateral
-17,-20,-8,-24,-49,-65,-32,-24,handlateral
14,8,22,41,-1,82,54,-12,handlateral
16,7,-5,3,13,24,2,54,handlateral
-18,-1,1,-54,-40,-7,-44,-30,handlateral
4,-11,-19,39,42,1,0,28,handlateral
-4,1,21,-25,-22,-7,70,32,handlateral
-7,-4,7,49,1,-40,-31,-20,handlateral
9,11,19,-9,14,-1,-6,-7,handlateral
-25,-10,-11,-66,-50,12,11,-40,handlateral
11,13,3,55,30,-29,-30,29,handlateral
-3,-9,-9,-33,-5,-36,1,-16,handlateral
-7,-12,-1,5,-51,-72,-41,-44,handlateral
20,-5,6,-22,76,123,56,100,handlateral
4,10,6,25,-13,45,27,0,handlateral
14,-7,3,-19,32,4,-19,11,handlateral
-3,12,-4,-38,-66,4,8,-6,handlateral
0,-5,19,60,95,39,9,-2,handlateral
-5,4,0,-53,-35,-12,-4,8,handlateral
-3,2,2,37,38,-1,3,-5,handlateral
-10,-14,-74,-23,-80,-45,6,-10,handlateral
10,4,20,56,61,30,10,9,handlateral
-5,2,-8,-65,-31,-47,-19,-2,handlateral
-13,-6,-6,32,9,-10,-35,-11,handlateral
-18,0,-7,-27,-22,-99,0,-7,handlateral
18,2,-7,-11,20,88,43,10,handlateral
-25,-10,-10,-5,-1,5,-23,-42,handlateral
26,8,13,1,18,0,11,6,handlateral
-8,0,23,-28,-63,2,-41,55,handlateral
-12,-10,-59,20,-28,-43,15,-20,handlateral
4,6,12,-12,-44,17,14,-12,handlateral
-7,-7,-1,-24,14,-13,7,-10,handlateral
-16,7,-8,-10,-20,-18,-42,-13,handlateral
-2,-3,-1,6,45,-22,0,-2,handlateral
2,-11,5,3,-13,12,8,0,handlateral
-8,-5,-6,-36,-26,-10,6,-4,handlateral
-2,0,-7,82,53,0,-28,-4,handlateral
-1,-7,14,-24,57,-25,-25,-9,handlateral
16,-3,-8,-32,-29,-10,1,39,handlateral
-13,6,-6,-1,-6,-33,-14,-17,handlateral
-3,-11,-26,28,15,-22,-5,-8,handlateral
-7,-9,2,2,-28,34,19,-16,handlateral
-4,-6,-7,-14,29,22,-9,-6,handlateral
-26,-8,-4,-31,-14,-4,5,0,handlateral
-4,-27,-30,57,58,37,-28,-26,handlateral
-9,9,3,-33,-6,-15,-11,-12,handlateral
-4,-4,3,-8,-7,20,-11,-14,handlateral
1,-13,-7,22,7,-3,11,-1,handlateral
-6,1,6,9,-17,-22,-2,-12,handlateral
14,7,1,-15,3,37,14,27,handlateral
0,-2,-1,9,-18,-32,-13,-1,handlateral
6,1,10,4,46,-16,34,14,handlateral
-6,4,-8,-1,-18,-32,-9,-9,handlateral
-2,2,1,-35,-4,22,-1,-1,handlateral
-2,-5,13,48,37,-26,-14,-3,handlateral
-3,-2,-5,-3,-4,-15,20,0,handlateral
-8,-3,6,20,42,2,6,0,handlateral
10,1,-24,21,4,-11,-35,-3,handlateral
6,-1,6,35,11,5,94,14,handlateral
-10,7,-7,3,9,-18,-32,-13,handlateral
11,10,0,5,49,10,18,-6,handlateral
-2,-7,4,-20,-17,0,2,0,handlateral
-11,0,1,-29,-44,-52,-15,-3,handlateral
2,0,-9,15,17,25,-3,7,handlateral
8,-8,10,-3,3,69,-24,0,handlateral
3,-7,0,9,-25,0,11,23,handlateral
27,18,-2,11,56,-12,10,55,handlateral
-8,0,-5,12,-15,1,-12,-18,handlateral
-3,1,3,8,-43,8,4,-7,handlateral
-3,3,-1,-45,-23,-9,-3,-7,handlateral
-7,-5,-9,0,-16,-23,-18,-4,handlateral
8,2,8,17,38,18,8,5,handlateral
-5,-8,-22,-4,6,-11,-17,-1,handlateral
-1,6,-11,-40,-42,-25,-2,5,handspherical
-11,-7,-32,-84,-111,-8,-19,21,handspherical
18,14,31,54,35,85,78,25,handspherical
-9,-8,-35,-25,-50,-23,-16,-14,handspherical
-18,12,15,-2,-82,-48,-50,-32,handspherical
0,-7,-50,-86,-95,8,-1,-4,handspherical
-8,-13,32,67,6,-19,-24,-11,handspherical
-2,5,-9,-90,23,-4,-30,4,handspherical
2,17,-46,14,-118,-13,25,-6,handspherical
-1,-15,45,18,-76,-21,-7,-14,handspherical
16,16,17,26,74,43,9,49,handspherical
-15,2,-11,9,-3,-8,7,-35,handspherical
10,-3,-2,40,31,76,22,21,handspherical
0,-4,13,-30,72,15,-63,3,handspherical
-4,0,-32,-52,-100,-16,63,27,handspherical
-1,-6,-5,0,-26,-9,9,-19,handspherical
-11,-21,-46,-38,-60,-64,-31,-15,handspherical
8,25,31,0,-62,79,26,6,handspherical
3,-4,-6,87,104,4,-40,1,handspherical
-5,5,18,-20,12,-34,-31,-22,handspherical
1,10,25,11,52,-3,-32,6,handspherical
8,-14,-32,34,85,-11,8,1,handspherical
-6,10,4,-18,-60,-20,-29,-15,handspherical
-6,-6,-9,-55,33,-26,9,7,handspherical
0,2,-8,66,18,8,0,-22,handspherical
-16,-7,-21,43,-32,-41,-13,-16,handspherical
8,-13,8,-25,11,23,49,21,handspherical
-3,-3,-8,-48,-1,2,-105,27,handspherical
10,19,34,60,116,64,-53,16,handspherical
-3,10,3,10,-106,-16,-13,-6,handspherical
16,4,19,119,19,83,15,9,handspherical
-3,5,17,-24,-21,8,-1,0,handspherical
2,-1,4,-31,-45,-5,-4,1,handspherical
-2,1,-11,21,42,-11,-7,6,handspherical
2,20,22,61,-35,-2,-10,-8,handspherical
3,-14,-21,-67,-2,62,17,-1,handspherical
10,9,34,56,41,-7,14,27,handspherical
-27,-25,-38,-61,-50,-105,-58,-38,handspherical
9,30,20,40,82,77,19,0,handspherical
9,-12,-2,-6,32,115,47,-27,handspherical
-9,-3,-32,-40,48,25,-16,-8,handspherical
-11,-4,40,66,-22,-31,-15,-13,handspherical
-2,-16,-38,-22,-20,-38,3,-8,handspherical
13,25,36,16,83,31,21,8,handspherical
-14,-6,40,-28,-54,-13,-10,-5,handspherical
-4,-6,2,9,3,-38,-93,-19,handspherical
1,5,-20,-37,-30,35,22,5,handspherical
-2,0,12,52,54,1,1,2,handspherical
-3,-7,2,43,14,12,-4,-7,handspherical
1,-12,-7,-41,-22,-31,-43,-18,handspherical
-17,0,-20,-60,-48,9,0,-6,handspherical
2,4,17,32,16,-6,-16,2,handspherical
7,-3,16,1,45,7,7,8,handspherical
-16,-10,-30,-48,-75,-59,-21,-33,handspherical
23,-6,20,18,101,127,72,36,handspherical
-8,4,7,13,13,-19,4,3,handspherical
1,-1,9,-3,-27,25,-4,-15,handspherical
-5,-4,-12,-28,-2,15,-29,-23,handspherical
-4,0,1,57,127,-5,-1,-29,handspherical
20,12,38,49,115,111,39,10,handspherical
-9,-11,8,66,54,-18,-50,-19,handspherical
-2,-4,-13,-76,-106,-48,66,8,handspherical
17,36,18,52,99,62,57,-4,handspherical
-7,1,17,-75,-29,2,-13,-2,handspherical
-8,-18,-7,19,28,2,-20,-12,handspherical
-1,-27,-41,-13,-80,-35,-16,-5,handspherical
12,2,12,6,91,-12,13,7,handspherical
-6,10,-10,30,25,-10,-8,-39,handspherical
2,9,8,-11,-64,-14,-4,-6,handspherical
-16,-9,-15,-5,-25,-43,-4,-20,handspherical
-1,4,0,-13,-44,-5,-68,18,handspherical
-5,1,-20,-79,-74,-21,11,13,handspherical
-1,7,22,95,127,-13,-11,-11,handspherical
12,21,45,33,127,127,61,13,handspherical
-5,-12,-12,75,112,31,6,1,handspherical
-8,-13,15,-19,-78,-61,-34,-11,handspherical
14,22,-16,-20,86,86,20,13,handspherical
-18,-19,-24,-10,-53,-32,-21,-19,handspherical
8,-4,21,38,10,-16,-8,5,handspherical
11,15,-10,-30,-56,7,-36,41,handspherical
9,4,21,66,90,33,39,1,handspherical
-4,9,10,72,-4,-29,-14,-4,handspherical
-4,-7,-5,-9,-33,-10,-61,-6,handspherical
-15,-3,-11,-17,-13,-12,40,-17,handspherical
5,-14,-19,-57,-57,-64,27,57,handspherical
7,5,16,46,127,49,15,7,handspherical
-5,2,11,-37,-79,-29,-14,-9,handspherical
1,-1,-32,34,117,18,7,2,handspherical
-2,11,38,47,-107,11,-2,-2,handspherical
19,-1,20,34,79,80,13,13,handspherical
14,29,45,37,122,68,37,12,handspherical
-11,-18,-34,-44,-72,-53,-33,-9,handspherical
1,-10,-10,11,28,-38,-5,-13,handspherical
15,34,42,127,127,89,5,-6,handspherical
-4,-5,-17,-23,-76,-70,-44,-7,handspherical
-5,-7,2,-12,-49,-7,42,3,handspherical
1,-3,-4,25,73,7,23,13,handspherical
-12,8,-2,0,12,9,-21,-11,handspherical
-10,-9,-17,17,-85,-20,-26,-7,handspherical
16,9,12,-35,23,-3,-3,-1,handspherical
21,23,36,127,127,32,74,49,handspherical
6,-2,5,-66,-74,82,-12,15,handspherical
-3,-14,-16,11,-14,-27,-9,-4,handspherical
-11,-10,-28,-53,-44,-24,-14,-11,handspherical
7,19,-14,44,-101,-24,-14,4,handspherical
3,0,46,100,127,28,12,10,handspherical
-63,67,-25,-15,23,127,-56,-28,handClose
76,23,78,35,37,-54,127,31,handClose
53,-73,37,5,4,127,88,35,handClose
-86,63,-128,-35,4,13,-102,-37,handClose
-23,-13,20,-18,-53,-113,-32,-44,handClose
75,-50,71,26,75,127,127,47,handClose
-36,40,-50,-37,-11,-59,-13,21,handClose
-15,-1,4,-15,3,-37,-88,-35,handClose
-28,-28,30,17,-30,-31,23,-69,handClose
-31,-43,-55,-60,-42,-128,-128,-59,handClose
61,78,-10,-37,17,-127,64,39,handClose
-26,-11,36,-9,-19,-39,-48,-94,handClose
13,-68,35,11,4,-51,0,31,handClose
-73,70,-22,16,44,127,1,-1,handClose
17,1,-21,-28,6,46,72,37,handClose
24,-75,44,-18,-36,5,-63,-25,handClose
19,49,-24,59,98,127,127,44,handClose
-19,-1,1,17,7,-128,-88,-45,handClose
77,-12,47,28,58,127,127,82,handClose
3,-16,17,10,-74,51,-8,22,handClose
-61,36,-66,-64,-25,-128,-93,-63,handClose
-23,-26,-23,-29,-50,-9,-27,-80,handClose
127,-13,74,15,32,127,117,127,handClose
-97,82,-75,-10,33,-128,-105,-71,handClose
-19,-24,17,-3,-31,-72,-68,-36,handClose
50,-66,117,54,-14,85,77,10,handClose
-55,40,-106,-59,-16,-97,-89,-49,handClose
-16,11,19,18,2,-84,-13,23,handClose
11,-14,72,-17,-11,3,12,41,handClose
26,-44,-128,-43,21,91,127,-20,handClose
-9,48,-97,-53,15,-128,42,-36,handClose
-10,-24,22,6,-72,-44,-42,-4,handClose
61,-37,88,61,5,108,99,10,handClose
-94,61,-128,-10,23,-18,-33,-60,handClose
19,-15,2,-4,-39,-128,-43,88,handClose
61,-43,127,90,28,127,127,18,handClose
7,56,-15,-63,-24,0,-7,47,handClose
-44,11,-3,9,55,-106,-52,-45,handClose
5,-43,0,-16,-40,5,-59,10,handClose
15,-8,-6,11,-4,70,92,15,handClose
-80,10,-10,-27,-25,-15,-111,-87,handClose
127,64,57,39,73,-41,127,127,handClose
-9,-81,-66,19,-24,-117,-10,-40,handClose
-104,59,-67,-42,-13,-3,-108,-76,handClose
-12,5,81,7,-10,-29,28,-75,handClose
38,-111,75,-11,-68,-9,-128,85,handClose
-3,88,-53,9,51,-128,107,-12,handClose
-23,6,15,-3,1,-44,-51,-28,handClose
1,-43,-6,19,-17,-9,-54,-20,handClose
1,-53,-128,-122,51,-5,37,17,handClose
-27,43,105,24,-41,-128,-47,-12,handClose
39,6,46,26,44,111,-14,-2,handClose
1,-70,8,-24,-76,-3,-66,19,handClose
-107,71,-128,-26,57,91,-48,-50,handClose
2,-25,-24,-28,-26,-69,51,-64,handClose
22,-73,20,-16,-118,-128,-128,-58,handClose
-68,65,-128,-28,-5,-64,6,-32,handClose
-20,-15,-13,12,36,-72,-10,-7,handClose
35,-9,117,42,-22,37,-56,-39,handClose
15,-43,-100,-85,-22,127,-35,1,handClose
-7,15,-73,-31,-20,-56,-3,-11,handClose
-4,-11,49,37,-2,111,-8,-32,handClose
-50,-58,28,13,-14,41,-112,-128,handClose
59,127,-124,-35,76,-128,127,69,handClose
-24,10,51,15,-40,-32,-59,-62,handClose
-22,-124,14,-38,-58,-128,-128,-82,handClose
11,85,8,44,35,116,127,65,handClose
-35,-18,-37,-43,-26,5,-93,-44,handClose
19,-71,31,35,67,59,52,13,handClose
11,49,76,52,15,127,-5,8,handClose
46,40,-71,47,49,-128,28,24,handClose
-7,-16,-36,-89,-30,-124,-114,-8,handClose
41,-22,100,79,88,127,127,-40,handClose
-73,79,-62,18,49,80,111,-37,handClose
94,10,-20,-37,-90,-65,-15,127,handClose
6,-77,84,35,-13,-128,-107,-52,handClose
-73,65,-70,-7,-27,-27,-46,-4,handClose
51,11,101,54,4,-91,-57,118,handClose
31,-41,49,61,-26,-22,7,-3,handClose
43,29,52,6,22,127,75,75,handClose
-46,-14,12,48,20,-128,-78,-111,handClose
-9,-30,36,30,18,104,34,10,handClose
-4,-24,35,48,-18,-128,23,-52,handClose
27,102,-16,20,122,72,71,-2,handClose
-8,-7,6,-45,-15,-128,-57,34,handClose
0,-85,8,-12,-24,-58,-44,-66,handClose
-26,51,-72,-88,-51,33,-75,127,handClose
-1,30,9,-3,7,-103,13,-14,handClose
6,-56,49,11,-83,-34,-28,-50,handClose
-30,6,-48,-29,-27,-102,-68,-17,handClose
22,18,36,-4,5,127,83,2,handClose
-37,-78,-80,-23,-82,-128,-42,-110,handClose
96,25,46,48,71,127,127,111,handClose
-51,68,-17,-17,-10,-81,-86,49,handClose
2,-8,29,-25,-32,-128,-54,-26,handClose
94,-63,89,37,66,127,127,41,handClose
-96,36,-69,-39,-32,-2,-82,-69,handClose
91,25,-24,-8,39,127,127,115,handClose
23,-31,111,54,-31,16,23,-40,handClose
-128,-69,-128,-35,-26,-77,-128,-14,handClose
83,63,112,67,105,127,109,54,handClose
-18,-17,27,-7,-68,-7,-42,-47,handClose
-53,-71,29,84,-21,28,-98,-72,handClose
-19,100,-76,2,59,-74,127,-26,handClose
5,-21,-6,52,-48,-42,-78,-5,handClose
54,-45,36,-2,8,101,24,-21,handClose
-15,31,15,-12,-101,-74,-54,-18,handOpen
16,-41,11,-17,-13,31,62,14,handOpen
23,-11,8,-83,-124,-1,17,12,handOpen
-65,82,-54,-3,-31,-32,-48,-24,handOpen
-3,-31,-5,-7,-49,-49,-56,-33,handOpen
53,-67,47,-57,-25,109,117,13,handOpen
-88,70,-80,22,-128,-126,-88,-53,handOpen
10,-31,-11,-56,125,93,11,6,handOpen
76,-17,64,-38,-48,70,125,44,handOpen
-54,2,-85,-28,-39,-58,-70,-20,handOpen
-10,3,25,-88,-76,-40,-41,-15,handOpen
5,-20,31,-14,-72,-33,-17,-9,handOpen
11,-40,0,-26,-82,-99,-15,-11,handOpen
-13,127,-2,-99,6,87,-128,-9,handOpen
-4,3,8,96,108,5,24,-22,handOpen
44,-86,21,-41,-119,-43,107,-10,handOpen
-85,59,-90,-47,-14,-52,-128,-53,handOpen
16,-2,-21,-64,-120,61,-35,14,handOpen
38,-59,72,84,-54,36,-66,-27,handOpen
-54,1,-77,3,66,-10,43,-4,handOpen
-10,12,-12,-91,-122,-78,-50,-15,handOpen
14,-27,19,-3,0,17,8,0,handOpen
26,-43,8,22,30,40,-128,-53,handOpen
-41,84,-22,40,127,-9,107,8,handOpen
17,8,34,77,88,113,30,37,handOpen
49,-82,48,-25,-109,-14,16,1,handOpen
-91,97,-102,-79,-128,-7,-25,47,handOpen
12,-38,5,25,106,13,-47,-13,handOpen
41,-35,106,35,-128,-42,48,11,handOpen
-42,39,-50,-29,-22,-13,-85,-44,handOpen
0,6,7,-15,43,-39,-3,-6,handOpen
24,-16,64,79,80,115,29,16,handOpen
12,-39,7,-58,62,-17,-29,-12,handOpen
-27,73,-32,-47,-61,-56,77,41,handOpen
0,-2,29,44,-31,-46,-59,-16,handOpen
43,-79,24,-98,-115,97,48,10,handOpen
-66,93,-107,-47,6,42,25,-20,handOpen
-11,-32,-3,-128,-128,-85,77,-51,handOpen
65,-45,74,14,-10,127,88,63,handOpen
-43,49,-61,-53,28,12,10,-3,handOpen
14,0,48,96,103,29,-4,0,handOpen
-1,-34,4,-68,-44,-69,-5,-29,handOpen
18,-31,4,31,127,72,63,2,handOpen
-58,73,-76,-28,-123,-11,-53,-17,handOpen
7,-16,27,-6,-82,-40,-16,-8,handOpen
44,-65,54,-3,-25,-21,16,0,handOpen
-74,63,-101,13,94,16,8,-12,handOpen
25,19,71,52,38,42,81,52,handOpen
65,-43,85,28,-72,-32,39,9,handOpen
-46,25,-71,-41,36,-10,-39,-11,handOpen
-16,-21,-30,-8,-128,-27,-31,-18,handOpen
41,14,42,-2,-15,69,94,28,handOpen
13,-29,-18,-65,-69,-17,50,12,handOpen
-31,59,-20,11,71,-57,37,6,handOpen
3,-19,6,-39,-128,-34,-19,-18,handOpen
36,-64,14,-10,-8,1,46,9,handOpen
-102,88,-107,-8,36,-74,-102,-41,handOpen
15,-5,-5,-25,14,-9,87,-6,handOpen
61,-70,76,18,-74,44,50,6,handOpen
-52,43,-67,-34,63,31,-16,-13,handOpen
-8,5,-4,4,-51,-56,-44,-12,handOpen
25,-40,24,14,127,43,101,22,handOpen
-7,-26,-24,-23,-31,24,83,10,handOpen
-8,75,63,127,127,25,18,-4,handOpen
15,-26,-17,-40,-7,54,16,1,handOpen
37,-65,38,12,-29,-37,13,-4,handOpen
-86,94,-92,-54,-24,-16,-75,-24,handOpen
10,-12,0,-53,-38,-12,67,-11,handOpen
105,-51,127,127,127,53,71,49,handOpen
-68,30,-89,-104,-118,-49,65,-11,handOpen
7,7,8,45,55,10,-10,-6,handOpen
32,-30,11,-51,-110,13,29,66,handOpen
-5,-12,-28,-23,-128,-23,-10,-24,handOpen
8,62,30,98,127,73,-26,35,handOpen
1,-11,5,7,2,13,-23,-30,handOpen
32,-58,27,18,-66,25,10,-4,handOpen
-91,78,-114,-6,36,-89,-51,-20,handOpen
20,-4,26,11,76,74,16,16,handOpen
59,-78,55,-9,-128,-48,25,3,handOpen
-45,59,-47,56,111,16,-16,-6,handOpen
-5,10,20,8,-7,-27,-6,-8,handOpen
25,-19,25,-25,-46,-70,-16,6,handOpen
-12,-6,-23,-33,-58,-1,-22,-19,handOpen
-5,35,3,12,74,25,65,50,handOpen
5,-25,-8,-68,-128,-23,-6,-3,handOpen
41,-43,43,103,-4,26,70,51,handOpen
-78,89,-89,-79,-20,-32,-51,-21,handOpen
4,-25,8,-33,-77,-27,-45,-17,handOpen
76,-65,74,-4,-68,46,81,30,handOpen
-52,55,-64,-38,13,-19,64,31,handOpen
8,10,16,14,-9,-9,-25,-16,handOpen
28,-48,55,86,121,-7,19,18,handOpen
-5,-5,-18,0,71,52,16,0,handOpen
-25,37,-17,-66,-108,-67,-43,-12,handOpen
15,-26,22,-23,-75,-43,18,-1,handOpen
32,-37,48,114,27,82,37,-12,handOpen
-78,81,-88,-51,-31,-62,-42,-9,handOpen
8,-7,25,-21,-62,6,1,-3,handOpen
66,-75,70,13,-42,18,32,-6,handOpen
-68,56,-90,-59,8,-28,-74,-19,handOpen
6,5,17,-2,-5,-16,-23,8,handOpen
28,-35,38,13,3,12,24,3,handOpen
-10,0,-24,8,26,-3,12,1,handOpen
-19,14,-16,-71,-91,-23,-87,-27,handOpen
-32,23,-51,-14,-1,-1,-5,-7,handRelax
14,-16,19,6,0,8,4,4,handRelax
9,-30,1,5,-10,13,22,5,handRelax
-44,62,-36,-16,19,-20,-37,-9,handRelax
13,-7,16,4,-2,-1,3,2,handRelax
48,-61,45,17,-15,25,39,8,handRelax
-71,72,-84,-25,16,-31,-39,-17,handRelax
10,0,19,2,2,0,-5,-2,handRelax
50,-55,63,20,-20,18,29,7,handRelax
-39,28,-52,-12,6,-3,-6,-3,handRelax
0,13,9,-4,3,-11,-16,-4,handRelax
17,-15,20,4,-2,1,11,4,handRelax
15,-26,-1,2,-6,14,21,1,handRelax
-38,55,-29,-14,8,-22,-37,-10,handRelax
13,-17,20,5,6,-3,4,1,handRelax
42,-58,38,16,-17,23,35,8,handRelax
-73,75,-88,-29,26,-24,-39,-16,handRelax
12,-5,13,2,-8,-4,-4,2,handRelax
60,-59,70,21,-12,14,29,8,handRelax
-35,30,-56,-16,-1,-4,-8,-5,handRelax
3,10,11,3,11,0,-14,-5,handRelax
13,-20,15,3,-7,-1,5,1,handRelax
8,-23,-3,1,1,15,21,6,handRelax
-36,53,-24,-8,5,-22,-36,-7,handRelax
17,-13,16,6,-5,-2,0,2,handRelax
39,-55,42,13,-16,19,33,8,handRelax
-73,77,-88,-28,14,-28,-44,-16,handRelax
9,-7,17,4,4,-5,-4,-1,handRelax
55,-66,73,23,-13,24,34,9,handRelax
-46,34,-62,-16,0,-10,-9,-5,handRelax
1,11,15,3,5,-7,-12,-5,handRelax
18,-25,18,2,-7,9,11,0,handRelax
5,-23,-6,-1,1,12,16,4,handRelax
-29,51,-17,-9,12,-17,-34,-10,handRelax
16,-16,13,2,-12,-5,-2,0,handRelax
41,-52,34,13,-17,20,37,9,handRelax
-76,81,-86,-27,12,-27,-42,-9,handRelax
9,-17,15,2,18,-7,-4,-1,handRelax
58,-64,73,22,-13,33,37,14,handRelax
-48,40,-63,-18,6,-12,-12,-6,handRelax
4,8,18,-1,-1,-11,-14,1,handRelax
16,-21,20,7,-2,5,10,3,handRelax
-2,-16,-10,1,-7,4,17,0,handRelax
-27,42,-11,-11,8,-19,-30,-8,handRelax
10,-15,13,7,-3,2,4,-1,handRelax
38,-53,36,16,-5,22,35,8,handRelax
-73,79,-84,-27,8,-25,-47,-15,handRelax
11,-11,16,3,6,1,-4,2,handRelax
62,-67,70,24,-13,23,42,13,handRelax
-50,44,-67,-19,8,-11,-17,-8,handRelax
3,6,11,1,0,-8,-12,-4,handRelax
20,-25,22,10,-7,8,9,2,handRelax
2,-13,-11,2,-3,4,16,3,handRelax
-22,39,-11,-8,8,-15,-27,-6,handRelax
11,-14,17,6,-6,4,7,1,handRelax
33,-49,28,12,-15,15,34,8,handRelax
-70,83,-85,-26,16,-30,-48,-13,handRelax
13,-7,21,4,4,-3,-2,2,handRelax
57,-69,71,23,-17,24,38,11,handRelax
-52,43,-67,-20,12,-10,-20,-9,handRelax
5,5,13,0,3,-9,-12,4,handRelax
29,-27,30,6,-14,16,12,3,handRelax
-2,-10,-16,-2,-1,8,16,6,handRelax
-20,34,-8,-12,6,-22,-29,-13,handRelax
15,-15,21,4,-1,2,5,2,handRelax
34,-52,29,12,-14,17,31,7,handRelax
-69,80,-75,-25,20,-24,-41,-15,handRelax
14,-7,13,0,0,-9,-5,2,handRelax
59,-67,71,23,-14,20,37,9,handRelax
-57,49,-70,-20,11,-15,-22,-10,handRelax
1,4,13,2,-1,-6,-12,-6,handRelax
24,-33,29,10,-7,8,15,3,handRelax
-8,-7,-22,-8,-4,7,12,4,handRelax
-17,35,-4,-7,7,-18,-24,-8,handRelax
12,-18,15,6,-7,5,9,0,handRelax
31,-48,21,10,-10,22,33,7,handRelax
-68,82,-73,-26,12,-32,-41,-20,handRelax
9,-10,19,6,-1,-2,0,-5,handRelax
57,-70,68,20,-11,24,40,14,handRelax
-54,53,-74,-22,9,-13,-21,-9,handRelax
2,2,16,0,1,-6,-11,1,handRelax
29,-33,37,11,-2,12,16,4,handRelax
-10,-2,-26,-1,0,8,7,0,handRelax
-11,26,-3,-3,14,-19,-27,-7,handRelax
16,-13,18,6,-11,3,3,4,handRelax
25,-46,14,9,-8,20,33,8,handRelax
-67,76,-69,-27,12,-31,-45,-16,handRelax
9,-10,18,4,-3,-2,-3,0,handRelax
57,-71,63,16,-18,26,42,10,handRelax
-61,55,-79,-22,38,-15,-22,-8,handRelax
6,1,14,4,-20,-10,-8,-3,handRelax
29,-36,38,11,-9,11,18,7,handRelax
-19,4,-34,-8,4,4,4,-1,handRelax
-11,23,2,-4,-1,-13,-22,-7,handRelax
9,-15,15,2,-5,3,7,0,handRelax
26,-42,17,11,-8,17,31,8,handRelax
-60,75,-63,-23,12,-27,-44,-10,handRelax
15,-12,19,6,1,4,0,0,handRelax
58,-67,62,22,-9,23,38,15,handRelax
-64,61,-80,-23,10,-27,-28,-10,handRelax
1,1,14,2,3,-5,-9,-1,handRelax
41,-39,48,18,-12,11,19,5,handRelax
-24,10,-38,-10,2,6,4,3,handRelax
-8,30,1,-3,-5,-23,-25,-6,handRelax
13,-15,18,2,0,-4,3,2,handRelax
35,15,27,49,13,1,-24,39,handlateral
-64,77,-76,-61,-12,-29,-81,-9,handlateral
3,3,-3,12,35,14,13,-20,handlateral
61,-46,82,38,-55,7,90,9,handlateral
-36,25,-16,-71,28,-11,91,17,handlateral
-22,-5,-25,-48,10,-2,-66,-5,handlateral
37,-24,51,11,-3,14,23,2,handlateral
12,-3,48,53,-29,1,17,9,handlateral
-49,67,-42,-75,-17,-24,-41,-14,handlateral
20,-11,10,52,-13,-3,5,17,handlateral
28,-93,31,18,31,-7,3,-21,handlateral
-62,102,-75,-72,-8,8,-12,2,handlateral
-4,-17,-3,14,-20,-33,1,5,handlateral
58,-58,65,50,30,20,20,-8,handlateral
-36,32,-48,-8,-35,-20,-58,-24,handlateral
-12,23,16,43,127,-10,34,-13,handlateral
33,-27,18,12,5,79,31,30,handlateral
-17,-37,8,-17,-62,-71,-39,-4,handlateral
21,58,-70,14,76,39,32,37,handlateral
-7,-7,27,27,-7,-19,-7,-12,handlateral
38,-80,45,-32,-24,37,24,-13,handlateral
-77,95,-69,23,114,-5,-39,-15,handlateral
20,0,-21,12,26,-8,-8,11,handlateral
56,-70,59,-7,-77,-6,21,8,handlateral
-42,32,-49,-54,12,7,-4,-8,handlateral
-4,7,18,14,-1,-13,-22,-8,handlateral
7,-20,19,66,11,1,5,3,handlateral
25,-19,-5,-19,11,48,41,33,handlateral
-37,59,-32,-24,25,-22,-66,-46,handlateral
20,-28,-28,-60,20,23,30,19,handlateral
34,-43,72,94,-4,32,38,7,handlateral
-75,86,-87,-7,13,-19,-51,-11,handlateral
6,-26,-23,9,14,-3,-16,2,handlateral
79,-60,80,59,43,46,45,11,handlateral
-42,45,-44,-50,-34,7,-43,23,handlateral
10,23,18,18,15,1,54,18,handlateral
12,-25,14,11,-9,9,-1,-8,handlateral
-19,-50,-10,-12,-3,-8,-5,-8,handlateral
14,76,-7,-2,68,-13,-34,8,handlateral
6,-14,17,4,-8,-23,-9,-11,handlateral
31,-76,37,-26,-7,-1,17,-4,handlateral
-84,89,-84,-56,16,8,-19,-9,handlateral
1,-26,20,-14,36,-26,-28,-8,handlateral
53,-47,63,9,-64,-3,23,9,handlateral
-52,34,-79,-105,-32,-17,9,-1,handlateral
4,0,20,18,-11,-9,2,-8,handlateral
4,-32,14,47,25,-8,-105,-16,handlateral
14,3,-7,-62,-41,8,31,10,handlateral
-32,24,-43,-29,-8,-31,-31,-9,handlateral
9,-19,41,33,25,29,-1,-11,handlateral
51,-40,51,-8,-43,15,25,33,handlateral
-69,77,-99,-49,38,-19,-28,-13,handlateral
4,-17,-22,6,-9,-8,-5,-4,handlateral
60,-63,102,-17,-47,5,30,11,handlateral
-50,44,-64,-17,35,7,-9,-6,handlateral
6,8,21,8,5,-9,-5,-6,handlateral
9,-28,20,-16,-39,-28,-107,-53,handlateral
0,-6,-19,9,64,25,33,3,handlateral
-29,37,-14,-24,-3,-20,-35,-7,handlateral
27,-18,8,-29,-68,-7,21,-1,handlateral
38,-43,49,54,83,21,12,16,handlateral
-89,78,-96,-26,-45,-76,-75,-37,handlateral
8,-12,21,8,94,53,8,-7,handlateral
72,-61,73,17,-21,11,48,4,handlateral
-57,43,-80,-29,5,-11,-23,-20,handlateral
12,15,16,4,-26,-18,-2,8,handlateral
18,-27,37,41,-1,6,12,7,handlateral
-11,-13,-27,16,5,-4,-28,-19,handlateral
-13,41,-1,7,19,6,16,9,handlateral
21,-15,4,-72,-14,10,11,5,handlateral
15,-69,-3,87,-27,-14,23,-1,handlateral
-71,79,-68,-57,12,5,-55,-17,handlateral
27,9,30,4,0,7,25,45,handlateral
65,-67,84,38,-7,36,39,14,handlateral
-53,53,-69,-27,5,-22,-34,-7,handlateral
3,10,11,-18,-37,-27,-11,2,handlateral
34,-34,41,75,125,58,32,15,handlateral
-6,-12,-32,-17,-33,-9,24,13,handlateral
-24,44,22,-16,-2,-3,-56,-15,handlateral
22,-11,0,25,1,-4,4,-2,handlateral
31,-50,33,-71,-118,18,41,13,handlateral
-72,86,-80,9,70,-32,-94,-53,handlateral
8,1,13,-75,-97,-16,-9,1,handlateral
55,-82,81,116,18,1,42,19,handlateral
-43,60,-73,-2,13,4,-27,1,handlateral
-3,1,17,-14,3,-27,-35,-12,handlateral
24,-50,-8,-41,-47,34,21,-2,handlateral
-3,-4,-55,127,71,34,38,11,handlateral
-14,23,5,-11,12,-27,-46,-5,handlateral
11,-12,23,-17,-32,-9,-1,-2,handlateral
24,-41,34,4,-17,20,26,7,handlateral
-46,76,-70,9,57,-13,-10,17,handlateral
20,3,34,23,-14,-8,15,11,handlateral
57,-74,56,8,12,38,28,17,handlateral
-54,53,-81,55,40,3,-12,-9,handlateral
-4,4,19,-35,-26,-18,-46,-6,handlateral
30,-42,49,42,63,27,29,9,handlateral
-9,10,-31,25,21,16,10,4,handlateral
-22,15,-5,-65,10,-11,-25,-10,handlateral
8,-7,51,87,-39,-5,18,-6,handlateral
30,-45,-32,-74,22,-5,16,15,handlateral
-69,82,-48,-41,-8,31,-8,-11,handlateral
9,-12,16,25,10,-11,-2,-7,handlateral
63,-62,77,17,-20,4,36,11,handlateral
-58,58,-89,-59,-67,-31,-26,-7,handlateral
68,-83,71,-7,-67,39,65,7,handspherical
-71,59,-80,-21,35,-25,-61,-27,handspherical
7,8,40,99,127,50,105,0,handspherical
29,-54,51,13,-69,-60,-47,-1,handspherical
-20,-3,-50,-63,22,6,52,-9,handspherical
-1,37,24,100,127,74,-3,-3,handspherical
11,-13,6,-46,-86,-1,-98,-38,handspherical
22,-43,31,97,127,-8,24,-5,handspherical
-45,87,-51,20,37,47,-19,-9,handspherical
31,43,115,27,34,71,15,14,handspherical
36,-110,-45,-128,-128,-8,-1,-12,handspherical
-71,67,-54,88,127,-21,34,-5,handspherical
7,2,34,-47,-45,-30,-8,-1,handspherical
43,-36,59,-19,-10,44,26,13,handspherical
-38,4,-48,-67,-10,-55,0,-16,handspherical
-2,32,-6,-52,-92,-54,-42,25,handspherical
14,-12,8,14,-46,8,22,8,handspherical
17,-48,-10,-97,-128,-77,-10,-7,handspherical
-45,67,-35,39,127,122,-20,-9,handspherical
26,-23,7,-88,-85,-75,21,34,handspherical
57,-81,41,7,-66,-59,56,44,handspherical
-84,106,-115,-15,-128,-112,-33,-17,handspherical
6,-7,25,111,127,99,13,0,handspherical
42,-67,48,-51,-123,-17,15,3,handspherical
-41,-19,-128,-46,-45,-80,-33,-10,handspherical
-14,38,20,126,127,-39,-26,-1,handspherical
10,-27,31,-10,-93,-42,2,10,handspherical
19,-39,14,1,-47,-43,23,5,handspherical
-57,75,-45,-44,-19,34,-48,-19,handspherical
9,-23,24,-24,-63,11,-20,-11,handspherical
57,-55,52,-12,-61,43,44,15,handspherical
-71,86,-88,-32,72,26,-21,-23,handspherical
-1,-19,-13,-63,-93,-35,-17,-10,handspherical
64,-53,117,127,127,31,77,12,handspherical
-54,13,-92,-56,-79,-48,-27,-18,handspherical
-5,8,-5,-37,33,-2,-54,-48,handspherical
36,-5,56,60,-25,20,-8,34,handspherical
15,-23,-15,37,-11,27,74,3,handspherical
-46,54,-41,-65,-55,-56,-53,-27,handspherical
21,-4,12,-64,-45,-12,-21,0,handspherical
62,-54,67,69,127,127,87,23,handspherical
-87,83,-116,-91,-99,-54,-51,-33,handspherical
8,-21,9,-9,-51,-12,8,-9,handspherical
70,-56,68,-84,20,67,-15,0,handspherical
-52,38,-67,-12,-58,-62,-24,-32,handspherical
-11,6,-5,-66,-61,-10,-26,-11,handspherical
12,-35,-8,37,108,0,10,-8,handspherical
12,-18,25,10,34,53,10,-5,handspherical
-48,86,-12,-70,-77,-73,-69,-26,handspherical
2,-53,-53,-15,91,3,-13,-12,handspherical
45,-64,24,6,-105,-35,35,16,handspherical
-92,87,-103,-120,-52,-82,-85,-32,handspherical
19,-2,38,75,85,22,20,8,handspherical
78,-69,83,23,2,17,37,46,handspherical
-56,44,-47,48,92,3,3,5,handspherical
-1,0,15,6,35,-50,-36,-23,handspherical
8,-25,14,-45,-52,3,30,0,handspherical
10,-28,-17,-37,-85,57,68,-47,handspherical
-41,60,-21,14,64,-33,-89,-28,handspherical
22,-18,25,23,-62,-68,56,-1,handspherical
43,-47,60,71,85,70,46,7,handspherical
-90,96,-71,41,127,-5,-61,-25,handspherical
6,-23,-5,-56,-95,-54,-55,-13,handspherical
63,-69,87,21,12,30,60,-13,handspherical
-63,43,-80,-67,-105,-55,-33,-16,handspherical
7,14,27,59,112,-2,-1,4,handspherical
23,-16,14,31,-109,-9,20,5,handspherical
1,-22,-2,13,127,16,19,5,handspherical
-42,47,-28,-7,22,11,-39,-16,handspherical
22,-13,24,-1,-2,-61,-1,14,handspherical
44,-70,49,74,111,108,60,15,handspherical
-96,89,-128,-108,-58,-88,-102,-68,handspherical
40,6,56,83,32,55,67,77,handspherical
59,-80,55,-90,-96,-32,-5,-20,handspherical
-68,51,-87,-38,-21,-16,-100,-30,handspherical
11,15,33,15,72,-6,50,-22,handspherical
15,-37,25,30,3,-51,6,-17,handspherical
14,-4,-19,-13,-63,52,-3,30,handspherical
-28,47,-13,53,127,25,-38,-15,handspherical
16,-4,40,-13,-119,-26,-6,-4,handspherical
24,-90,-19,-82,-85,7,12,-3,handspherical
-53,114,-58,-14,127,78,34,13,handspherical
12,-5,38,126,112,-30,-5,-1,handspherical
58,-92,68,-19,-30,2,6,-4,handspherical
-59,56,-84,-16,93,-53,-26,-10,handspherical
11,13,53,2,-13,127,-2,-18,handspherical
9,-35,11,-21,-102,-104,-8,-31,handspherical
-4,-22,-24,-7,41,39,45,3,handspherical
-23,52,8,27,60,-23,-29,-20,handspherical
12,-24,15,8,-56,-25,-6,-4,handspherical
41,-68,8,-35,-24,40,49,12,handspherical
-91,92,-115,-128,-67,-8,-94,-29,handspherical
3,-13,8,24,-21,-21,18,-30,handspherical
59,-78,73,28,-59,-11,23,9,handspherical
-71,63,-99,-108,-128,-20,-35,-16,handspherical
1,-5,12,-57,-21,-50,-43,-26,handspherical
42,2,78,127,89,43,82,24,handspherical
-5,-8,-20,-23,22,49,35,17,handspherical
-25,35,-11,-52,-38,-46,-38,-12,handspherical
10,-27,5,-1,-103,-25,-6,-6,handspherical
31,-54,21,-38,-5,25,28,6,handspherical
-91,79,-104,-94,-94,-80,-54,-44,handspherical
16,15,32,37,-66,-7,1,7,handspherical
65,-90,77,7,45,58,52,14,handspherical
-61,65,-74,-6,72,-14,-26,-8,handspherical
11,-3,11,-39,7,-18,-14,-2,handspherical
-48,18,-62,-57,-21,127,59,-113,handClose
82,5,22,31,39,63,-93,127,handClose
-3,-39,127,68,59,127,127,85,handClose
62,53,-7,2,19,-128,77,93,handClose
10,2,-63,1,51,85,1,7,handClose
-36,-37,94,-13,-128,-128,-77,-51,handClose
127,47,22,13,17,7,127,127,handClose
-128,-22,-128,-128,-128,-128,-128,-128,handClose
113,22,106,127,15,127,127,127,handClose
-79,-19,66,-68,31,-100,-20,-128,handClose
116,17,-14,16,82,127,127,127,handClose
27,6,24,-27,-48,-128,-36,57,handClose
6,-39,48,-7,-45,-128,96,-42,handClose
-31,29,-27,-16,0,41,17,-50,handClose
0,9,7,-45,-44,91,127,58,handClose
53,-1,17,116,52,89,127,60,handClose
1,12,-62,-7,-21,-128,-55,35,handClose
-25,-1,-13,-38,-27,-128,-84,6,handClose
30,1,-31,8,28,127,124,106,handClose
-25,-21,20,-48,22,127,51,-115,handClose
-16,10,92,66,-51,-128,-128,88,handClose
0,-14,-22,6,-3,-92,93,-64,handClose
86,-12,41,-9,-71,-23,-11,127,handClose
-23,11,-20,-21,-6,-40,32,-100,handClose
23,10,59,3,-13,127,120,76,handClose
12,-31,-28,26,81,-99,8,-5,handClose
-57,-13,-27,-6,-41,-91,-128,-48,handClose
59,14,43,27,69,127,127,51,handClose
8,-14,-5,-20,-51,88,-36,10,handClose
54,1,27,41,33,127,96,42,handClose
-5,39,-51,-12,-17,-61,29,34,handClose
-24,-17,8,-14,-28,-128,19,-43,handClose
50,-36,46,15,12,127,127,45,handClose
-71,20,-42,-15,5,-128,-34,-64,handClose
38,9,-16,-10,-12,57,71,53,handClose
-16,-22,51,18,-25,-128,-128,-106,handClose
38,17,-24,3,23,127,127,116,handClose
-65,-13,11,-37,-25,-71,-128,-98,handClose
85,21,66,35,15,-128,127,127,handClose
127,3,-11,57,47,127,127,127,handClose
-67,25,-10,-11,-5,-83,-77,-110,handClose
-21,-27,-98,-16,-12,-31,-128,-58,handClose
-8,-38,8,-7,-22,-72,49,-37,handClose
-25,18,-6,-5,32,87,-35,18,handClose
29,5,6,-1,20,127,127,61,handClose
-100,-62,13,-6,-32,-128,-128,-128,handClose
127,91,8,23,31,127,80,127,handClose
-127,-31,-43,-25,11,-128,-128,-128,handClose
72,6,50,11,3,-15,53,127,handClose
127,48,54,71,10,-128,127,127,handClose
-49,16,-50,-32,12,-83,-128,-128,handClose
-42,-14,27,10,38,127,127,-128,handClose
-8,-14,2,4,-22,-128,14,-92,handClose
40,54,55,68,44,-128,-17,127,handClose
-39,6,-19,-26,26,30,-52,-98,handClose
24,-46,69,28,15,14,-38,44,handClose
-41,49,-57,-55,-11,-57,-128,-79,handClose
16,-8,108,93,24,93,88,87,handClose
-31,-44,-35,-35,1,-39,-68,-61,handClose
16,2,-2,-15,5,-70,-55,6,handClose
19,41,-1,-20,9,56,-26,31,handClose
-42,0,-7,-9,-11,5,-78,-89,handClose
74,-29,7,43,-22,-128,-8,127,handClose
-60,51,-25,-41,-31,-110,44,-128,handClose
29,-2,-90,22,26,33,-28,124,handClose
-25,-57,22,-17,-35,-32,-39,-67,handClose
-41,15,-13,-12,-26,-8,-90,-64,handClose
5,2,-9,8,-15,-24,-24,19,handClose
-29,-13,-16,-18,-38,-38,-99,-47,handClose
80,12,62,79,12,-128,127,62,handClose
-23,31,-62,-65,10,-24,-74,-8,handClose
-4,5,65,-8,18,-128,-128,-24,handClose
25,-42,25,93,-55,36,127,9,handClose
-54,35,-40,5,-37,-7,-56,65,handClose
28,8,-6,-20,63,30,0,-57,handClose
66,-19,68,7,-24,60,34,21,handClose
40,35,-18,-11,-29,65,48,21,handClose
-89,-18,-15,-39,-13,-77,-128,-94,handClose
-8,-15,-25,-34,-31,-10,-45,-71,handClose
31,-3,15,28,0,30,21,96,handClose
-84,13,-46,-87,-10,-38,-128,-128,handClose
127,64,79,127,-11,-128,127,127,handClose
-6,-28,-2,19,-5,-1,-21,-81,handClose
-65,23,-43,-41,-7,-105,-67,-128,handClose
106,44,75,-12,-18,21,-74,127,handClose
15,-63,-128,-2,4,-128,127,-23,handClose
-76,3,-10,-31,-26,-94,-79,-112,handClose
73,24,56,20,15,-43,127,127,handClose
-10,-12,-10,-7,14,106,17,-21,handClose
-45,-17,-37,-21,-69,-62,-68,-70,handClose
11,27,21,42,49,-25,28,36,handClose
-54,-13,-34,-6,-19,5,-55,-116,handClose
61,-24,41,23,-21,52,-8,82,handClose
99,89,-62,-12,23,-128,117,127,handClose
-43,-15,0,-9,-15,-118,-78,-128,handClose
-27,-56,10,-5,-29,-92,-124,-93,handClose
9,59,2,3,19,-52,43,34,handClose
-19,-6,4,-38,-10,-33,-24,-6,handClose
-37,-19,25,-13,1,-26,-45,-108,handClose
86,23,82,32,30,-4,53,127,handClose
-27,6,-55,-32,-4,6,-18,-42,handClose
-28,-11,3,4,-9,-113,-61,-57,handClose
44,-13,47,-27,-7,45,72,51,handClose
43,62,2,80,44,-128,32,90,handClose
-16,-14,16,-8,40,98,2,13,handClose
10,-24,24,-12,-49,-46,-16,29,handClose
25,-27,28,4,-7,6,16,7,handOpen
-21,14,-30,-5,14,-3,-8,-6,handOpen
1,0,4,-4,-16,-7,-3,1,handOpen
12,-6,9,8,14,15,9,4,handOpen
-1,-4,-3,-6,2,4,1,0,handOpen
-9,12,-8,-9,1,-6,-10,1,handOpen
7,-9,3,1,-5,1,4,0,handOpen
7,-17,10,-7,-17,-9,8,1,handOpen
-30,28,-22,30,58,-15,-18,-7,handOpen
-4,0,6,-4,-15,4,2,0,handOpen
28,-28,24,-3,-14,22,14,8,handOpen
-19,16,-24,-4,5,-8,-9,-6,handOpen
1,1,6,6,-20,-9,-4,1,handOpen
11,-15,8,5,58,14,12,4,handOpen
-5,-4,-7,-7,-11,-1,3,-3,handOpen
-9,12,-7,-5,-22,-11,-14,-6,handOpen
7,-10,6,-6,3,-8,-2,3,handOpen
10,-15,6,6,-14,8,14,2,handOpen
-28,30,-31,-12,24,4,-17,-11,handOpen
-3,-6,8,0,-5,-8,-1,-1,handOpen
18,-26,24,5,-5,6,14,10,handOpen
-25,19,-26,-13,-26,-23,-10,-6,handOpen
3,2,-2,5,21,15,-1,1,handOpen
10,-11,18,1,6,7,2,4,handOpen
-11,-1,-13,-7,-48,-17,1,-2,handOpen
-5,6,-4,-7,-3,-10,-11,0,handOpen
5,-6,11,17,20,3,0,3,handOpen
10,-20,8,-9,-14,-9,11,6,handOpen
-32,32,-29,-6,5,18,-18,-9,handOpen
3,-5,7,10,-4,-4,5,3,handOpen
29,-26,22,2,-11,1,14,5,handOpen
-27,21,-26,-6,0,-7,-10,-6,handOpen
-2,-3,0,-4,2,-9,-6,-4,handOpen
10,-13,14,7,8,7,3,3,handOpen
-4,-5,-13,-2,1,-1,3,-2,handOpen
-8,11,2,8,3,-8,-9,0,handOpen
4,-9,9,-2,2,2,0,1,handOpen
6,-17,3,0,-24,-7,9,2,handOpen
-23,31,-28,-6,29,-4,-16,-9,handOpen
4,-6,5,-3,1,-2,-1,-3,handOpen
23,-24,24,17,7,9,16,8,handOpen
-27,26,-29,-15,-58,-37,-15,-8,handOpen
10,-7,13,13,127,50,7,4,handOpen
9,-13,18,10,-24,-2,7,5,handOpen
-5,0,-22,-15,-11,-12,0,-4,handOpen
-7,3,-4,-5,1,-5,-10,-2,handOpen
10,-6,9,1,-26,-10,1,3,handOpen
9,-19,3,2,1,18,14,0,handOpen
-22,29,-25,-10,-7,-11,-17,-7,handOpen
5,-3,7,24,27,12,3,2,handOpen
24,-27,23,4,-2,4,16,3,handOpen
-28,24,-29,-7,13,1,-11,-8,handOpen
3,0,2,-6,-3,-6,-2,-1,handOpen
15,-13,17,2,-11,-1,9,2,handOpen
-10,3,-12,-3,-1,-4,1,2,handOpen
-6,6,1,2,17,-2,-11,0,handOpen
6,-5,4,0,-6,0,2,-2,handOpen
8,-16,-1,0,-8,7,12,3,handOpen
-22,26,-19,-2,-1,-11,-20,-11,handOpen
3,-5,8,9,8,-7,0,-1,handOpen
22,-21,24,11,-10,33,20,10,handOpen
-27,21,-40,-22,-10,-14,-12,-7,handOpen
-1,-4,8,12,0,3,-3,-1,handOpen
16,-15,18,0,13,1,8,8,handOpen
-8,6,-19,-8,5,9,1,0,handOpen
0,7,6,-3,-1,-6,-7,-1,handOpen
8,-12,1,3,-3,-5,-2,0,handOpen
12,-11,3,-5,0,6,10,3,handOpen
-19,28,-15,14,27,8,-13,-4,handOpen
4,2,2,0,-7,4,3,-2,handOpen
18,-24,18,4,-15,6,15,7,handOpen
-26,25,-27,-8,20,-9,-17,-10,handOpen
0,-4,-2,-4,-17,-11,-9,-2,handOpen
16,-15,22,10,-33,11,9,2,handOpen
-9,6,-19,-7,25,5,-1,-2,handOpen
-1,6,5,-10,-12,9,-9,-3,handOpen
2,-5,8,-1,-3,-12,-3,-2,handOpen
10,-14,4,-3,2,4,11,7,handOpen
-17,28,-16,-11,-4,-6,-16,-9,handOpen
7,-12,3,-7,-2,0,-1,1,handOpen
12,-23,7,6,-32,-2,10,4,handOpen
-30,29,-34,-11,8,-8,-12,-8,handOpen
2,-3,-1,-2,-1,-7,-3,-1,handOpen
21,-23,26,6,-11,3,9,5,handOpen
-13,8,-21,-5,-4,-9,1,-4,handOpen
-7,2,2,-1,6,3,-9,-6,handOpen
2,1,5,9,9,8,3,1,handOpen
2,-7,2,1,-8,2,6,-1,handOpen
-17,18,-18,-17,-1,-11,-13,-7,handOpen
7,-6,13,3,-6,7,-1,1,handOpen
15,-22,16,15,15,10,16,4,handOpen
-30,29,-36,-17,-2,-11,-16,-6,handOpen
3,-9,-1,-11,-1,-6,2,0,handOpen
20,-22,28,6,-9,4,11,5,handOpen
-16,9,-19,-4,17,5,-3,-5,handOpen
0,0,1,-9,-19,-7,-5,-4,handOpen
9,-6,11,30,58,8,6,2,handOpen
1,-8,-1,2,-10,-2,8,-2,handOpen
-15,19,-9,-8,1,-7,-16,-9,handOpen
6,-6,2,0,-5,-3,1,2,handOpen
15,-25,12,4,-9,2,13,4,handOpen
-29,28,-37,-9,15,-3,-13,-4,handOpen
4,0,5,2,-10,-4,-2,-1,handOpen
21,-26,24,1,-12,6,12,8,handOpen
-18,8,-21,-10,4,0,-3,-3,handOpen
1,2,2,-1,6,-4,-5,1,handOpen
-9,15,-5,2,20,-5,-11,0,handRelax
9,-6,7,-4,-6,7,3,2,handRelax
14,-20,16,6,-3,22,14,5,handRelax
-33,26,-34,-10,5,-4,-18,-11,handRelax
2,-2,0,4,-3,-3,-3,1,handRelax
24,-27,29,4,-4,-6,12,8,handRelax
-19,14,-28,-13,2,1,-10,-4,handRelax
2,4,11,10,-4,-7,-8,1,handRelax
2,-9,7,-5,-8,-2,3,-2,handRelax
1,-4,-5,-1,-16,3,9,3,handRelax
-10,9,-8,-5,3,-16,-12,-4,handRelax
7,-4,9,1,2,3,0,0,handRelax
11,-16,12,3,-13,-12,9,4,handRelax
-30,31,-32,-7,9,-4,-18,-7,handRelax
3,-2,6,-2,0,-4,-3,-4,handRelax
24,-27,26,6,-5,5,13,6,handRelax
-19,18,-29,-8,5,-4,-8,-6,handRelax
0,3,7,-1,-17,-12,-11,-2,handRelax
10,-9,13,5,1,-2,4,2,handRelax
3,-6,-8,-8,-5,2,9,2,handRelax
-9,10,-5,-6,-4,-6,-9,0,handRelax
3,-14,4,5,-3,-2,3,-1,handRelax
12,-18,11,2,-5,6,10,6,handRelax
-31,29,-33,-13,-7,-9,-18,-13,handRelax
6,-5,12,10,24,1,-2,1,handRelax
22,-23,19,11,-5,17,15,9,handRelax
-24,16,-32,-8,23,-2,-11,-4,handRelax
6,3,5,0,-4,0,-5,-1,handRelax
11,-10,14,-2,-17,-6,3,0,handRelax
-3,0,-5,-1,-2,0,0,-4,handRelax
-6,12,0,-2,4,-9,-12,-4,handRelax
4,-5,7,3,-3,0,3,1,handRelax
10,-17,9,6,-5,6,11,5,handRelax
-21,30,-25,-8,6,-8,-17,-5,handRelax
3,-5,6,-3,1,-3,-3,-1,handRelax
22,-26,20,6,-15,1,10,4,handRelax
-24,21,-27,-4,9,-4,-7,-7,handRelax
0,2,6,4,13,-18,-10,-3,handRelax
12,-13,14,4,2,8,6,-3,handRelax
-8,-3,-7,-8,-5,-4,-1,0,handRelax
-3,10,-2,2,11,-16,-9,-5,handRelax
7,-3,7,-7,-4,7,2,0,handRelax
10,-22,10,6,-3,-12,8,3,handRelax
-24,24,-18,2,16,5,-16,-7,handRelax
7,-4,4,-3,1,-4,-1,-2,handRelax
21,-26,25,4,-2,5,15,5,handRelax
-22,22,-31,-9,-7,-7,-10,-6,handRelax
3,1,7,-3,1,-5,-4,-1,handRelax
17,-16,18,11,6,6,9,4,handRelax
-11,4,-13,-2,3,0,2,-1,handRelax
-5,10,2,-4,-8,-6,-6,-2,handRelax
3,-8,1,-4,-5,-1,3,-2,handRelax
8,-18,6,5,0,-6,6,3,handRelax
-20,27,-16,-3,32,16,-13,-9,handRelax
3,-7,2,-3,-6,4,0,5,handRelax
23,-23,27,5,0,4,14,5,handRelax
-26,19,-27,-10,8,-8,-11,-10,handRelax
-1,1,5,0,-22,-17,-7,0,handRelax
14,-16,20,3,0,-10,3,3,handRelax
-10,7,-15,0,-4,-1,0,-2,handRelax
-2,5,2,0,27,-4,-12,-2,handRelax
6,-1,7,-2,-17,-4,-2,1,handRelax
7,-13,1,4,1,5,11,0,handRelax
-20,25,-19,-8,0,-11,-18,-10,handRelax
2,-8,6,6,0,-3,-2,2,handRelax
22,-24,13,1,13,23,14,6,handRelax
-24,25,-25,-17,6,-4,-12,-8,handRelax
3,-6,10,16,0,-3,-4,1,handRelax
20,-19,12,0,3,9,10,6,handRelax
-12,6,-21,-11,-11,-4,2,0,handRelax
-1,5,-2,-1,4,-5,-6,-1,handRelax
4,-8,4,-3,-3,3,2,-1,handRelax
3,-12,3,1,0,6,13,3,handRelax
-20,24,-15,-6,-24,-9,-9,-9,handRelax
2,-5,4,-2,-7,-2,0,0,handRelax
20,-25,18,8,-2,4,13,7,handRelax
-24,24,-31,-10,-4,-12,-13,-6,handRelax
2,-3,7,0,13,3,-3,-1,handRelax
16,-17,25,8,-7,25,13,10,handRelax
-12,6,-18,-3,33,11,0,1,handRelax
-6,3,-3,-3,2,-5,-5,-5,handRelax
6,-4,7,-1,-25,-5,1,-3,handRelax
7,-13,0,1,2,15,6,3,handRelax
-17,18,-22,-17,-1,-4,-12,-4,handRelax
4,-3,11,11,-1,2,2,1,handRelax
17,-25,14,5,-4,0,13,5,handRelax
-25,24,-31,-12,3,-11,-18,-9,handRelax
5,-7,3,1,-3,9,6,-3,handRelax
17,-22,23,4,-6,-2,4,4,handRelax
-12,12,-22,-6,1,2,-3,-3,handRelax
-2,5,-1,-3,-5,-3,-7,-4,handRelax
8,-5,5,-2,-3,-2,1,2,handRelax
3,-9,5,8,13,20,15,-2,handRelax
-20,18,-28,-7,-4,-4,-15,-5,handRelax
3,-1,8,-1,-18,-13,0,0,handRelax
20,-21,14,6,4,14,17,7,handRelax
-25,28,-32,-10,2,7,-16,-5,handRelax
2,-1,2,-2,-5,-3,-3,-1,handRelax
22,-24,29,10,-5,2,10,-1,handRelax
-19,5,-22,-6,3,4,-4,-6,handRelax
-1,4,-1,-3,-1,16,-10,-8,handRelax
3,-7,1,1,-9,-1,1,7,handRelax
2,-7,4,7,-2,-2,9,4,handRelax
-15,18,-12,-6,4,-16,-12,-9,handRelax
3,-5,5,-1,-1,-5,0,-2,handRelax
17,-21,8,3,-25,-78,15,4,handRelax
-18,-15,-14,-21,-4,2,-26,-48,handlateral
-7,13,-47,23,105,1,-11,13,handlateral
1,20,24,17,-92,51,14,-5,handlateral
7,-26,21,19,-11,-11,41,-9,handlateral
-44,25,-35,-15,-46,-15,-21,-48,handlateral
44,9,16,29,11,-69,78,118,handlateral
21,-15,36,-59,-84,59,32,8,handlateral
-20,27,-8,13,69,-7,5,-14,handlateral
5,6,4,10,-13,4,-24,-11,handlateral
-5,-24,10,18,62,49,-14,-58,handlateral
35,4,-4,-45,-50,56,38,28,handlateral
-43,33,-8,15,17,1,-29,-59,handlateral
-5,-23,6,-33,-92,-42,-15,-6,handlateral
23,-17,11,16,63,27,36,42,handlateral
-47,40,-48,-79,-54,-17,-44,-50,handlateral
5,-24,5,82,17,-7,9,-8,handlateral
10,-28,42,-76,-39,-4,-3,-14,handlateral
-7,42,-33,3,-10,19,8,34,handlateral
-10,-5,-24,-4,-25,-3,-8,-19,handlateral
35,-13,33,1,46,7,28,48,handlateral
-11,-21,-8,-24,-81,-32,-26,-15,handlateral
-11,16,-5,-18,7,-1,-22,-21,handlateral
-7,6,13,12,71,37,-4,-27,handlateral
17,-24,38,8,-73,-14,8,-13,handlateral
-25,49,-35,-28,33,-8,-44,20,handlateral
-6,2,19,-51,1,27,10,-22,handlateral
35,-48,29,92,14,-28,-12,8,handlateral
-17,24,-32,-16,-17,3,55,-14,handlateral
-2,-4,7,7,25,-12,-4,16,handlateral
5,-26,14,6,-36,-48,24,19,handlateral
2,8,2,28,52,20,-1,-1,handlateral
-15,46,-5,-37,-4,14,-12,-29,handlateral
-2,-25,-2,-17,-50,-19,-56,-13,handlateral
7,-27,-8,-39,-31,-9,44,5,handlateral
-14,34,-16,44,53,-10,-27,-5,handlateral
9,6,12,-11,-19,-15,-6,20,handlateral
25,-45,5,-29,-16,-17,4,18,handlateral
-20,16,-36,15,-5,-19,-18,65,handlateral
-4,2,-2,14,-15,-4,-9,9,handlateral
24,-5,6,-42,-29,40,30,14,handlateral
-14,-3,2,60,67,-4,-3,-19,handlateral
-11,29,8,-33,-44,2,-13,-7,handlateral
-1,-19,10,69,46,17,-15,-29,handlateral
20,-19,-35,-33,-30,-17,19,6,handlateral
-28,3,-27,44,9,-2,-42,-3,handlateral
8,15,42,26,24,7,10,-3,handlateral
19,-28,7,-38,-31,15,18,-4,handlateral
-26,10,-58,-27,-8,-5,-16,3,handlateral
11,-5,4,3,-8,-8,-10,1,handlateral
21,-6,20,42,19,15,43,14,handlateral
-13,1,-11,-34,-75,-7,-3,-4,handlateral
-17,4,-6,2,-24,-36,-36,-22,handlateral
3,-9,19,38,101,45,34,-1,handlateral
7,-5,8,-9,-98,27,8,44,handlateral
-26,23,-33,-20,-1,-18,-35,-36,handlateral
14,6,15,14,12,12,24,10,handlateral
10,-43,10,-20,-44,-30,-10,-22,handlateral
-26,21,-38,21,26,6,-64,-17,handlateral
-5,-4,9,-45,-47,-6,10,-3,handlateral
21,-8,20,2,22,3,23,3,handlateral
-14,0,-18,-1,-1,7,-5,-9,handlateral
5,8,7,11,6,25,2,8,handlateral
0,-8,5,4,42,-6,-4,-4,handlateral
13,-8,-6,9,-10,22,18,6,handlateral
-17,13,-18,21,19,-14,-19,7,handlateral
4,9,26,-53,-4,-35,-9,-14,handlateral
40,-20,20,-7,-46,62,23,28,handlateral
-26,26,-31,53,15,-5,-18,-15,handlateral
-3,5,19,25,7,5,-2,1,handlateral
13,-18,17,18,22,14,7,-9,handlateral
-6,-7,-20,-44,-12,-34,-7,30,handlateral
-10,1,6,25,-40,-19,-39,0,handlateral
-6,5,-2,-3,-41,-31,1,-27,handlateral
8,-14,-4,-5,8,-2,8,-10,handlateral
-20,35,-7,15,28,25,-14,3,handlateral
-3,-3,1,-48,-65,-20,-30,-19,handlateral
20,-35,26,26,-10,-21,-7,9,handlateral
-17,30,-39,21,127,70,-2,-11,handlateral
-16,-5,13,-4,-44,-29,-17,-30,handlateral
6,-40,-18,-23,-32,-49,-3,-16,handlateral
13,19,3,1,1,41,5,49,handlateral
-14,9,-12,-41,-24,-2,-13,-25,handlateral
1,-17,0,4,-7,-12,-8,-23,handlateral
-22,-25,-6,-33,-42,-32,-31,-14,handlateral
2,30,-49,-7,23,3,11,9,handlateral
-1,0,39,20,-52,54,5,-7,handlateral
22,-35,0,-6,-17,3,14,5,handlateral
-33,19,-43,-51,11,-19,-22,-15,handlateral
0,8,7,21,-38,-12,-4,0,handlateral
5,-31,-13,-31,-24,-17,0,-14,handlateral
-17,1,-35,-19,49,32,3,-5,handlateral
4,14,33,66,38,20,7,21,handlateral
7,-10,0,-32,-64,-19,-17,-22,handlateral
20,-17,-13,-35,-19,-31,32,22,handlateral
-17,38,2,39,106,8,-10,-1,handlateral
3,-8,5,-10,-25,-6,0,-2,handlateral
-9,-29,-3,-50,-27,-26,-40,-42,handlateral
0,37,-11,64,94,4,18,58,handlateral
11,-4,10,-21,17,-11,-28,-14,handlateral
20,-13,35,-18,13,0,12,10,handlateral
-26,10,-30,-26,-12,-14,-28,-20,handlateral
8,-8,-12,1,-19,-21,-27,5,handlateral
4,-1,-1,4,13,19,7,9,handlateral
15,-13,3,11,62,31,20,20,handlateral
8,6,-8,-16,-21,42,-114,20,handspherical
-31,8,-60,-65,-82,-38,-10,-14,handspherical
7,12,8,-68,-23,30,8,-5,handspherical
15,2,10,49,-6,22,23,4,handspherical
10,-15,20,29,11,25,-6,10,handspherical
-11,21,4,34,100,12,-52,8,handspherical
-12,-12,-44,-113,-89,-52,-46,-33,handspherical
19,-8,33,71,97,6,27,6,handspherical
-30,18,-8,-4,-51,-73,17,1,handspherical
2,-8,-6,-68,-44,-61,-22,66,handspherical
18,-30,16,12,-42,-15,-1,-7,handspherical
-17,33,-48,-92,-27,49,20,6,handspherical
12,5,40,43,62,-11,-8,-1,handspherical
2,-15,-33,-55,-60,-15,-17,-9,handspherical
-9,-9,37,71,91,-38,-107,-32,handspherical
-1,1,-2,27,40,4,24,24,handspherical
20,3,-16,-38,-5,70,40,51,handspherical
1,-35,5,-29,-46,4,-4,-10,handspherical
-34,19,-30,-11,-25,-44,-32,-18,handspherical
6,5,6,51,36,44,26,15,handspherical
13,-27,21,-12,-53,-4,-18,-7,handspherical
-29,12,-50,-19,-35,-22,-3,1,handspherical
-3,1,18,25,26,-48,17,0,handspherical
21,1,34,39,-40,81,43,4,handspherical
-9,-4,-10,-22,-12,-2,-101,-12,handspherical
-16,-5,-51,-40,-34,-39,-8,-27,handspherical
33,21,92,114,-5,72,51,83,handspherical
9,-9,2,-57,-2,60,27,4,handspherical
-26,26,-46,-16,3,-20,-35,-15,handspherical
9,-1,19,2,-43,-14,-6,-10,handspherical
14,-18,21,48,-45,-33,9,3,handspherical
-28,18,-37,-43,-29,-32,-53,19,handspherical
3,-9,5,8,106,-28,-6,23,handspherical
10,-17,7,-28,-78,87,32,11,handspherical
-8,0,-27,0,-74,-12,42,40,handspherical
-3,24,10,-24,-80,-15,-30,3,handspherical
4,-16,-9,-10,4,-15,7,10,handspherical
7,-15,-15,12,38,-2,-4,-10,handspherical
-20,34,31,86,40,9,5,-29,handspherical
3,2,-11,-47,-30,-10,-3,-2,handspherical
14,-28,13,-53,-77,-6,-17,-8,handspherical
-26,24,-24,42,81,7,-1,-8,handspherical
1,8,-19,-45,-77,18,2,-3,handspherical
18,-22,85,66,121,38,8,5,handspherical
-3,3,-23,4,-31,-4,4,5,handspherical
-9,11,8,25,-1,4,-12,-7,handspherical
4,0,-5,-31,-62,-5,9,18,handspherical
8,-29,14,57,-15,-6,10,1,handspherical
-23,24,-39,47,84,-1,-17,-5,handspherical
17,-11,20,1,16,-17,47,54,handspherical
19,-18,7,-19,-82,-29,33,30,handspherical
-11,25,-14,27,25,95,35,8,handspherical
-7,-1,-6,-30,-6,-33,-87,-23,handspherical
24,-29,33,29,41,-17,121,31,handspherical
5,11,3,69,124,28,104,46,handspherical
0,15,19,-16,-3,104,4,-11,handspherical
7,-11,-27,-39,-27,-43,-32,-20,handspherical
0,-19,6,14,41,2,-16,-28,handspherical
-20,45,26,17,-6,-23,-17,-7,handspherical
11,-12,-32,22,113,32,14,6,handspherical
8,-31,44,25,-2,-17,-1,1,handspherical
-21,28,-32,-46,-50,-30,-44,-2,handspherical
6,7,11,17,41,43,15,5,handspherical
16,-18,18,-5,-14,-11,3,5,handspherical
-7,8,-19,6,10,45,39,5,handspherical
5,4,2,29,-37,-38,30,78,handspherical
20,2,20,6,-77,-15,26,45,handspherical
14,-15,-1,-7,72,78,74,26,handspherical
-9,22,-14,2,31,16,54,46,handspherical
7,-6,6,-1,-19,-3,-17,1,handspherical
5,-27,21,5,-83,-48,-40,-18,handspherical
-32,29,-40,2,52,-5,22,13,handspherical
0,3,6,77,73,-27,-67,-15,handspherical
21,-25,41,42,-12,-11,1,3,handspherical
-16,16,-26,-25,-26,-16,-6,-5,handspherical
-10,6,-14,-29,-60,-24,-33,-7,handspherical
14,-9,15,-10,10,19,14,-3,handspherical
3,-2,0,7,-46,14,8,1,handspherical
-17,15,-24,-15,-18,-16,-33,-10,handspherical
5,-2,25,-29,-70,28,9,18,handspherical
29,-15,20,-10,-15,67,5,61,handspherical
-34,21,-48,-64,7,-1,-51,-13,handspherical
-7,1,-1,-7,1,-26,-19,-8,handspherical
22,-19,49,10,-34,2,3,2,handspherical
-24,-14,-70,-9,-26,-27,-21,-13,handspherical
12,13,3,-36,-52,27,37,12,handspherical
4,-10,7,67,46,-13,-23,-17,handspherical
10,-10,11,-3,127,3,22,-7,handspherical
-17,21,-20,-40,-28,41,-18,-11,handspherical
-1,-16,-8,-24,-83,-14,5,-7,handspherical
21,-19,46,68,7,-28,8,7,handspherical
-19,24,-35,2,5,-5,11,-2,handspherical
1,-7,-6,-30,-5,-12,-16,-15,handspherical
24,-26,32,-13,65,0,-4,5,handspherical
-20,7,-35,0,18,-25,-5,-10,handspherical
0,7,16,3,-113,15,-68,-3,handspherical
7,0,-3,-17,79,34,14,4,handspherical
1,-16,-2,-26,-27,43,5,-13,handspherical
-5,34,-3,-11,-98,-17,7,21,handspherical
0,-10,-24,-12,-9,12,1,-1,handspherical
9,-27,27,-45,-54,-35,-8,-3,handspherical
-44,14,-32,71,-17,-52,-60,-19,handspherical
16,0,13,18,62,127,36,10,handspherical
28,-25,7,-29,-35,-24,44,19,handspherical
-14,14,-44,-52,19,-10,38,25,handspherical
