127,43,-63,0,-11,-37,10,100,-128,32,21,-68,-24,7,-28,-120,handClose
127,0,60,106,127,-26,24,54,-30,-42,44,65,45,38,37,31,handClose
127,65,115,0,19,-37,-5,94,-128,127,127,63,-45,-65,-30,-94,handClose
-128,-68,13,48,-128,-128,-122,-95,-34,-23,-99,30,120,92,35,74,handClose
127,-66,3,35,127,127,116,46,127,15,127,16,-128,-128,-40,81,handClose
-30,127,-5,10,112,88,41,-29,119,127,127,62,26,26,33,43,handClose
127,-128,-128,3,-14,-48,8,94,-128,-128,-128,-50,-128,-101,-93,-42,handClose
-128,67,88,20,-58,-66,-40,-60,127,127,127,53,127,127,96,53,handClose
19,-60,-22,-22,-5,-15,-18,-38,110,-40,66,30,-33,-11,6,90,handClose
-128,10,55,15,-42,-90,-33,-73,23,39,49,-1,74,127,99,-13,handClose
36,56,127,49,17,53,10,-49,-90,-128,-16,85,-48,-128,-74,-105,handClose
127,-41,-128,-57,78,97,-1,16,-41,-8,-64,-103,-96,-128,-57,-17,handClose
-128,-128,70,17,-128,-128,-94,-110,-128,27,127,1,-49,-27,-53,-33,handClose
-128,45,91,46,-53,-61,-37,-128,-128,-103,42,-14,-53,-78,-77,-128,handClose
127,43,-51,-57,-66,-128,-65,91,37,117,-21,-13,-41,-16,-15,41,handClose
-74,86,-27,25,-15,116,56,20,127,-24,79,6,51,117,38,41,handClose
-128,81,127,49,115,127,47,-82,125,62,-68,-4,17,-1,11,79,handClose
-62,-128,-128,-42,-47,-23,-40,-128,-115,25,24,12,-12,-22,-13,-35,handClose
99,127,78,6,7,-1,-23,-70,-82,-12,6,-23,-22,-48,-9,0,handClose
-128,-128,-62,-46,-68,-85,7,70,-27,-6,13,12,-70,-103,-26,-31,handClose
95,32,-86,-16,-27,-90,-47,-59,47,-128,-32,-74,90,87,18,1,handClose
-13,-128,-128,-30,6,5,-6,6,127,42,21,-29,127,127,22,107,handClose
-10,13,-10,-21,-35,-44,-23,-12,-128,-15,-21,-61,-47,3,7,-23,handClose
-10,-40,126,47,-31,-52,-6,-1,-72,-29,115,59,-8,-30,-32,-91,handClose
-128,-74,-49,10,35,-3,-1,-56,65,-83,-128,-11,-6,-7,12,63,handClose
-89,56,66,13,33,-9,-9,-25,14,57,90,-10,-1,74,23,-11,handClose
-66,-38,-128,-34,-23,-35,-27,-30,-128,127,101,35,-74,-114,-83,-52,handClose
-102,-117,-17,41,-26,-13,1,-31,127,127,44,28,29,127,102,108,handClose
127,-54,127,-1,33,46,36,63,-30,-49,-102,-19,-15,-15,-32,-41,handClose
-79,13,39,-21,-97,-78,-24,2,-128,127,127,31,13,-4,-11,-45,handClose
65,-80,-126,-26,113,100,31,3,127,-71,-128,-57,-56,-58,-13,46,handClose
-17,19,127,61,-30,-52,-12,-7,-128,14,-30,3,58,40,27,-22,handClose
-49,8,71,7,-17,-27,-16,-28,127,-62,-1,-36,8,108,32,72,handClose
-128,-36,-27,-1,-2,1,-7,-81,-85,-44,-33,4,21,32,7,-26,handClose
-35,-80,123,25,9,-2,19,89,54,-13,-37,-18,-28,11,15,7,handClose
111,27,69,44,24,12,-1,12,-128,29,-21,53,17,-24,-11,-14,handClose
-10,39,17,-51,-12,21,2,-28,127,-48,127,15,-47,-35,-10,24,handClose
-18,15,73,6,102,127,74,40,-128,-128,-128,-67,-42,-29,-26,16,handClose
-33,-74,-128,-50,-56,-70,-45,-19,-99,33,39,-11,-12,-16,-7,-33,handClose
-109,-99,-128,12,17,6,-27,-61,-128,22,82,23,-80,-128,-68,-59,handClose
127,127,66,-5,127,127,93,69,127,-112,-73,57,86,41,30,86,handClose
3,19,37,-57,2,-15,-9,-9,82,28,32,19,-30,-13,14,-8,handClose
127,73,102,30,-18,-28,-8,4,-46,20,-60,-3,127,127,59,51,handClose
-85,-128,-128,-117,-61,-72,-57,-66,-36,-56,4,-58,-42,-27,-11,-29,handClose
43,30,53,11,-9,-13,-9,6,-128,22,-8,66,0,-27,-8,-37,handClose
83,7,40,-115,-86,-96,-51,-3,-89,1,46,25,1,-21,-9,-19,handClose
10,48,-39,1,9,79,11,-14,-51,-20,-8,-3,-30,35,-3,-24,handClose
-128,-9,20,54,23,-8,-20,-113,-128,10,127,44,-30,-128,-41,-46,handClose
127,-44,-128,-105,127,127,86,127,127,-62,-128,-58,120,127,55,63,handClose
-27,-6,12,-18,-33,-28,-19,-27,-78,15,127,-70,-25,-23,-12,-20,handClose
-5,17,38,-1,0,-16,-10,-66,113,22,63,12,83,94,20,18,handClose
-4,13,-50,-37,-34,-22,10,66,-1,25,47,26,17,11,5,-2,handClose
-116,-38,-32,98,32,13,2,-25,-128,51,67,45,-39,-30,-37,-128,handClose
127,-95,-128,-44,-14,91,59,127,-3,45,48,56,51,121,33,-1,handClose
-17,-128,24,127,85,-1,-1,9,-3,21,-40,73,44,6,2,0,handOpen
-16,-57,-6,-128,-128,-51,-38,-38,-9,27,24,62,-1,-14,-18,-15,handOpen
28,-25,35,127,127,-5,-9,8,37,32,28,-62,10,-13,-3,8,handOpen
43,44,-116,-37,-60,51,33,13,-12,48,-6,-50,6,31,12,8,handOpen
37,127,89,72,16,30,13,11,44,-76,-37,24,37,19,5,8,handOpen
-9,19,-18,-16,28,9,17,26,23,-112,5,-35,42,-19,-18,-1,handOpen
1,43,56,91,-103,-125,-57,-18,11,78,66,-21,-106,-20,10,17,handOpen
2,-17,-50,-128,34,127,85,11,0,-1,-47,-128,33,-29,-35,-26,handOpen
-10,71,17,-7,-43,-64,-19,-11,61,-48,-44,-84,-113,-44,-14,4,handOpen
8,42,127,-66,-19,-21,-14,-10,-23,-47,-35,102,-25,-57,-21,-4,handOpen
23,-26,39,127,85,54,28,23,-44,-69,-63,-128,-128,-114,-60,-29,handOpen
-20,-110,-17,-128,-128,-82,-55,-44,-7,15,45,24,98,106,33,8,handOpen
0,18,-83,-42,-9,8,1,5,-12,-17,-128,-55,-12,-30,-27,-19,handOpen
19,82,54,-64,25,16,3,8,-48,-27,-14,112,10,37,15,-2,handOpen
-37,12,14,-128,-87,-61,-19,-4,66,22,127,89,35,-6,2,23,handOpen
-14,-4,26,122,103,99,9,-10,-10,-39,-57,-45,-61,-19,-5,-6,handOpen
33,50,45,127,127,37,48,30,-11,70,-21,-3,-22,21,4,-6,handOpen
79,101,-128,10,-57,-39,-10,8,-52,-55,-128,-38,-54,-43,-29,-20,handOpen
18,-18,127,-3,-39,-32,-13,4,53,41,-29,87,-56,-95,-26,2,handOpen
-28,127,33,106,87,99,48,27,30,67,127,108,127,127,77,32,handOpen
-27,-128,13,-47,-102,-62,-54,-38,-50,-88,-113,-128,-97,-43,-23,-21,handOpen
-9,-17,-121,-128,-118,-47,-26,-23,11,105,33,-34,-67,-33,0,-1,handOpen
-33,-11,71,-128,-128,-90,-46,-18,-23,-66,-15,-17,-32,-112,-39,-13,handOpen
-6,3,27,-4,39,-111,-35,-7,29,22,-12,92,127,127,90,32,handOpen
17,43,35,35,127,127,91,31,17,7,38,-128,-30,-20,2,7,handOpen
-33,-36,-128,-13,-48,-92,-47,-25,-2,22,13,62,-13,-35,-19,-6,handOpen
0,-10,-128,-128,-16,95,51,11,-22,-64,-128,-128,-128,-69,-34,-24,handOpen
-12,-27,21,104,-12,0,-2,0,22,-32,103,54,41,-7,-9,-1,handOpen
-56,19,-38,3,-8,-15,-9,-21,26,127,91,127,125,11,10,6,handOpen
-29,-128,-38,-128,-53,-31,-18,-22,-21,-59,97,-4,47,19,7,5,handOpen
19,4,37,80,53,21,24,18,16,72,-8,13,-125,-41,-3,9,handOpen
-15,28,-21,-128,-128,-33,-10,6,-8,-67,-128,-128,-11,6,-7,-8,handOpen
4,47,-19,-128,-73,43,16,-4,-63,7,22,62,108,22,-11,-22,handOpen
-13,-41,-25,-4,99,19,-2,-5,1,-23,-44,46,-3,23,-3,-3,handOpen
-47,7,-13,-19,-25,-10,-7,-7,-62,-32,55,-44,-68,-41,-13,-12,handOpen
4,7,43,-12,-127,-65,-26,-4,9,-3,-128,-128,-46,-2,-5,-4,handOpen
17,13,62,122,98,72,55,27,16,45,72,52,58,43,25,21,handOpen
-9,12,11,-3,-58,-65,-25,-9,-12,15,-74,11,21,-1,-4,-6,handOpen
25,31,6,33,48,91,40,21,-9,-74,-37,5,16,-12,-15,-10,handOpen
3,127,10,-89,18,13,1,-4,-7,6,-4,-47,-101,-25,-4,-2,handOpen
-14,90,-41,127,80,-20,-28,-20,-3,-29,-36,-39,1,5,0,-4,handOpen
26,-112,-11,13,-58,-15,-8,-9,-82,61,-18,-128,-98,-60,-22,-16,handOpen
6,17,-10,-13,-41,-8,3,11,20,-4,45,127,127,41,21,20,handOpen
4,1,19,52,36,11,8,3,-18,-39,-15,-47,-56,-18,-10,-7,handOpen
3,10,38,-8,-121,-72,-22,-7,28,-5,13,111,25,20,8,13,handOpen
-15,-20,-42,-102,-111,-38,-21,-9,-10,-21,-103,-94,9,47,24,0,handOpen
-14,-126,0,-9,1,-30,-19,-10,9,-20,1,127,49,-33,-19,-4,handOpen
6,-46,22,9,2,17,11,9,0,30,28,-35,-38,59,16,3,handOpen
-27,-17,-56,10,-97,-17,-8,-5,9,-19,1,30,69,30,7,4,handOpen
-10,-18,-128,127,34,1,-5,-5,-13,82,7,127,8,-22,-17,-12,handOpen
0,31,94,-120,-128,-49,-22,-11,8,-76,28,6,-35,-10,-7,-4,handOpen
-7,-15,24,27,39,-5,-8,-6,-7,8,-2,-128,-112,-24,-5,-7,handOpen
10,7,2,-21,-6,24,10,4,6,21,15,-122,-46,4,5,9,handOpen
27,-99,-35,-77,-128,-74,-32,-26,26,1,-27,-102,-9,-28,-5,-1,handOpen
-2,-1,8,24,6,-2,-1,-2,1,11,9,-3,-6,-8,-11,-2,handRelax
5,-4,-53,15,11,21,6,-2,-1,2,18,-18,-6,0,-1,2,handRelax
-1,4,23,18,8,-5,-5,-1,-1,-6,-2,-11,4,-4,-2,-2,handRelax
-4,1,2,-19,-20,-18,-6,-5,-5,0,-12,8,-6,-2,-2,-3,handRelax
-1,-3,11,12,-5,1,3,1,-3,0,32,-4,-9,-13,-1,-1,handRelax
-4,0,2,2,2,5,0,-1,1,-1,2,1,3,-6,-7,0,handRelax
0,2,0,9,2,-9,0,-2,1,-1,-2,-11,-5,-7,-6,-3,handRelax
2,0,-16,0,1,-5,-3,-3,1,3,3,14,1,9,5,-1,handRelax
-3,0,19,-6,-12,-5,5,0,-2,-1,-1,-9,1,-6,0,-4,handRelax
2,1,17,5,-5,-7,-1,-3,-3,-1,12,7,0,-6,-5,-1,handRelax
-1,-5,-14,10,9,9,2,-1,1,0,15,-9,-2,0,-1,3,handRelax
-5,-3,-3,-11,-6,-5,-2,0,-4,-2,-25,-4,-8,-15,-6,-3,handRelax
-1,2,14,35,1,2,-3,-2,-2,-6,-11,-10,18,24,6,0,handRelax
-2,-2,-39,-9,2,7,-4,-2,1,-2,-12,-38,-8,-7,-4,-1,handRelax
0,-3,8,3,5,5,-1,0,-1,-1,5,28,5,10,8,2,handRelax
0,-1,4,0,-1,-7,1,-1,4,-1,8,-5,1,-5,2,0,handRelax
1,-2,1,-7,-1,-1,0,-1,-2,3,22,4,0,-2,1,3,handRelax
-2,0,1,2,2,0,2,1,-2,0,-3,-2,-1,-1,-1,1,handRelax
3,4,10,14,-2,-4,0,0,2,-1,-8,4,4,2,1,-5,handRelax
-1,-5,-30,-22,3,-3,-1,-6,-1,1,13,2,-11,0,-2,-4,handRelax
-1,-2,-42,-39,-12,-6,-5,-2,-3,1,-5,-10,2,-6,-2,-1,handRelax
0,-6,-15,14,5,0,-4,0,-1,-3,-3,0,-1,-4,0,2,handRelax
1,-3,-5,-9,-6,-11,-2,1,2,1,8,6,-2,-6,1,-1,handRelax
-1,2,14,-3,2,16,4,1,1,2,5,2,-1,-2,-2,-1,handRelax
-1,-1,0,13,4,-6,-2,0,1,1,13,-3,-2,-8,-1,0,handRelax
2,-3,3,-36,-5,-11,-9,0,-4,-1,3,5,2,-3,-1,-3,handRelax
1,1,4,21,13,35,19,3,0,-2,2,-2,-3,-5,-2,0,handRelax
0,-11,-21,3,2,-2,1,0,-1,1,1,2,0,0,0,-2,handRelax
-5,-4,-8,-11,-7,1,-4,-2,2,-1,-7,9,2,2,2,-2,handRelax
0,1,11,5,-9,-5,-2,-2,-2,1,-5,-3,-4,-5,-2,0,handRelax
-1,8,3,-10,-7,-2,-4,-3,0,0,13,14,1,-4,0,-3,handRelax
0,-3,-3,5,2,1,-3,0,1,1,20,12,-1,-10,-8,0,handRelax
0,0,1,6,1,-2,-1,0,0,-7,-64,-10,16,28,13,1,handRelax
-1,-3,-6,-7,-7,-4,-4,-4,1,2,3,3,2,-1,0,-4,handRelax
-1,0,-1,2,-1,3,-1,0,0,0,1,1,0,-3,-1,-2,handRelax
-3,0,-2,0,-4,-1,0,0,-3,-4,5,-4,-1,-2,-1,-4,handRelax
-4,-2,-1,1,3,-26,-13,-2,2,1,-5,2,2,-3,-2,-1,handRelax
-2,-5,36,-11,-4,-12,-4,-1,-1,-3,-9,-4,1,48,13,-2,handRelax
-2,-2,-29,-2,2,6,1,0,0,2,42,22,10,2,3,2,handRelax
4,3,38,-8,2,-2,0,-3,0,-3,-52,-24,-14,-11,-6,-3,handRelax
-2,-6,-50,8,3,-1,-2,-1,-4,-3,-15,-12,-8,-8,-2,-2,handRelax
0,-1,0,-9,-2,-5,1,-4,-1,2,21,-1,0,1,1,-2,handRelax
1,-2,-5,4,6,0,-4,-1,-2,-2,6,9,-5,-3,-2,-2,handRelax
-2,3,0,8,4,4,-1,-5,1,2,-2,1,-1,-1,-3,-1,handRelax
0,-14,-10,-11,-8,3,1,2,0,3,7,-1,-5,-2,-1,0,handRelax
-3,1,-13,-10,-1,-7,-1,-3,2,0,1,4,1,-1,-2,0,handRelax
-2,1,19,-6,-3,-4,-3,-1,-3,-1,2,-4,2,-5,-1,-1,handRelax
0,1,-5,0,6,11,-2,0,0,2,1,26,9,2,-2,0,handRelax
1,-2,-3,0,-1,0,2,0,-1,-4,-15,-34,-17,-4,-4,-3,handRelax
1,0,-42,-7,-5,-2,4,3,-3,2,9,-5,-5,-6,-4,-3,handRelax
1,-3,-2,-2,-3,-6,-1,-1,0,-5,-9,8,-12,-8,-4,-3,handRelax
2,4,7,3,2,1,1,1,-3,1,-9,-6,1,-2,0,-2,handRelax
-1,1,5,19,9,15,1,1,-1,6,31,-7,3,3,-1,0,handRelax
3,5,-12,-29,-3,0,0,-2,1,1,4,-16,-6,-5,-4,-1,handRelax
-25,48,26,-26,-4,2,1,-8,22,1,-17,-9,-26,-11,-4,1,handRock
56,-57,-98,-6,-39,-38,-37,-32,2,24,38,103,26,19,20,20,handRock
77,38,-1,127,87,34,22,24,3,-22,-68,-128,-101,-44,-25,-9,handRock
-90,-42,-31,-128,-83,-35,-37,-90,-59,-8,-1,-2,63,23,-2,-27,handRock
-87,-45,39,-67,-29,-25,-23,-30,-4,46,92,127,-15,5,26,36,handRock
-61,-112,-102,-128,-87,-28,-17,-33,126,-10,-10,73,-4,-3,16,55,handRock
-82,-14,-66,-128,-116,-29,-11,-15,69,39,-9,-128,7,-29,-17,-37,handRock
25,-11,3,-120,-74,-44,-29,7,2,44,2,2,29,67,39,14,handRock
66,25,69,45,51,15,15,22,-23,-11,15,13,-29,-25,-3,10,handRock
25,-2,-52,-128,-79,-21,2,43,-5,2,22,40,-25,-3,-10,-9,handRock
-4,127,62,127,82,14,-15,-44,57,18,-44,127,127,50,27,41,handRock
69,-43,-128,-128,-75,-25,-11,35,-9,127,99,-102,-110,-48,-25,-35,handRock
-15,3,34,-29,34,22,17,3,-20,-70,36,127,72,10,15,-1,handRock
127,25,-6,-37,34,-17,-16,31,-48,-1,23,127,58,10,6,-8,handRock
-17,-16,28,33,-37,-31,-14,-9,0,-47,-36,-90,-75,-128,-89,-14,handRock
-63,-17,-71,50,74,26,3,5,91,28,-12,66,127,127,127,81,handRock
-14,31,30,-84,-53,-23,-24,-59,-47,-18,6,-5,-37,-53,-23,-46,handRock
-17,-8,-16,7,-32,-30,-17,-13,24,-128,99,127,82,33,16,15,handRock
16,8,59,127,54,14,8,18,-24,101,-54,73,-9,-5,0,-2,handRock
-5,-119,-75,-128,-84,-41,-24,-8,-4,36,55,127,22,-30,-6,2,handRock
-21,34,-5,127,78,25,9,-13,15,-12,-38,-128,17,109,48,16,handRock
-31,-2,49,127,75,11,4,-3,9,14,24,0,-10,-6,-3,20,handRock
-64,-37,-128,-128,-128,-66,-38,-30,-11,8,7,59,12,-32,-25,-27,handRock
-7,15,92,127,78,3,-3,2,127,26,80,127,127,96,52,62,handRock
59,11,-12,75,22,57,40,32,7,-15,-54,-128,-67,-31,-25,-34,handRock
-41,13,38,95,48,20,8,-29,-5,8,-16,-2,7,1,0,-8,handRock
88,-20,-62,-128,-67,-25,-11,21,-17,6,41,74,27,9,1,-4,handRock
-15,6,-11,18,36,18,11,3,-40,-95,-6,-38,6,0,-10,-14,handRock
1,0,6,32,-8,-7,-3,-13,22,-9,-10,44,4,-7,-3,9,handRock
-13,-18,-24,-13,-30,-22,-14,-12,1,-2,-16,-128,-74,-21,-7,-11,handRock
-18,-21,46,21,12,6,7,0,28,-104,2,127,46,-3,7,28,handRock
-81,3,0,26,16,13,-3,-29,-20,-18,-26,-41,-13,21,-14,-24,handRock
127,11,12,-128,-24,-18,-3,56,-9,0,-10,23,36,13,4,-3,handRock
-55,-17,21,121,41,10,6,-22,-109,-4,31,12,5,1,-1,-17,handRock
11,-16,-39,-128,-87,-29,-12,-4,127,30,-39,58,44,45,28,45,handRock
23,27,26,58,46,18,9,14,27,87,29,111,11,-11,-8,4,handRock
-3,14,47,119,41,13,7,6,-63,-68,-68,-128,-68,-30,-19,-24,handRock
-52,-12,-33,-128,-74,35,25,3,-9,-6,-25,54,4,-9,-8,-10,handRock
51,1,3,122,23,-15,-18,-3,-8,-106,24,79,28,17,7,2,handRock
35,47,-7,127,33,3,9,35,-12,-14,-87,-94,-70,-69,-32,-16,handRock
29,-17,58,-8,-31,-23,-13,-6,2,6,-6,-25,62,79,13,4,handRock
58,-21,38,127,47,17,15,9,-12,-6,-10,10,-13,-20,-11,-9,handRock
-25,-31,-23,-99,-14,-7,-8,-7,-61,8,-2,56,47,31,16,-19,handRock
-7,41,83,127,66,17,8,5,48,-5,37,7,-28,-16,-8,18,handRock
-36,-24,-108,-128,-74,-19,-11,-22,32,78,23,-32,5,0,-8,-9,handRock
-23,-42,-97,-128,-116,-44,-25,-20,15,10,3,87,33,6,2,2,handRock
-16,-3,8,86,1,-9,-5,-6,58,46,71,127,69,28,20,33,handRock
-1,17,42,127,93,60,23,2,3,39,-22,81,-7,-11,-13,-15,handRock
0,-9,-60,-128,-90,-20,-7,-1,-10,20,46,127,35,15,9,-6,handRock
127,-8,-57,-128,-63,-25,-17,36,50,4,16,127,36,3,6,14,handRock
-9,42,77,75,44,19,11,1,4,2,-9,-7,-26,-24,-14,-7,handRock
-35,-40,-61,95,18,3,1,-5,-71,-17,-16,23,1,-2,-7,-16,handRock
-53,-47,-45,-75,-49,-22,-14,-20,6,20,20,72,40,22,12,8,handRock
81,5,60,-81,-37,-24,-6,13,-12,3,-4,65,9,-9,-4,-5,handRock
-58,62,12,0,89,34,7,-2,-63,35,-46,2,-29,-6,-13,-32,handPeace
8,-77,48,21,39,-25,-20,-34,-21,31,15,23,69,-44,-14,2,handPeace
-12,-39,-14,-26,-43,84,31,27,39,98,-81,-128,-128,32,33,14,handPeace
26,38,61,103,127,-8,-4,7,48,45,-30,84,1,1,-13,8,handPeace
-2,81,-28,-11,-14,-10,-4,-1,-35,41,-53,-111,-49,-10,-10,7,handPeace
47,19,-30,-115,-14,-88,-23,29,56,-78,-85,-70,10,71,43,31,handPeace
-12,-27,49,127,127,127,49,10,19,74,-4,112,-64,-86,-27,-3,handPeace
7,-33,-72,-97,-94,-70,-44,-16,-40,-128,7,-30,-21,-85,-85,-38,handPeace
-1,-94,-17,14,-122,-128,-66,-22,3,20,40,-9,6,65,47,-3,handPeace
-61,-8,67,-23,-48,-4,-4,-12,-30,-14,-30,-4,99,105,45,6,handPeace
27,9,-63,-56,109,54,22,15,45,-128,78,127,111,32,13,26,handPeace
-128,-128,127,127,112,10,-19,-78,97,25,65,28,-77,11,18,25,handPeace
127,-24,-60,-53,10,-24,-5,44,118,28,6,9,1,8,3,36,handPeace
-30,-14,-40,40,127,127,17,-24,33,23,20,72,-26,22,21,18,handPeace
-1,1,-17,59,100,10,23,3,-34,32,-13,-40,74,127,83,32,handPeace
1,14,44,1,-7,-29,-27,-20,-58,-128,-44,2,12,20,-4,-21,handPeace
-15,-24,-104,-117,-128,-110,-49,-24,-20,31,-11,-58,-128,-128,-62,-18,handPeace
-56,-28,-47,-46,-85,-56,-15,-9,16,-15,3,49,114,95,26,1,handPeace
-114,-19,-49,109,127,127,65,-22,-26,-16,68,91,53,-45,-19,-17,handPeace
127,125,-6,-24,-15,-5,-12,-5,88,56,-28,-24,-94,-31,-6,20,handPeace
-46,28,8,-38,-51,-6,12,54,-50,9,46,10,-51,-73,-28,-14,handPeace
4,-17,-3,7,-106,-48,-22,-11,-57,-1,-32,-50,33,-21,-14,-16,handPeace
6,-3,82,-5,-46,-35,-18,1,-66,-24,12,51,-8,-37,-32,-33,handPeace
8,10,49,16,98,127,42,17,47,-3,-31,36,9,19,2,-4,handPeace
64,57,-5,-23,-11,-45,-11,-4,-16,17,18,-12,78,45,20,3,handPeace
-18,15,25,-1,-15,55,16,-2,51,-10,4,-4,5,-19,-8,18,handPeace
100,-128,-40,0,-71,-17,-15,-2,-21,-10,-10,-9,-7,8,7,9,handPeace
-85,-56,-5,16,77,-16,-16,-17,-40,-13,17,-21,-75,-30,-10,-10,handPeace
14,37,0,-83,-128,-42,-12,7,35,-116,-3,18,31,23,-7,-13,handPeace
50,15,-40,-32,-32,19,25,23,-25,7,49,122,127,124,17,-11,handPeace
-48,-22,122,41,53,-44,-21,-4,-16,-33,-25,-10,0,-22,-11,-7,handPeace
-42,7,22,83,93,-15,-15,-21,0,-5,-22,-48,-27,-13,-2,1,handPeace
-19,-17,1,-3,72,37,18,5,-59,-4,9,-2,12,6,2,-8,handPeace
-1,7,-7,-47,-56,-17,-10,-3,-44,-13,-32,-49,-106,-43,-15,-10,handPeace
32,95,44,78,92,17,-5,-10,93,3,21,73,87,26,5,10,handPeace
27,9,35,18,-50,-18,-10,-4,17,-1,6,-56,-40,-63,-18,-2,handPeace
-5,-8,-30,-61,61,27,9,0,-38,-17,-17,23,99,81,36,10,handPeace
-15,6,27,109,54,1,1,-11,-4,-8,-6,23,-56,-39,-13,-1,handPeace
11,4,10,-15,-2,9,21,13,28,56,13,27,49,24,14,7,handPeace
-37,74,-30,-45,26,30,16,-3,-40,-17,9,18,-8,-3,-12,-16,handPeace
60,-35,-13,28,23,-42,-22,-3,37,19,-6,-37,-1,8,14,20,handPeace
26,-34,-34,79,29,-23,-10,-5,-7,11,-6,-89,-52,36,11,3,handPeace
28,5,10,53,60,59,50,45,-40,14,32,127,-29,-33,-13,-6,handPeace
-21,12,-11,-46,101,26,-4,-7,7,-16,-20,16,33,-14,-8,-8,handPeace
-10,-23,33,-24,-113,-58,-33,-27,21,25,-27,-63,-25,-6,3,-1,handPeace
-125,32,23,-11,25,21,14,-14,-19,6,-5,-12,-10,-9,0,-6,handPeace
127,4,22,61,-59,-21,-2,36,-75,-51,-2,-22,-33,8,7,0,handPeace
-16,17,1,-70,-71,-30,5,18,-26,-116,-18,75,127,-17,-21,-13,handPeace
-39,-7,23,32,63,29,-6,-19,3,18,-11,-16,-37,32,17,5,handPeace
5,-6,-66,-65,22,19,9,3,13,6,-7,-72,-1,33,21,7,handPeace
15,-6,-30,-35,-62,5,7,8,-25,-16,-30,23,106,13,-3,-9,handPeace
-33,4,44,47,37,-1,-3,-13,20,7,21,17,-87,-27,-13,-8,handPeace
71,125,54,22,103,19,0,0,3,1,19,-17,-4,-15,-7,-5,handPeace
127,15,44,34,-21,46,25,80,57,5,6,19,-69,-12,8,20,handPeace
-15,-63,38,50,45,9,3,-9,-9,-44,1,50,-3,3,-3,-9,handOk
20,-24,-29,-116,-23,-7,-14,-12,-2,25,-12,-30,5,-4,-2,-1,handOk
6,42,24,-88,-61,2,7,0,-6,-97,-24,123,125,12,16,13,handOk
0,-59,23,94,79,20,5,3,7,-39,-13,8,52,11,14,7,handOk
-8,-115,-30,68,-1,6,7,7,39,93,-36,0,28,13,9,9,handOk
7,26,21,-57,12,-2,9,14,14,7,19,62,27,0,4,7,handOk
-32,67,13,-24,-7,4,-10,-14,16,-4,17,-1,1,8,9,3,handOk
-2,-128,-34,-37,-38,-23,-13,-10,-10,10,15,-21,4,4,5,-5,handOk
-17,-128,-30,39,6,1,4,5,12,20,19,23,1,7,8,11,handOk
4,30,5,2,5,4,5,6,0,-101,-14,5,-22,-9,1,-3,handOk
58,20,30,3,-12,4,9,15,-9,-11,-11,115,73,6,-11,-15,handOk
-9,-6,-6,-51,-74,-30,-5,5,6,65,27,83,80,23,12,11,handOk
-13,-16,-4,5,29,9,-5,-15,6,-14,1,-22,-70,-23,-7,1,handOk
11,69,14,37,44,-6,-4,0,-41,-52,-35,-109,-85,-21,-9,-12,handOk
-1,12,-3,38,-3,-1,5,3,-4,-2,4,97,77,1,-6,-8,handOk
10,20,-1,-68,-15,-6,-6,-3,4,5,20,104,90,49,17,3,handOk
-12,-14,-5,-9,-18,-14,-9,-8,-7,26,-38,-128,-90,-20,-7,-11,handOk
-12,-12,-16,-26,-33,-22,-13,-12,-1,-21,5,16,1,-24,-13,-6,handOk
-9,-13,-27,-11,-35,-28,-12,-7,3,10,12,25,16,45,21,11,handOk
-21,15,-10,11,22,31,10,-10,5,26,33,-25,-4,5,-4,0,handOk
7,40,25,10,8,-3,-5,-3,-8,21,2,-34,-21,-2,3,-4,handOk
11,4,-19,-60,-85,-22,2,12,-10,-128,-41,-76,-19,-10,-6,-4,handOk
-26,-29,0,-46,37,49,-8,-21,2,18,17,-32,-38,-5,1,4,handOk
-16,26,-24,-84,-72,-28,-10,-1,4,-4,2,-36,-41,-5,0,4,handOk
-5,-3,5,12,9,-5,0,2,-13,21,-4,-22,5,-5,-8,-5,handOk
-35,24,-2,-4,-5,-2,-6,-6,23,-14,-5,7,10,-9,-3,-1,handOk
-4,-2,3,13,4,3,-2,-5,-15,4,-12,-14,-19,-11,-5,-11,handOk
14,86,42,87,67,36,23,13,13,2,-5,35,17,9,9,18,handOk
-27,127,-12,-88,-62,-30,-16,-20,9,33,43,66,71,29,16,12,handOk
-1,-4,-8,-73,7,5,5,2,1,-35,-32,21,6,-4,-5,-7,handOk
-9,-70,0,9,0,10,10,8,-6,-2,-11,-4,0,-15,-12,-12,handOk
30,127,41,70,-7,-1,-2,5,-17,-28,0,61,48,19,1,-8,handOk
5,-39,-41,-38,4,-13,3,-1,3,7,-13,10,-2,11,10,5,handOk
-6,-1,9,5,1,-3,-1,-3,0,8,10,3,-19,-13,-5,-3,handOk
3,21,12,-21,-9,-6,-3,2,-1,-3,-2,4,1,-2,0,3,handOk
-33,-75,-6,8,27,2,-3,-8,26,34,-18,-40,4,0,-2,-1,handOk
-6,-7,4,36,21,0,0,-3,-18,-28,4,106,58,8,6,1,handOk
4,17,12,63,54,17,17,10,10,5,-25,-87,-33,4,2,5,handOk
-10,-16,-29,-106,-79,-20,-15,-13,10,-2,37,4,-10,1,-3,-3,handOk
-11,5,10,0,14,3,4,1,4,6,16,42,31,4,6,6,handOk
-1,-7,-11,21,12,0,-1,-1,-7,-7,5,-10,-22,-4,-2,-3,handOk
-2,-101,-5,10,-5,-7,2,6,-8,16,3,-19,-5,-2,-2,2,handOk
-11,2,9,45,40,3,-6,-9,-16,-12,5,5,1,-4,2,-3,handOk
0,4,-20,-85,-25,-5,-2,1,1,-86,-2,-19,-24,-12,-8,-5,handOk
-4,-8,3,15,13,4,6,1,13,22,4,-39,-7,-6,1,5,handOk
8,-1,18,119,76,13,6,4,-9,-37,-19,-19,-8,-6,-4,-5,handOk
-2,42,-15,-116,-29,-3,-5,-3,4,11,-9,-116,-49,-17,-8,-4,handOk
-1,-6,-9,-3,-6,-6,-6,-3,-10,-27,-128,-21,62,6,-4,-9,handOk
10,20,79,127,127,15,12,12,-9,-9,-3,-61,-30,-19,-8,-4,handOk
1,3,11,24,1,4,3,1,3,1,12,9,-7,-5,-1,-4,handOk
0,1,2,-15,10,1,4,0,-1,2,8,22,3,-2,-1,-2,handOk
-14,4,-10,-20,-12,10,-4,-5,4,12,20,69,31,5,2,1,handOk
-5,-7,-4,9,3,5,3,-3,4,49,0,-29,8,3,-10,-9,handOk
2,76,4,25,-10,0,4,4,-7,5,-15,-13,-5,1,1,0,handOk
-34,-25,127,-22,-11,-103,-54,-39,115,127,127,7,127,127,109,114,handClose
-82,-128,-128,-32,-45,-31,-47,-66,-35,-96,-128,-18,-8,4,-8,-10,handClose
-25,6,118,49,127,127,108,31,-20,51,127,70,31,26,52,23,handClose
127,-128,127,-33,-93,-46,-18,96,-41,22,-128,-53,-115,-108,-60,-71,handClose
21,-8,-128,-28,-50,-18,-30,25,127,127,127,58,127,127,111,117,handClose
105,33,127,12,57,98,2,27,-128,23,68,38,2,6,3,-115,handClose
-114,-5,-22,-37,-128,-92,-53,-52,8,-128,-116,-43,-37,-46,-13,-30,handClose
112,127,127,51,39,11,24,19,55,6,54,-16,-59,-58,-41,23,handClose
-72,-89,-128,-11,-4,-25,-34,-9,-70,-128,127,63,23,-1,31,-10,handClose
-5,-128,-128,-44,15,-21,-9,-8,127,127,115,19,97,57,49,103,handClose
-120,-70,-128,-37,-37,-64,-37,-74,50,-41,-106,-2,-31,-47,-19,-3,handClose
-28,46,127,13,-42,-47,-42,-59,-89,-14,18,17,-59,0,-18,-17,handClose
-45,-18,-28,0,34,36,14,-8,9,127,127,64,127,100,56,23,handClose
-43,-93,-103,-39,7,29,-19,-48,86,127,25,39,93,85,54,54,handClose
-46,39,127,44,-128,-120,-10,73,-128,7,90,-33,-68,-82,-74,-85,handClose
67,110,-128,-78,-8,-14,-56,-52,-16,38,41,-33,-75,-10,-4,-39,handClose
-128,-22,114,0,-128,-55,-27,-93,127,127,109,-20,17,-128,27,127,handClose
-124,12,11,13,11,-33,-20,-47,127,-128,-104,7,127,127,45,57,handClose
-41,0,127,8,7,-31,8,-13,-13,-40,-128,4,18,7,-34,-45,handClose
127,-25,-128,-31,-63,-30,-22,-3,-54,127,127,14,-97,-47,3,0,handClose
-128,-26,96,37,-2,-26,-33,-39,127,-106,-128,-24,127,127,76,127,handClose
-98,-84,-128,-78,-79,-56,-47,-35,59,-11,-6,-15,-52,86,17,-48,handClose
-121,71,42,26,-32,-108,-12,-27,32,-12,-59,-66,-53,1,-3,35,handClose
-8,119,21,5,-12,-18,2,84,-59,41,7,54,55,59,23,0,handClose
127,-2,4,-18,-93,-128,-41,9,-53,111,28,16,25,8,22,-13,handClose
-128,22,55,4,-31,-5,-14,-15,-78,72,123,70,127,127,68,34,handClose
94,127,127,33,-9,17,29,39,-114,-67,10,-29,-54,-36,-30,-74,handClose
-128,-128,-128,-88,-89,-128,-87,-88,122,127,-21,22,-36,-13,-5,-4,handClose
127,-66,-40,32,19,94,53,79,-128,-128,-128,-105,-61,-60,-64,-100,handClose
84,53,112,15,-4,-66,-17,1,127,45,50,39,113,79,27,85,handClose
-12,-45,18,13,-50,8,-16,7,8,113,83,14,-80,-80,-9,-10,handClose
-111,38,82,35,127,127,70,0,-103,-128,-128,-73,-29,85,-1,-40,handClose
127,-24,62,42,33,37,22,18,-114,12,52,26,33,26,-2,-42,handClose
25,-94,25,35,127,127,82,25,-82,5,28,-72,-73,-63,-57,-17,handClose
-96,-49,-128,-71,-128,-128,-60,-64,21,2,-19,21,-6,-30,13,-16,handClose
71,39,46,40,127,127,44,20,127,127,122,40,41,43,39,83,handClose
-96,35,102,5,-30,-9,-20,-53,-86,-84,-128,-59,-128,-107,-87,-63,handClose
-48,2,98,30,75,110,34,-47,127,-50,-128,-61,-127,-85,-35,29,handClose
93,-2,9,-12,-29,-26,1,56,-24,4,4,28,127,127,53,13,handClose
-40,-22,-85,17,-97,-56,-45,-59,-23,35,39,9,-32,-31,-5,-17,handClose
16,89,96,60,95,108,76,78,-25,-32,-32,-1,-24,-4,16,37,handClose
127,2,31,46,6,18,21,86,-1,-30,-128,-38,-68,-84,-48,-73,handClose
-32,-17,6,1,-29,-27,-13,-20,94,8,99,-48,-60,-39,-19,33,handClose
-51,44,6,-15,8,34,1,-6,-26,18,42,7,-16,-19,1,-6,handClose
-7,15,-26,22,18,26,6,-8,-128,-22,-2,-8,-14,-19,-20,-62,handClose
-94,12,-81,-10,-69,-90,-55,-50,-16,7,127,5,-6,2,5,-12,handClose
-72,-31,-24,9,42,85,4,-61,-9,-52,-128,-85,-83,-63,-40,4,handClose
122,-30,56,5,-24,-44,-20,61,-2,3,34,59,127,127,80,34,handClose
-53,-25,-35,18,-68,-59,-28,-16,67,-8,67,-5,10,-1,9,7,handClose
127,-25,-75,57,31,17,10,27,-128,-44,-84,4,127,54,16,-68,handClose
-60,-81,-100,-100,-3,14,-3,4,56,127,121,-10,-12,-43,-23,73,handClose
10,1,34,8,-20,-46,-15,-8,24,-69,-128,-33,-73,-85,-25,5,handClose
-35,49,15,90,43,31,34,19,-115,-22,113,29,111,98,39,-8,handClose
33,-41,-92,-9,-79,-44,-25,-10,-38,10,76,-24,-42,-49,-25,-9,handClose
-2,-2,-24,-128,58,21,29,11,-11,-11,-36,-115,27,-11,-11,-7,handOpen
8,20,50,111,127,35,16,9,7,107,32,110,39,7,4,3,handOpen
-2,-9,-25,52,9,21,4,-3,-5,0,-35,-97,-128,-48,-21,-7,handOpen
20,33,21,80,18,13,15,19,37,-128,-21,59,61,22,15,15,handOpen
-37,25,-33,-51,-30,-2,-4,-13,-49,-24,81,47,-53,-17,-14,-13,handOpen
-45,89,4,-58,-60,-12,-7,-9,-11,-7,18,-128,-123,-30,-6,-1,handOpen
52,-40,-40,127,38,17,13,13,-15,-3,-14,33,-5,-2,-1,0,handOpen
21,-93,99,-38,38,-22,-22,-16,-8,4,41,18,-25,-60,-17,-7,handOpen
-21,-39,-60,-128,-128,-41,-19,-15,-5,11,25,48,114,114,43,14,handOpen
20,1,-42,22,53,-1,6,5,30,52,123,127,127,30,14,21,handOpen
-18,-3,6,27,2,2,-4,-6,-5,-34,-48,-78,-35,6,-6,-3,handOpen
1,12,64,58,6,-23,-6,-5,-40,-79,17,23,55,18,1,-10,handOpen
0,37,-19,31,-27,-8,-8,-4,24,12,-27,-6,-33,-1,0,4,handOpen
-19,12,-10,-46,-83,-15,-1,7,-1,21,37,75,39,8,6,4,handOpen
9,82,48,-52,-16,-4,-3,5,-15,52,-28,7,5,10,-2,-5,handOpen
43,18,73,127,127,127,63,28,-4,1,45,63,69,6,3,5,handOpen
-7,-5,-52,-128,-128,-66,-23,-10,4,9,32,8,-4,6,5,6,handOpen
19,5,98,51,-73,-24,-10,-1,-2,6,15,-22,-72,-12,2,2,handOpen
-4,-14,-57,-19,14,1,4,0,-15,-26,-128,-128,-69,-22,-14,-11,handOpen
6,9,28,42,11,5,5,7,-34,-1,-1,-128,-21,-4,6,6,handOpen
-11,-4,-31,-58,-82,-39,-14,-8,-23,0,-46,-124,-72,-6,-8,-14,handOpen
-11,34,-84,-8,-9,-18,-22,-21,32,2,54,53,21,9,9,20,handOpen
-11,-3,-20,-2,1,4,0,2,-5,0,-14,-41,-13,3,1,-3,handOpen
11,19,24,26,-28,-20,1,9,5,24,127,-4,10,3,1,1,handOpen
2,1,29,105,-4,32,14,5,-10,-16,-109,30,-14,-27,-19,-11,handOpen
-10,-9,-16,-105,-36,42,15,-3,19,15,49,127,31,-34,2,10,handOpen
13,82,32,69,66,5,3,7,2,4,22,-96,-9,41,15,6,handOpen
-30,-59,-69,-111,-63,-30,-12,-8,3,-62,17,23,-21,-11,-5,-2,handOpen
-3,39,29,82,47,6,6,2,35,21,16,27,-3,-1,1,0,handOpen
-53,-54,-128,-64,-97,-55,-40,-38,-13,0,17,-24,-43,-11,-1,-4,handOpen
17,-39,61,-5,-15,-6,0,3,15,85,49,127,127,47,24,20,handOpen
-1,6,32,84,38,9,2,0,12,17,-43,31,33,13,8,7,handOpen
-5,8,14,32,14,3,4,1,6,4,127,36,-46,-11,-4,-4,handOpen
3,7,12,-102,-17,-10,3,1,-12,-17,-90,-81,-14,-17,-16,-11,handOpen
15,13,66,21,3,3,-1,2,5,15,15,68,16,7,5,3,handOpen
0,-20,-42,13,5,1,0,0,7,13,-14,45,127,127,47,15,handOpen
-3,8,19,25,-16,-69,-20,-6,-3,-16,-18,-49,-73,-37,-16,-7,handOpen
-26,2,-2,-6,6,3,2,1,6,16,0,-2,24,-19,-5,0,handOpen
47,70,41,77,34,25,18,12,-4,-6,-3,4,-28,-22,-9,-7,handOpen
5,4,4,-12,12,-6,-2,-3,1,-1,-52,-24,-1,12,5,1,handOpen
-20,-1,20,-22,-46,-19,-12,-13,-10,-38,109,-16,-30,-45,-17,-9,handOpen
0,64,82,2,-21,-15,-3,3,2,-1,-9,32,96,86,23,6,handOpen
13,-26,-91,-128,-102,-24,-9,0,-1,-19,-20,26,-20,-18,-7,-5,handOpen
1,-125,-73,43,47,13,8,4,1,5,63,36,-62,-24,-5,-2,handOpen
0,-8,51,-77,-32,-19,-12,-8,-7,0,-28,-18,7,13,4,1,handOpen
0,-6,1,39,35,-17,-7,1,-47,-128,-104,13,15,-7,-11,-10,handOpen
-9,-3,-14,-5,-20,-28,0,0,56,49,82,-128,-89,-29,-12,-5,handOpen
5,-9,-64,-35,30,37,10,0,-24,11,30,25,-5,-24,-4,-4,handOpen
71,-23,-5,-15,-32,-20,-11,-3,7,-6,67,127,110,33,12,10,handOpen
-1,-5,-43,27,13,-53,-15,-6,-17,1,-21,-67,-63,-9,-4,-9,handOpen
-2,-2,56,0,50,107,29,6,7,5,-21,37,42,41,9,7,handOpen
-7,14,44,50,-128,-128,-72,-25,-2,67,24,71,0,-12,6,-4,handOpen
2,-7,-19,35,127,114,60,20,9,72,-10,53,4,-35,3,7,handOpen
1,17,22,23,7,2,-6,-2,-63,-1,-4,80,-55,-34,-14,-8,handOpen
-4,6,16,-59,-33,-5,-1,-1,11,22,15,-128,-97,-30,-13,-3,handOpen
3,2,16,48,25,13,6,3,4,0,-3,-12,24,-1,2,5,handOpen
-3,-3,0,-2,-4,1,-1,-2,0,3,-4,-3,-2,1,0,2,handRelax
-1,-1,-1,0,-2,-3,0,1,0,-3,-1,1,5,0,2,-1,handRelax
-2,2,3,-1,-1,1,1,0,-2,0,1,-15,-17,-7,-3,1,handRelax
-2,-3,0,-7,-11,-4,-2,1,-1,-5,-18,19,6,2,-2,-4,handRelax
-1,-2,0,-14,-3,-3,-1,-1,-1,0,1,4,3,2,-3,1,handRelax
2,1,-2,-1,1,0,-2,-2,-2,-2,2,9,8,-1,1,-1,handRelax
-2,-2,1,6,0,0,2,-4,0,1,2,4,0,0,0,-2,handRelax
2,1,-2,-1,1,-1,-1,1,-1,2,-1,-10,-5,-2,-2,-2,handRelax
-3,1,1,-5,-3,1,-4,2,-1,1,0,-1,0,-3,-1,-2,handRelax
-2,0,1,16,3,-3,-1,-1,2,0,-1,-10,-1,0,0,-3,handRelax
-3,-5,-3,-8,-4,-1,1,-3,-6,-5,-7,-4,-10,-6,-3,-1,handRelax
-2,-2,0,-7,-4,-2,0,-2,-3,1,0,1,1,0,1,3,handRelax
1,-2,1,0,-3,-2,-2,0,1,-2,-1,1,0,0,1,-4,handRelax
0,2,-3,3,2,1,0,-2,-5,-5,-6,-26,-10,-3,-4,-1,handRelax
-1,1,2,11,1,2,-4,0,1,-2,-1,2,1,0,-2,0,handRelax
0,-3,-1,3,6,-2,-2,-2,0,0,1,4,1,-1,1,-1,handRelax
1,2,-5,22,9,2,3,-1,-1,-1,-3,-6,-4,-3,-2,-1,handRelax
-2,-1,1,-7,-3,-3,1,-3,1,0,-2,-12,0,0,1,-1,handRelax
-2,2,-7,4,0,0,0,-1,-2,-3,-4,-1,-2,-5,-1,-3,handRelax
4,0,-4,-4,5,1,-4,-3,1,0,1,-1,-4,-4,-1,-3,handRelax
-5,0,4,5,-2,-2,-3,2,1,-1,-1,19,13,2,4,3,handRelax
-2,-2,2,1,1,1,-1,0,-3,1,3,22,11,2,3,-1,handRelax
0,-4,-4,-5,-1,-1,-2,-1,-4,0,0,-10,-4,-1,-1,-1,handRelax
-1,-4,0,1,-2,-1,-1,0,0,-3,-3,3,4,-1,-3,-1,handRelax
-1,-3,-1,5,2,-1,-5,-4,0,-1,-1,-1,-2,-2,-3,-3,handRelax
2,0,-2,-3,2,0,1,2,-4,-2,-4,2,4,3,1,-2,handRelax
-2,-3,0,2,-5,-1,0,-3,1,1,-2,0,-8,-3,-4,-1,handRelax
0,-1,-3,-3,-2,-5,-2,3,-2,-2,-10,12,7,1,0,0,handRelax
-2,-1,0,-5,-1,-3,-1,0,0,-2,1,-5,-3,0,-3,-1,handRelax
-2,0,4,0,-1,-1,-1,0,1,-1,0,-1,-1,-1,-3,-2,handRelax
0,1,-2,-1,0,1,0,-1,-1,0,1,-1,-2,-2,0,-1,handRelax
1,2,0,7,8,0,-1,-3,-1,-1,3,0,0,-4,2,-2,handRelax
-6,-3,-3,-30,-21,-7,-1,-4,1,-1,-4,-2,-5,-4,-4,0,handRelax
2,2,2,-2,0,0,0,1,-1,-3,1,0,0,-2,0,-1,handRelax
0,-2,-5,-2,-2,-2,0,-1,-1,0,2,-1,-1,-1,-4,-2,handRelax
-2,-1,0,-13,3,-2,-2,-1,-2,-1,-2,0,1,0,-2,-3,handRelax
1,2,-1,-7,0,-4,-1,1,-2,2,0,5,-6,-1,-2,-4,handRelax
-1,-2,-3,11,0,-3,-5,-2,0,1,0,3,3,-1,-1,-2,handRelax
3,0,1,-1,-3,0,2,3,-3,0,-2,1,-3,-1,-5,-2,handRelax
-1,-2,-5,-6,-4,-3,0,-5,1,-1,0,-2,-1,0,0,-2,handRelax
0,-2,2,-2,-5,0,-2,-1,-1,0,-1,3,1,0,1,-2,handRelax
-1,-1,-3,-5,-1,-2,-3,0,-5,-6,3,-2,-3,-4,-3,-4,handRelax
-1,1,-7,-3,0,-2,-2,-1,-3,0,-5,8,6,-1,4,-1,handRelax
-5,2,1,7,7,-1,1,-1,1,0,1,-1,2,-3,-4,-2,handRelax
-1,2,0,-1,3,2,-1,-2,-2,-1,-1,-19,-8,-4,-2,-2,handRelax
3,-4,-4,3,-6,0,-4,0,0,-1,-3,-6,-1,2,1,-3,handRelax
-1,-3,3,1,0,-3,-1,1,-4,-3,-4,2,6,0,-2,-1,handRelax
5,-1,-2,0,0,-5,1,0,0,-3,1,-1,-4,0,-1,0,handRelax
0,-1,-1,-4,-1,-1,-2,1,-5,0,2,-5,-2,3,1,2,handRelax
1,0,0,-5,-1,-1,-1,-1,-1,-1,-2,8,1,-2,-2,-4,handRelax
1,1,1,-4,-1,-1,2,-3,-2,1,6,-4,0,-3,-1,0,handRelax
-3,0,-1,0,-1,0,-1,0,1,-1,-1,-6,-1,-4,-3,-4,handRelax
3,1,2,1,-2,-3,2,0,2,2,-3,-3,1,0,-2,0,handRelax
3,2,-4,6,1,1,0,1,-1,-3,3,-1,-3,-1,-2,-1,handRelax
-4,-1,-2,-4,-2,0,1,2,-1,2,0,-3,0,1,0,-2,handRelax
-1,0,5,2,2,-1,1,0,-3,0,-2,-1,-1,-2,0,-6,handRelax
91,-4,15,105,48,17,-3,23,-48,39,1,35,0,-2,-3,-14,handRock
-11,-23,-66,-128,-61,-29,-28,-36,-1,-16,-28,-88,-35,-17,-9,7,handRock
-53,-13,-5,97,24,3,-3,-28,46,18,3,43,27,12,9,25,handRock
16,54,63,127,58,24,18,8,-31,-24,-11,-128,-64,-30,-20,-22,handRock
-10,-32,-60,-71,-27,-2,-3,-5,-14,-4,-30,61,3,-7,-4,-8,handRock
-5,28,5,70,-13,-25,-10,-4,1,-2,-9,32,-4,-5,-2,-7,handRock
12,13,59,26,33,36,21,5,-55,-8,-8,-83,-30,-22,-13,-24,handRock
-48,-11,-12,-20,-5,-10,-8,-17,-11,4,-6,98,35,8,3,-22,handRock
-60,-13,8,-34,-15,-7,2,-31,127,15,-18,-107,-39,-15,-4,75,handRock
9,13,11,-11,9,6,10,16,5,-4,-29,-60,-31,-7,-2,-1,handRock
47,-9,-36,-51,-21,-18,-30,-42,-36,-9,37,-40,-13,-12,-6,-6,handRock
1,-14,-9,36,-13,-7,-5,1,-7,-9,-17,-1,-14,-7,-6,-11,handRock
-1,3,-1,-14,18,6,2,1,0,38,27,28,13,7,6,9,handRock
2,6,7,40,-3,-6,-1,-1,-14,-18,-28,-128,-51,-18,-12,-9,handRock
-5,2,-12,-25,-3,6,2,2,12,-3,-23,35,5,2,-3,-5,handRock
50,-4,10,15,-7,-9,3,34,4,-2,14,20,-5,-3,1,14,handRock
45,9,8,-78,-4,-3,0,-3,22,11,6,4,4,3,0,0,handRock
8,21,32,85,38,8,5,15,-28,4,-3,-14,9,3,0,-20,handRock
-29,-14,-13,-103,-12,4,-8,-28,-22,-28,-2,7,-11,-11,-5,-16,handRock
1,6,21,67,35,11,8,6,-16,-51,-13,-53,-10,-7,-10,2,handRock
8,-8,-34,-32,-18,-14,-14,-10,9,9,13,15,6,2,0,3,handRock
8,8,-4,-18,-1,5,1,2,-22,-15,-24,-28,7,0,-7,-12,handRock
1,12,79,97,-7,-5,-3,1,88,17,21,46,17,5,10,48,handRock
61,13,30,-5,-6,-1,-7,2,-52,-13,-13,-24,-14,-12,-12,-37,handRock
89,7,-11,-13,-5,0,-3,27,-47,-8,3,16,7,3,2,-6,handRock
-25,6,8,42,23,9,9,-3,4,-10,-15,-21,-18,-3,-1,10,handRock
-47,-24,-38,-75,-32,-9,-9,-20,-10,2,-3,-40,-10,-6,-5,-7,handRock
-8,-31,-2,-99,-14,2,8,6,-3,6,12,28,22,11,4,2,handRock
48,12,-14,-84,-12,-9,-6,5,-1,28,-6,-20,-10,-4,0,-5,handRock
-5,-5,21,42,25,10,2,4,-5,8,4,-35,8,7,5,-2,handRock
-14,-16,-31,-76,-41,-12,-6,-6,-14,-6,0,127,15,-1,-3,2,handRock
-31,4,-5,-14,7,2,8,9,55,-4,-4,-128,-13,-7,-2,20,handRock
17,9,48,52,5,-2,-11,-10,11,-13,-35,-78,-33,-11,-5,-10,handRock
3,3,2,18,2,1,1,-3,24,-8,-21,-58,-31,-1,2,-10,handRock
-56,0,14,126,19,2,4,-8,75,6,-4,-2,-3,-1,5,27,handRock
-14,-5,-14,-40,-4,-5,-10,-33,2,17,24,39,16,9,6,9,handRock
-8,2,25,22,4,2,2,-4,3,0,-2,12,6,1,4,35,handRock
-7,-2,-3,-22,4,-2,1,-3,-8,14,-25,-107,-32,-7,-4,0,handRock
-2,6,16,58,16,12,5,0,7,-1,18,47,16,0,-3,-2,handRock
33,6,-29,-33,2,-3,-3,2,-18,-10,-3,-8,7,-1,-5,-21,handRock
-16,-13,-20,-105,-43,-20,-14,-14,-4,4,4,21,0,2,6,17,handRock
-5,2,13,38,10,3,3,2,8,4,2,26,13,5,5,15,handRock
-17,-9,-33,-28,-4,-4,-1,-16,-2,-11,-19,-53,-26,-14,-7,-1,handRock
10,-5,-16,-11,0,-4,-8,-1,9,0,7,20,1,-3,2,0,handRock
0,3,11,29,5,7,5,11,13,11,27,53,19,5,7,2,handRock
-3,-5,-14,-36,-14,-6,-9,-33,41,9,6,30,3,2,4,21,handRock
12,6,9,-1,8,-5,-2,0,-14,1,5,14,-7,-1,1,-7,handRock
0,3,-8,-3,5,6,5,3,-22,-7,-14,-30,6,3,1,-2,handRock
-8,-10,-22,-93,-30,-13,-4,-3,-14,-9,-10,-9,-8,-5,-11,-13,handRock
-3,-2,5,0,-3,-1,-4,-6,8,-8,-12,-17,-9,-8,-7,9,handRock
5,13,11,41,22,13,9,-2,6,3,1,7,2,0,0,7,handRock
-32,5,10,31,18,8,5,-14,16,39,12,32,19,10,11,11,handRock
-1,-1,-8,-11,-10,-6,-5,5,-24,-17,-7,-21,-8,-3,-5,-16,handRock
83,15,4,1,-5,1,8,37,-13,-6,-8,21,-2,-5,-2,-8,handRock
3,9,25,-30,5,6,-1,-6,-20,-2,0,5,-5,-1,-1,-6,handRock
-12,-5,-19,-20,-25,-10,0,25,-128,-28,-11,-22,-55,-13,-8,-37,handPeace
-28,-17,-23,-4,22,-4,-9,-15,74,-128,-12,28,20,-6,-8,-11,handPeace
-37,3,6,-12,-4,2,4,2,22,23,7,13,21,-8,-1,8,handPeace
-84,-15,0,6,12,1,2,-28,-6,2,-1,6,6,3,3,1,handPeace
28,-1,-11,27,28,3,-10,9,-6,-1,-6,-20,-16,4,-8,-4,handPeace
10,3,21,18,16,-1,4,-1,88,-25,1,5,-47,-12,-9,26,handPeace
34,5,-19,-49,-19,11,9,-8,-33,-20,-32,-23,0,-4,-5,-14,handPeace
14,6,0,-10,4,9,19,16,-19,-1,32,17,3,-5,-5,-8,handPeace
-23,-2,-9,-37,-73,-14,-26,-21,22,16,-1,4,12,-5,-8,-5,handPeace
8,3,-3,28,22,0,-2,1,-128,-33,-19,13,-9,-10,-14,-30,handPeace
4,20,-2,-26,-5,8,9,9,127,9,13,9,-3,12,9,25,handPeace
-25,14,-18,-17,-2,0,2,-11,21,2,-4,1,20,-12,-6,13,handPeace
-74,15,43,41,12,-2,1,-14,-28,4,1,-8,-8,7,12,-3,handPeace
66,18,-1,-34,-36,0,3,19,-11,-11,-22,-44,-32,17,12,2,handPeace
-19,2,9,16,17,4,1,3,-19,-28,3,47,30,-12,-6,-6,handPeace
127,16,-14,-18,-9,3,3,55,4,4,34,16,-34,10,16,7,handPeace
-32,-6,2,8,-27,-10,-7,-5,-107,0,13,2,26,2,-7,-37,handPeace
-42,-7,-15,-15,-22,-2,1,-6,-27,-16,-7,6,12,1,-5,-11,handPeace
45,18,14,24,30,6,8,13,-7,6,1,-21,-37,-8,0,-1,handPeace
-20,11,7,21,39,7,2,-3,-16,-12,-4,35,72,9,-3,-12,handPeace
-59,-5,-9,-17,-10,-10,1,-5,15,3,1,-11,-40,2,2,6,handPeace
53,-7,6,22,88,26,12,21,27,5,10,-13,33,12,9,7,handPeace
-32,-14,-14,13,-43,-28,-13,-15,-20,-8,-6,15,10,-18,-5,-15,handPeace
-7,32,5,-19,-38,-7,8,-4,33,-6,0,-3,14,4,1,19,handPeace
-83,-1,14,18,34,16,5,-13,41,7,15,20,15,0,-1,9,handPeace
77,1,13,13,-19,-8,1,14,-13,2,-6,-39,-87,-24,-13,-15,handPeace
-42,-5,-10,-21,7,4,0,0,-45,5,12,27,23,1,9,-3,handPeace
-8,0,4,5,1,3,2,-4,58,8,1,-28,-21,9,9,16,handPeace
8,6,-1,-45,-70,1,12,17,-18,-2,8,32,41,1,-10,-13,handPeace
-90,-34,-15,29,112,-2,-2,-11,-24,12,23,20,4,-9,-3,-7,handPeace
1,4,-11,-53,-95,-13,-11,-6,4,-16,-8,4,-12,-8,1,-5,handPeace
-27,1,-1,29,48,7,-3,15,22,3,5,-7,2,3,7,10,handPeace
36,4,6,-14,-25,-6,-3,-6,-1,-14,-7,-27,-26,-7,-1,-13,handPeace
-50,2,7,-13,-15,5,5,2,-25,9,-4,-10,-11,1,5,-4,handPeace
25,-4,3,10,-15,-18,-12,-12,7,-7,-7,-23,-16,4,4,-4,handPeace
-43,-1,-14,-29,-35,-5,-2,-12,-15,-27,-10,24,-13,-25,-11,-3,handPeace
30,-6,-21,7,1,-6,-5,19,-16,3,-1,-20,-8,-8,-7,-8,handPeace
10,19,18,10,35,8,13,12,-16,-14,2,20,23,3,-3,-8,handPeace
-14,-27,-5,9,-25,-16,-9,-10,0,4,-6,-24,-39,-9,0,1,handPeace
25,14,1,7,27,3,4,8,-3,-7,-5,-14,-24,-5,-3,-2,handPeace
-1,-8,-15,-3,2,-5,-3,-4,-12,-7,3,20,45,15,6,13,handPeace
-36,-9,-4,-7,16,9,0,-15,67,2,5,22,15,3,0,26,handPeace
-31,-7,-9,-12,-37,-8,-2,-8,13,6,2,16,32,0,0,4,handPeace
35,-7,-3,-44,-63,-5,-5,0,-11,-4,-5,-10,-35,-8,-11,-12,handPeace
78,17,23,12,3,1,4,36,-27,-4,3,-2,4,-3,0,-13,handPeace
-35,-12,9,61,69,-15,-13,-8,-16,5,4,-14,-66,-10,-4,-3,handPeace
-66,-6,-18,-10,19,1,-1,-13,-45,11,13,28,41,10,7,0,handPeace
-6,-5,3,5,29,-2,2,3,4,4,6,-12,-4,7,7,4,handPeace
4,1,-1,-13,-9,0,3,0,-10,-35,5,22,7,-2,-6,-6,handPeace
7,1,-10,-15,-17,-4,-4,-3,9,3,-12,4,9,1,-1,3,handPeace
16,0,5,-4,-3,5,3,12,9,-2,6,-17,0,-5,2,14,handPeace
27,5,-2,14,56,9,-1,9,-72,-14,-18,1,-22,-3,-12,-35,handPeace
-32,-4,6,10,-19,-9,-4,-17,24,-1,5,30,22,9,2,21,handPeace
-20,-1,-3,1,1,3,3,-3,-5,4,17,23,11,4,-2,-6,handPeace
21,4,4,-11,1,3,6,5,2,-11,-49,-15,-7,2,2,0,handPeace
0,-4,-19,-20,-33,-7,1,0,-5,8,13,29,28,5,-1,-7,handPeace
-26,17,14,-17,-11,2,3,4,-13,-2,19,8,13,-4,-10,-14,handOk
5,11,-5,11,-9,-4,3,4,-9,-90,-1,106,45,12,4,0,handOk
1,-4,-10,-57,-22,-1,7,14,-28,-43,-6,16,0,4,3,1,handOk
-9,-7,-4,54,40,-4,-11,-12,20,19,-4,-27,-10,-8,0,3,handOk
-4,12,6,7,-2,5,0,1,3,19,10,-15,1,1,13,28,handOk
3,4,-6,-22,-14,-14,-6,-1,2,-14,6,44,4,1,-3,-4,handOk
-15,11,5,9,19,10,-16,-37,33,14,21,33,23,17,18,19,handOk
19,7,-4,-2,14,-1,8,25,-29,-18,-6,-10,10,-8,-21,-25,handOk
19,-122,-14,-4,-30,-12,-4,15,76,24,-8,-12,-33,-11,2,3,handOk
18,27,35,19,7,15,15,18,-13,-13,-1,5,-4,0,1,1,handOk
1,-4,-23,-25,-45,-21,-15,-10,-5,5,12,56,41,13,6,2,handOk
-5,-2,5,22,-10,-7,1,2,0,-8,-2,-10,-15,1,-1,1,handOk
1,-3,-8,-23,17,3,-3,-2,7,1,2,6,-8,-3,1,4,handOk
-18,-12,11,-50,-7,2,2,1,-1,-24,6,16,12,0,1,5,handOk
9,-9,-54,8,2,-4,-8,-4,-5,-1,1,22,17,2,-1,-3,handOk
-21,43,8,6,2,1,3,1,0,24,7,-8,-4,7,8,8,handOk
11,-62,0,0,-17,0,-3,-1,0,0,9,49,47,13,4,3,handOk
-4,-9,-13,-2,11,0,-3,-2,-3,-3,3,-6,0,0,-6,-4,handOk
0,2,-6,-25,-11,-2,0,0,3,-28,6,3,-28,-4,6,5,handOk
-15,13,16,13,4,3,5,5,-14,-10,-15,40,25,2,-6,-8,handOk
-5,-21,-6,5,-6,0,-1,-3,0,3,-2,6,-19,4,1,0,handOk
4,11,0,2,1,1,5,11,0,-5,-5,-37,-11,-4,1,1,handOk
0,5,16,19,-5,-5,-10,-10,2,13,5,4,3,1,1,0,handOk
-9,-5,0,-14,5,-2,0,-3,-3,-3,5,7,-5,-1,3,2,handOk
6,-16,1,40,8,12,6,6,4,8,-4,-5,-1,-3,-3,1,handOk
-17,2,-3,79,56,6,-8,-16,3,11,2,-27,-15,2,3,5,handOk
-21,-14,-4,-15,1,-1,-6,-7,2,7,4,-16,-19,-2,5,4,handOk
2,-109,-11,-6,3,-1,3,2,0,2,-2,15,13,3,1,1,handOk
0,0,2,0,-1,1,3,-1,-10,-2,-2,-36,-4,2,-2,-5,handOk
0,16,2,13,17,3,2,-2,5,-7,5,18,-3,4,1,1,handOk
6,-4,-3,39,12,2,0,0,6,6,-1,-6,4,2,2,3,handOk
9,5,4,-60,-43,-1,7,15,11,-6,-2,-7,-16,-9,-5,-4,handOk
3,-6,-4,10,24,6,-7,-8,1,2,5,13,3,-1,0,-1,handOk
22,-44,-10,-7,-5,-8,-6,-3,4,6,1,8,1,3,4,6,handOk
1,7,3,9,0,-2,0,1,5,2,5,13,6,0,0,-1,handOk
0,1,0,10,3,2,0,1,-5,-1,0,-12,16,3,0,-7,handOk
1,6,3,-16,-7,3,6,2,1,-4,-4,5,0,-3,-2,-4,handOk
1,0,2,-9,6,3,-1,2,1,2,3,0,0,2,-2,-2,handOk
14,4,-1,-15,-19,0,5,4,21,5,-9,-15,-10,-4,-3,0,handOk
-5,-6,-8,-17,9,2,0,-5,3,6,6,-9,-16,-3,2,3,handOk
-21,-8,3,14,3,-4,-8,-8,-10,6,8,14,10,8,1,-2,handOk
-1,10,0,-31,-18,-5,2,7,-3,-8,-4,14,8,2,-1,0,handOk
-10,-8,-7,-14,4,-5,-4,-4,-6,-9,-2,4,0,-2,-3,-2,handOk
11,4,-4,-4,-6,-8,3,6,7,9,1,-10,-20,-9,-1,5,handOk
2,3,1,10,3,5,4,-1,6,-17,2,17,10,13,2,1,handOk
2,-7,-4,-4,-12,-4,-1,0,22,13,5,15,16,1,-6,-2,handOk
7,-1,-3,-1,3,-1,-4,-3,9,17,-3,-27,-6,-5,-3,-1,handOk
2,1,-2,-6,-5,-5,-2,-1,-8,-6,-22,-24,-11,-12,-10,-10,handOk
-7,-43,2,24,5,-4,-1,-5,-3,2,13,63,58,19,5,0,handOk
-3,0,-3,-7,-16,2,3,6,4,4,-1,-25,-17,-4,-1,5,handOk
5,10,11,62,54,9,0,-3,-16,-3,-11,-6,-6,-6,-1,-4,handOk
-2,-5,2,2,-14,-7,-9,-2,29,7,7,18,8,3,2,6,handOk
0,0,-2,-22,-17,-4,2,0,-7,-5,-4,-6,2,3,5,-1,handOk
-1,2,-1,-1,5,-1,1,2,27,7,2,-1,-4,0,0,-5,handOk
-9,-19,2,7,-5,-4,-4,-6,-10,4,8,8,9,3,-1,0,handOk
-118,10,34,-27,-9,-39,-37,-42,-89,10,-21,9,-14,-22,-5,-27,handClose
-128,-128,95,16,-46,-57,-34,-108,-22,116,-27,84,28,-7,2,6,handClose
127,127,52,19,-6,-28,26,127,-128,127,127,-26,-19,59,11,-123,handClose
-119,-128,-77,43,-7,-9,14,-21,14,-128,-128,-128,-123,-115,-96,15,handClose
-68,-46,-128,-60,-19,12,3,-13,61,127,127,-12,0,18,11,22,handClose
-61,-21,14,4,-34,-53,-27,-27,127,-128,-44,-25,34,31,7,48,handClose
-128,66,-12,-14,-21,-53,-19,-48,-35,127,25,8,-8,-2,-10,0,handClose
-1,-128,82,-72,-128,-128,-72,-39,6,-128,-128,40,43,-11,-22,-19,handClose
-56,125,18,-1,20,24,18,9,-32,127,127,5,55,44,28,13,handClose
-2,79,-84,2,-55,-102,-41,-29,90,41,120,42,17,0,-1,14,handClose
-111,-90,-128,-71,-27,-12,-4,1,-3,-91,-21,38,33,-1,-3,7,handClose
-76,-128,-128,-15,79,127,-1,-45,-16,-112,-128,-66,-39,-2,-4,-15,handClose
-28,61,125,-6,24,-15,6,23,35,-128,-31,21,29,14,8,21,handClose
127,-128,-128,-83,-128,-128,-85,-35,-128,64,51,38,-69,-74,-35,-90,handClose
29,106,88,39,127,127,108,60,126,-68,-128,-53,-3,-3,-40,31,handClose
80,-28,-128,-108,-61,21,-10,11,-41,-63,-128,31,86,127,80,8,handClose
-106,-43,127,42,10,11,-13,-28,-107,40,-42,6,20,-28,21,-1,handClose
10,127,127,52,33,27,35,13,-128,-63,83,37,-17,-2,-24,-128,handClose
-128,-128,-128,-128,-128,-103,-94,-89,127,-128,127,92,46,65,32,127,handClose
-128,-106,19,-41,-22,-65,-48,-68,-128,48,-128,-31,127,127,127,36,handClose
-128,127,127,42,-30,-34,-26,-50,-99,127,118,-27,-15,-13,43,-6,handClose
-128,-128,-128,-116,19,18,-63,-95,-73,-4,83,-44,-40,-97,-77,-3,handClose
127,127,127,5,-35,-39,8,104,-99,68,-29,18,-43,-26,47,-1,handClose
-44,48,-19,-21,-35,18,75,24,-87,-128,-128,-15,-42,-32,-52,-41,handClose
-128,-128,-128,6,24,-18,-30,-117,-128,-125,-128,-63,-79,-119,-118,-90,handClose
127,59,127,-103,-54,-81,39,127,-128,-87,-128,-37,127,127,88,12,handClose
-128,6,27,53,-20,-76,-46,-60,122,-41,36,45,-14,-80,-41,24,handClose
127,127,35,-39,-66,5,-29,32,-8,19,-120,-38,-47,-23,-25,2,handClose
-69,-23,4,-36,-56,-23,-12,-17,-108,127,103,2,23,-73,-7,-25,handClose
-128,101,56,45,41,25,13,-63,-84,25,-128,-90,-128,-128,-117,-30,handClose
127,127,-32,-32,-20,-17,-30,40,-11,-42,-43,55,127,127,127,76,handClose
59,-94,-127,-78,-99,-89,-49,-19,-106,51,-101,-51,-114,-128,-22,-63,handClose
-106,127,127,31,8,-29,-13,-29,107,-127,-128,-12,67,-40,-19,30,handClose
123,-31,-128,-2,9,26,-10,10,38,-11,10,-5,74,127,95,67,handClose
-100,51,13,33,-53,-66,-47,-37,-71,118,123,26,-78,-128,-65,-86,handClose
118,-75,69,87,70,96,49,72,-128,127,127,104,-24,-50,-31,-70,handClose
-128,-38,127,19,-34,-64,-60,-82,-33,-71,127,-128,116,127,32,39,handClose
127,23,127,63,93,127,60,55,-128,39,27,30,-20,-24,-36,-27,handClose
61,115,127,-42,-34,-5,-21,-43,-39,70,-128,-75,-8,116,82,-88,handClose
-126,45,56,44,-9,7,-10,-30,127,75,104,-37,-113,-128,-31,123,handClose
-56,-128,127,25,-128,-128,-76,-77,-128,52,31,-20,-11,-11,-14,-20,handClose
73,127,127,-7,114,126,65,25,2,55,106,91,127,127,127,28,handClose
-128,73,-30,-53,-67,-128,-128,-90,127,127,127,60,-17,-73,9,59,handClose
127,113,-128,5,3,2,-35,10,64,-101,-128,-22,-8,-40,-19,24,handClose
-37,6,101,-6,127,127,44,23,-128,-106,78,50,1,-39,-23,-55,handClose
-69,127,-46,21,-63,-74,-44,-33,26,19,-128,19,127,127,69,55,handClose
45,-54,-128,-23,7,30,14,14,-102,7,89,-21,37,10,-30,-62,handClose
-105,-128,127,-80,10,50,-1,-40,31,-125,38,-6,36,71,69,47,handClose
-78,-128,-46,41,-61,-128,-70,-55,-23,-30,54,49,-11,-103,-67,-75,handClose
9,9,-128,-30,-10,-94,-41,5,-128,60,127,48,40,-96,-29,-28,handClose
48,-26,49,39,49,127,74,45,127,127,127,32,86,127,97,65,handClose
-128,-46,-128,-66,-30,-88,-57,-65,-128,-128,-128,-51,-109,-128,-124,-77,handClose
44,-34,118,41,-74,-80,11,44,55,-44,-128,117,127,127,127,63,handClose
54,127,127,84,94,-29,-16,38,-99,-128,72,-29,-9,13,3,-43,handClose
69,-22,-128,72,57,105,55,14,103,62,-86,-29,-31,-23,-19,26,handClose
119,127,-126,-62,-41,-84,-19,14,-88,47,58,26,20,24,10,-24,handClose
-128,-128,29,-106,-125,-71,-48,-48,13,7,-103,-128,-5,-32,-2,5,handOpen
-26,-3,33,104,38,14,16,15,-12,35,93,46,2,1,-15,-17,handOpen
4,-7,-9,-55,-56,-93,-44,-11,25,107,-25,113,-20,-8,-3,-2,handOpen
-8,-41,29,87,91,118,71,15,-11,54,12,14,48,-10,-12,-2,handOpen
-14,-28,-62,-78,-26,-16,-13,-6,22,40,7,71,7,-11,-8,0,handOpen
-10,-29,-21,89,41,34,9,6,11,-14,78,127,73,-58,-10,14,handOpen
22,78,27,109,79,5,-5,-3,2,-66,-72,-54,82,106,52,10,handOpen
-61,-122,-105,38,0,-16,-4,-2,-1,8,-22,-14,-34,-4,21,10,handOpen
-15,-3,127,-8,-46,-81,-54,-29,12,37,12,-18,46,30,45,20,handOpen
24,52,-61,45,-16,-18,-7,-1,-7,-22,14,103,34,-7,-2,-5,handOpen
0,-6,-55,-21,39,-39,-5,6,19,-1,-19,-59,-35,-23,-19,-8,handOpen
-13,15,120,-10,-25,-31,-16,-13,0,1,-128,-104,25,34,31,14,handOpen
-11,-10,-13,54,57,-27,-15,-8,22,31,127,105,17,-19,-1,6,handOpen
14,3,26,127,103,-7,23,12,23,-26,-128,15,3,-116,-97,-42,handOpen
-16,-61,-64,-47,8,-42,-29,-14,2,19,-16,-3,76,127,96,26,handOpen
14,70,-24,67,78,64,27,13,4,26,32,24,40,60,13,4,handOpen
4,-12,21,-128,-93,-55,-32,-18,-29,-19,-20,-12,55,2,-12,-13,handOpen
-7,-80,-70,27,33,-36,-28,-19,33,-30,-128,127,-12,-22,-1,4,handOpen
25,63,82,98,93,127,45,21,-104,-41,117,95,-34,-37,-21,-11,handOpen
13,-58,-42,54,-35,10,12,6,4,16,-4,19,-11,9,10,8,handOpen
9,18,-11,-30,9,-18,-11,3,16,6,36,-59,1,-91,-17,4,handOpen
6,-62,-128,-69,22,-13,-2,6,10,-57,29,9,98,109,43,17,handOpen
-3,43,38,120,11,8,1,-5,-14,13,27,31,-67,-21,-20,-14,handOpen
0,127,6,45,67,27,20,20,-34,-29,-120,24,-60,-128,-112,-38,handOpen
30,127,-26,-128,-128,-66,-33,-10,33,48,58,75,127,127,127,72,handOpen
-3,46,-2,30,-16,-7,-15,-10,-13,-28,-99,-105,-99,-115,-46,-16,handOpen
-14,-31,-5,-93,-39,-72,-25,-12,-3,43,28,50,-14,-51,-20,-4,handOpen
29,2,-21,-17,-20,52,23,13,-8,27,-30,-128,-95,-16,-13,-9,handOpen
52,-22,-107,127,-14,-15,-18,-13,-14,25,25,84,12,5,3,-3,handOpen
-21,-128,27,-128,-128,-61,-30,-11,-3,8,-31,-128,-128,-76,-28,-6,handOpen
13,21,32,68,77,43,26,10,53,87,97,10,41,68,34,5,handOpen
-4,-2,18,18,9,9,-2,-1,-12,-95,9,20,-11,-17,-10,-7,handOpen
2,5,-54,-7,-8,-10,-2,3,21,-2,12,-128,-27,-47,-26,-6,handOpen
7,44,-7,-66,-16,-26,-8,1,-6,-4,2,63,-44,65,7,-4,handOpen
-8,-113,-48,31,12,1,-14,-9,-7,1,14,-79,5,33,10,4,handOpen
-27,-98,9,98,7,0,-10,-10,7,21,-9,9,5,6,4,-2,handOpen
-9,23,-6,-128,3,-22,-16,-10,-28,-3,-105,-104,-64,-27,-13,-14,handOpen
-3,-30,12,8,-67,-5,-10,-5,20,12,53,40,30,23,18,14,handOpen
-5,-31,-20,-40,7,-7,-11,-5,45,56,16,81,70,23,15,18,handOpen
13,31,82,30,47,48,18,13,-4,22,94,36,-46,-67,-29,-5,handOpen
-18,-19,-128,-100,-44,-89,-39,-22,15,0,-8,127,127,127,88,30,handOpen
-5,-11,-53,-19,-47,-44,-16,-7,-5,-8,-55,22,-25,-35,-17,-12,handOpen
9,-35,-4,-63,-9,-10,0,-1,5,13,38,-6,-11,-41,-16,1,handOpen
0,-13,10,25,-32,-33,-11,-2,22,-21,80,-15,-5,0,3,8,handOpen
-8,23,-85,-14,20,10,-3,-2,-22,-29,-61,-85,-23,-15,-13,-8,handOpen
7,-6,0,-88,8,11,2,4,-27,-5,-20,-96,-31,-7,-9,-12,handOpen
1,-15,62,52,-128,-128,-113,-38,6,27,-3,20,-1,-3,4,3,handOpen
18,12,14,83,127,127,127,53,-18,-5,8,-39,-58,-39,-13,-4,handOpen
-6,-1,-111,-33,-44,-93,-30,-15,-10,7,75,-7,15,-29,-15,-4,handOpen
6,31,-91,73,55,28,6,8,23,31,-64,14,-13,31,5,6,handOpen
19,74,25,-25,-19,3,1,-9,-24,48,-20,-60,-19,-14,-27,-24,handOpen
-9,-13,-17,-33,-102,-23,-10,-1,8,24,-15,127,-4,13,16,11,handOpen
-4,-20,-6,-86,20,33,2,-1,-4,22,20,-128,-112,-54,-25,-13,handOpen
-11,17,-23,6,-23,-47,-35,-15,21,-11,-65,-17,-9,-4,4,4,handOpen
19,20,35,121,111,127,94,37,18,18,17,-23,-23,-24,-10,-4,handOpen
-5,-1,-28,-128,-53,-64,-34,-18,7,-14,-108,-68,-15,-16,-9,1,handOpen
-3,1,4,3,11,3,0,-1,-6,-3,-26,-30,-11,-17,-7,-3,handRelax
3,-1,4,4,9,14,5,3,0,-3,-8,6,-1,0,-4,-5,handRelax
-1,-1,0,2,-13,-11,1,-1,-3,-1,-5,-4,-6,-2,-5,-3,handRelax
0,-3,-3,1,1,-3,-1,0,-1,0,4,2,8,4,0,0,handRelax
0,3,-1,1,-1,1,2,0,0,-2,-10,2,-1,4,8,-3,handRelax
-4,-5,-1,-15,8,18,-2,1,0,-1,-2,3,-5,1,0,1,handRelax
0,1,2,-2,-7,-5,-4,-2,0,2,5,1,1,0,-4,1,handRelax
5,3,13,20,2,-7,2,1,0,-1,-7,-7,-10,-17,-3,0,handRelax
1,-4,8,-17,-7,-12,-4,-5,-2,-4,21,8,13,23,5,1,handRelax
-3,-8,-68,-12,-5,-4,-3,-3,2,-1,14,32,5,3,-2,1,handRelax
-1,-1,-16,-8,-3,-1,-1,1,1,0,-14,-25,-8,-9,-3,-1,handRelax
-2,-4,2,-2,-2,0,1,-1,-4,2,-1,1,11,16,5,-2,handRelax
-3,-4,12,-4,-6,-3,-2,0,-2,2,-11,1,-4,1,-1,0,handRelax
0,-4,10,-2,-5,-14,-5,-3,-1,-5,6,2,8,6,-2,-1,handRelax
-3,-3,2,1,6,13,-1,-2,-3,-5,-4,0,4,-5,-1,-1,handRelax
1,-2,-21,3,-4,-1,6,3,2,2,4,-12,0,22,7,0,handRelax
-1,-1,24,-14,-6,-6,-3,-1,-2,-6,-31,7,-6,-11,-6,0,handRelax
-2,2,17,6,6,12,3,1,-1,2,9,3,0,-3,-2,-2,handRelax
1,-1,-4,-7,-3,-4,-1,3,0,-1,7,-6,0,0,0,-1,handRelax
2,0,-8,-1,2,-3,-2,-3,-5,-4,8,10,1,-6,-6,-3,handRelax
-2,0,24,-5,-3,-2,-1,-3,1,-2,0,3,-3,-4,4,6,handRelax
-1,2,9,7,4,15,3,3,4,0,-15,6,13,8,1,-1,handRelax
-3,2,-10,-9,-5,-9,-4,0,-1,-1,55,1,0,-8,-5,-6,handRelax
-4,-2,36,19,-8,-7,-1,-3,-4,-5,-27,-7,3,32,11,4,handRelax
-1,-1,-9,-3,-6,-6,1,-1,1,2,-15,-1,-1,-5,1,0,handRelax
-2,-6,4,-3,-7,-7,-5,-5,1,-5,5,12,-1,4,1,0,handRelax
-2,2,-7,2,-7,-7,-4,-1,-2,0,4,-5,-5,-8,-2,-1,handRelax
1,-2,-5,1,9,1,1,1,2,0,-4,-1,4,0,1,-2,handRelax
0,-4,6,4,4,9,2,-2,-2,9,7,-3,3,0,-5,-1,handRelax
1,1,2,4,-14,-6,1,-1,1,1,-20,0,2,6,5,2,handRelax
1,3,11,-6,9,12,5,1,1,4,60,15,2,-1,-5,-3,handRelax
-5,-2,-18,-3,-6,-9,-9,-5,-3,-2,1,0,-1,1,3,0,handRelax
-3,0,11,-6,0,-1,-2,-1,-1,1,-6,-7,-1,-5,1,1,handRelax
1,-2,-20,-8,0,-5,-5,0,-3,-8,-49,-11,4,6,-3,-2,handRelax
-3,0,17,-3,-5,-11,-4,-3,0,2,1,5,-12,2,2,-1,handRelax
-1,2,0,9,0,2,-2,-1,2,3,-2,2,7,-4,-3,0,handRelax
0,2,17,1,-1,-7,-3,-1,-2,-3,25,1,-5,-8,-4,-6,handRelax
1,0,-1,-22,-1,-1,-2,-3,-4,-2,1,5,3,-3,0,-3,handRelax
1,-5,-33,5,1,-2,1,1,2,-1,-1,1,-4,2,3,0,handRelax
-4,0,-1,-22,-7,-8,-3,-4,-3,-1,33,3,6,0,-2,-2,handRelax
-2,-3,2,0,-5,-2,2,1,0,-4,-42,-8,-3,-7,-1,0,handRelax
2,-1,9,0,-8,-10,-2,-3,0,-3,-7,-4,-8,-5,-1,-3,handRelax
-3,0,-1,-2,2,5,-4,-4,-2,-3,-3,5,-1,-7,-3,-1,handRelax
-4,4,4,-1,0,-4,2,-2,1,1,-3,-10,-1,5,4,-2,handRelax
2,0,-6,-1,1,-5,1,2,1,2,4,5,-2,-7,-4,0,handRelax
-2,-5,-60,-32,-6,-4,-3,-3,-2,12,7,-1,4,2,-3,-2,handRelax
-5,2,9,6,-1,3,1,0,-2,0,-1,-2,-15,-13,-3,1,handRelax
-2,-1,4,-2,-3,-6,1,-1,0,-2,0,-8,18,20,2,0,handRelax
-2,-1,-4,0,-3,-9,-4,-1,0,-1,-10,11,-2,-6,-3,-1,handRelax
0,4,16,-5,1,1,-4,0,2,0,-15,-24,-2,-6,-3,0,handRelax
4,-4,9,11,8,17,11,5,1,1,10,0,-4,-8,-5,0,handRelax
-3,-3,33,-5,-13,-12,-2,-1,1,2,2,-2,5,22,6,2,handRelax
0,-4,-7,13,-3,-4,-4,-1,-2,-3,5,0,-2,-5,1,2,handRelax
0,-1,-8,0,0,-1,-1,0,-3,-8,-59,-5,-5,-5,-1,-3,handRelax
32,18,-56,-128,-12,1,7,24,0,-74,73,127,50,6,11,11,handRock
10,26,96,-67,-8,22,3,8,52,-8,-128,-110,0,-10,-16,-6,handRock
69,107,79,114,44,25,13,6,1,24,110,96,-20,-17,-4,-16,handRock
-83,-128,-105,18,13,-5,-6,-12,-28,-13,-128,-128,-32,-39,-20,-18,handRock
7,-71,-52,-128,-64,-58,-31,-6,1,4,82,95,26,72,25,2,handRock
-1,24,53,127,36,64,42,18,20,21,127,27,-50,-57,-32,-3,handRock
56,10,23,75,-24,-101,-35,14,-12,6,-10,63,40,22,4,-3,handRock
-10,-2,-106,-48,37,78,39,6,-3,11,21,112,127,127,73,24,handRock
-45,-4,-16,31,43,48,28,-3,-27,-32,-23,-79,-42,-42,-22,-21,handRock
-1,-2,32,10,-18,-38,-15,22,-4,15,13,36,50,7,-13,-53,handRock
-21,0,24,71,62,49,10,-4,-6,-11,-72,-128,-101,-36,-15,4,handRock
-7,-13,-23,-16,-1,8,-5,-6,-14,-2,23,53,-81,-118,-40,-15,handRock
89,27,20,67,9,-12,3,41,-25,-7,26,-22,53,127,40,1,handRock
0,11,-16,-105,-18,-18,-15,-11,-23,62,41,91,22,8,9,2,handRock
-15,-33,16,-128,-82,-36,-22,-20,-10,-32,-39,2,-7,-2,-4,-6,handRock
79,12,27,67,13,4,0,7,-1,72,-41,-128,-59,-25,-19,-17,handRock
-17,43,112,127,27,5,10,0,-6,44,-1,67,42,21,15,2,handRock
-4,0,-32,65,21,21,2,1,25,5,-11,7,58,37,17,12,handRock
-1,0,-32,8,58,127,59,13,-12,-15,33,-81,-68,-33,-15,-12,handRock
27,12,-27,127,37,-32,7,8,-12,-16,-29,-94,-49,-36,-13,-2,handRock
-30,1,127,-72,-32,-28,-17,-21,4,12,12,-3,-9,-78,-29,-6,handRock
-10,0,23,101,18,-3,2,16,70,20,50,127,60,14,2,-6,handRock
-4,-128,-12,-30,-26,-15,6,25,-14,-16,-33,-8,-81,-86,-38,-18,handRock
26,21,12,-25,-1,-23,-18,-12,-9,8,-11,0,64,91,46,11,handRock
-26,-24,-56,-8,-24,-13,-15,-20,-37,4,9,39,-1,-3,3,1,handRock
5,13,27,127,66,24,9,-3,7,-104,16,-5,-37,-17,1,-3,handRock
-7,4,-12,-79,-39,-20,-14,-7,28,20,14,24,5,-1,-2,16,handRock
0,-3,41,26,-25,-53,-30,-16,13,17,0,0,-10,-20,-15,6,handRock
14,10,22,127,72,40,24,12,-1,37,20,-3,50,52,38,11,handRock
2,-7,-28,-110,-56,-28,1,4,-16,-5,-32,42,54,38,2,-7,handRock
-2,17,-7,6,16,5,1,-23,-44,29,100,-66,-16,-5,0,-6,handRock
14,11,-42,127,49,27,21,11,-3,-10,36,10,1,-35,-16,-10,handRock
-28,-54,-22,-128,-108,-59,-38,-27,50,17,26,115,46,43,24,36,handRock
-14,7,11,127,3,-34,-15,-3,2,7,13,-60,36,50,35,10,handRock
35,8,14,31,25,55,23,13,-9,-4,-10,26,0,-16,-12,-11,handRock
2,15,35,68,26,4,-1,4,-18,1,39,68,31,10,-3,-5,handRock
-13,-7,-7,-17,-9,3,0,-8,53,-67,-107,-128,-88,-45,-22,5,handRock
-3,36,67,127,51,0,2,-7,16,-63,4,-18,11,11,0,5,handRock
10,19,-57,48,19,-7,-1,-8,-34,-25,-121,-112,-53,-20,-11,-19,handRock
2,3,57,127,45,0,-3,6,-16,13,75,74,21,-25,-2,-2,handRock
-29,-22,-24,-27,-55,-63,-33,-24,8,-12,-26,-128,-38,32,0,-5,handRock
-3,0,5,40,39,94,28,-4,11,1,6,-40,-9,-2,2,6,handRock
38,10,56,-19,-27,-62,-29,6,-7,10,-29,28,-10,-25,-11,-7,handRock
-6,6,18,81,13,81,21,2,-7,-1,15,2,10,-3,-4,-1,handRock
3,-15,-47,-128,-9,1,-1,-1,-8,-15,-41,-128,-18,-7,-2,5,handRock
-14,-3,-12,3,-24,-19,-5,-7,-14,23,30,98,5,2,2,-10,handRock
-1,-1,12,39,0,-1,5,5,-47,-22,-56,-128,-22,-12,-10,13,handRock
14,53,-8,-90,-9,4,3,-5,34,5,13,27,10,2,2,5,handRock
17,-30,25,103,0,-3,-11,-19,1,-6,-11,-107,-15,5,3,7,handRock
-20,-17,-15,6,5,7,7,1,5,4,6,-24,6,3,-2,7,handRock
-3,-3,-24,-128,-38,-38,-15,-5,-8,-2,4,20,-12,-45,-19,-16,handRock
-2,-3,10,11,-39,-37,-11,-4,9,3,-8,-6,15,54,21,9,handRock
-3,4,10,30,73,89,33,5,-1,9,17,22,20,25,12,5,handRock
5,-3,3,-27,0,-12,-9,-1,-20,-3,-31,-15,-8,-12,-3,-6,handRock
6,2,12,64,7,-4,-2,-2,-24,2,19,66,0,-30,-12,-23,handRock
-4,-2,-14,0,104,65,11,8,38,9,-2,-28,-18,-13,-8,-5,handPeace
-128,13,127,-72,37,127,63,-17,-39,-128,-23,-32,13,-17,-8,-7,handPeace
111,-114,-29,96,127,17,-25,-10,50,70,36,-11,-44,-85,-32,-1,handPeace
6,-46,-119,-105,-128,-128,-26,15,13,-12,-106,101,71,-7,-6,-8,handPeace
-12,-44,64,-3,21,57,9,-14,-34,44,38,58,100,-8,-14,-4,handPeace
81,-30,-5,-9,53,18,13,22,17,22,11,-16,-58,-102,-8,26,handPeace
-115,-48,-24,-2,-128,-47,-30,-49,-81,-26,0,9,-24,100,28,-8,handPeace
-1,10,40,81,127,33,3,0,75,86,-6,-35,20,-12,-9,-6,handPeace
59,-36,-64,-45,-14,1,-5,4,45,-54,58,-54,28,32,28,32,handPeace
7,-20,91,33,68,-22,-4,12,-88,-5,-15,-22,-111,-67,-41,-51,handPeace
-103,37,-28,-71,-98,-30,-14,-13,42,9,-13,48,59,47,11,14,handPeace
127,-9,-55,-26,-85,-37,-23,9,-44,-22,-50,-11,-83,-52,-4,-20,handPeace
40,35,81,127,127,88,66,69,-45,21,-55,-46,44,10,-3,-17,handPeace
-28,-3,31,65,28,-85,-32,-9,-2,81,9,48,-35,-6,-4,-20,handPeace
-16,-11,-8,35,93,127,35,-6,-3,-6,30,32,49,-12,-9,-5,handPeace
-15,-7,-16,-117,-27,24,14,-2,40,73,-1,-66,15,64,27,7,handPeace
39,12,35,-48,-65,-44,-8,5,24,-8,18,63,73,15,-8,4,handPeace
-56,-12,-16,-22,44,20,25,42,20,16,-23,23,126,0,14,10,handPeace
-63,-47,-80,18,-24,-43,-31,-39,-102,-28,4,70,-22,-54,-30,-34,handPeace
9,13,-5,-41,-39,-25,-1,10,127,59,29,-44,-117,5,11,22,handPeace
-80,-11,2,-8,-27,10,-6,-20,82,3,-25,-41,37,95,51,30,handPeace
-8,12,-32,-5,23,0,-3,1,3,82,4,12,65,-34,-17,-7,handPeace
63,35,34,4,-39,-6,2,6,26,20,0,-15,-7,-20,-14,-1,handPeace
22,-9,-2,35,114,52,10,-6,-11,-57,15,2,-87,-44,-17,-11,handPeace
-3,2,24,60,-35,1,4,3,-58,1,-2,-10,6,-1,1,-11,handPeace
-3,1,-62,-69,-2,-13,-3,0,98,-1,-16,2,67,13,-1,14,handPeace
-36,-4,12,-45,-50,-36,-11,-11,-2,-4,-3,-5,-62,-44,-14,0,handPeace
44,16,-1,-35,-21,11,-7,4,-18,2,52,76,87,77,10,-4,handPeace
24,-3,-41,-31,-14,-19,-2,13,-23,-16,-19,52,62,3,-7,0,handPeace
-15,-7,-1,4,-1,35,13,1,-46,83,32,1,-1,18,9,-16,handPeace
-17,-6,-33,-11,16,7,3,4,50,-28,-11,-20,-12,-21,-13,7,handPeace
-24,-80,27,66,12,-24,-21,-19,13,5,1,18,55,4,3,2,handPeace
38,19,65,-46,-71,-14,-5,-6,-4,-5,0,-2,70,25,18,-3,handPeace
-3,-11,14,1,55,31,11,-6,31,11,21,0,-68,-7,6,19,handPeace
8,14,33,3,44,6,12,8,-15,1,-7,35,25,-14,-14,-15,handPeace
-55,-12,-24,9,-26,-40,-17,-18,5,15,11,-38,-45,-62,-18,-2,handPeace
-56,-72,3,-29,-36,3,-3,-12,91,6,12,24,-14,-24,-9,21,handPeace
31,43,11,9,-28,-19,-6,0,-42,-2,-14,-54,-43,-8,1,-8,handPeace
-10,38,-5,-24,-6,7,5,-4,27,-9,2,55,52,29,-13,-16,handPeace
-23,-8,-2,17,-29,-31,-20,-12,-25,-3,4,-4,56,27,3,1,handPeace
-62,7,-6,-24,-17,28,11,-7,78,-18,-32,31,49,34,1,-7,handPeace
-20,-8,-23,-57,5,-10,-4,-4,14,5,-1,-13,-50,-24,-5,16,handPeace
-6,17,1,-60,-85,11,11,7,-39,4,29,-37,54,23,4,-9,handPeace
-22,-17,9,126,127,37,-5,-16,27,-6,-2,60,-54,-57,-30,-2,handPeace
-12,4,12,-47,-107,-43,-14,-12,12,3,-1,18,-12,-27,-11,9,handPeace
-17,-3,4,-5,-12,-24,-14,-13,-23,-1,-55,-18,46,25,13,3,handPeace
1,3,6,-11,-9,-6,-2,-8,21,-8,-9,-4,22,76,13,5,handPeace
-1,-11,-24,5,1,2,3,0,-5,0,4,10,16,-11,-5,-3,handPeace
6,0,-9,-8,-19,-27,-17,5,14,9,11,-4,-15,34,22,-1,handPeace
-30,-6,-22,-27,-43,-1,3,-5,-3,12,6,17,-20,-9,0,0,handPeace
45,-18,-19,4,45,-16,-12,-8,-14,13,-16,-34,-30,-9,-2,0,handPeace
-11,11,4,-26,-19,3,1,3,47,-13,47,19,17,0,-6,8,handPeace
-35,6,21,-2,28,12,5,-3,10,-3,-4,-71,-44,-7,4,4,handPeace
4,5,13,14,8,-6,-2,1,-19,-5,14,110,88,-14,-20,-19,handPeace
-11,-5,5,24,48,11,2,-6,13,17,12,-19,-54,-82,-17,6,handOk
-22,-37,-50,-18,66,119,43,-11,0,4,7,31,21,-11,-8,-5,handOk
7,5,-8,-70,-90,-45,-11,2,4,1,6,-1,14,18,15,7,handOk
-34,-23,-12,39,43,15,-18,-27,-20,12,-3,-36,-29,8,9,7,handOk
11,11,8,-24,-33,-22,-4,7,14,23,11,11,26,8,12,13,handOk
-18,-72,-11,-38,-42,-12,-13,-5,10,53,19,122,46,7,2,-1,handOk
-1,-5,0,78,66,6,1,8,6,-13,-28,-128,-79,3,14,17,handOk
0,-6,3,-3,13,-14,-3,-4,-44,-3,50,40,0,-6,-8,-19,handOk
5,16,15,7,6,23,15,11,1,3,18,71,77,8,-10,-17,handOk
30,-1,21,49,2,0,2,3,5,-5,5,45,100,30,14,1,handOk
-44,16,-4,-22,-2,1,3,-3,2,13,-1,-25,-44,-18,-4,5,handOk
-12,14,0,-57,-55,-22,-1,10,-17,-12,-7,25,6,4,-8,-23,handOk
10,1,12,30,38,24,-1,-3,0,2,-6,-42,-4,-24,-3,-4,handOk
8,7,7,11,28,56,18,13,9,-5,2,30,13,-9,-3,3,handOk
-1,1,6,0,-35,-12,0,-1,26,2,-4,-45,-51,-12,-4,-6,handOk
0,3,-3,16,2,-17,-6,1,-19,6,21,-5,-9,3,5,0,handOk
-18,-23,-11,-20,13,-15,-19,-21,-5,-22,-65,13,-33,-36,-24,-19,handOk
-8,-1,58,66,21,8,2,-6,-6,-1,13,-38,-30,-13,-4,0,handOk
13,10,-26,-28,8,16,17,13,6,3,-3,-15,0,-16,0,1,handOk
-13,-13,-5,-8,-15,-15,-17,-14,-8,14,2,-6,-11,24,7,-1,handOk
6,3,7,19,-18,-21,-4,6,6,-17,-1,5,2,-3,-2,-1,handOk
3,0,-5,-7,-7,0,2,2,9,13,8,12,3,-12,-7,2,handOk
-13,-9,-19,10,-29,-17,-14,-14,6,-8,8,-31,-22,-9,0,5,handOk
0,3,-3,-11,-12,-1,6,4,-14,-19,-19,-38,-16,14,-2,-7,handOk
-14,-17,-1,44,39,-4,-12,-19,12,9,-6,11,-13,4,9,2,handOk
-6,-2,14,69,109,12,-2,-6,5,5,22,30,35,-10,-7,2,handOk
14,-3,0,-2,-1,-2,0,0,2,5,11,-9,-2,8,1,0,handOk
6,5,-1,5,-21,-1,3,6,-3,-5,0,-22,-29,4,1,-2,handOk
-19,-14,-17,-51,-10,0,-4,-8,4,5,-4,27,38,9,3,0,handOk
10,10,-14,-32,-43,-10,-6,-4,-3,-8,-16,13,-7,-27,-14,-3,handOk
3,3,19,8,-18,-26,-16,-10,-3,0,6,2,-22,-21,-11,-4,handOk
0,-4,-3,3,29,-15,-1,-5,-4,-5,-8,-18,-5,-12,-4,1,handOk
11,13,22,22,-4,89,49,25,0,4,-5,-54,-18,-4,-5,-2,handOk
3,1,7,26,11,1,-1,-1,-6,0,40,68,54,8,-4,-3,handOk
0,-4,-18,-14,46,5,1,-5,4,1,-17,-43,-30,-12,0,5,handOk
-4,-3,16,3,-21,8,6,2,0,-2,8,24,11,2,1,2,handOk
3,5,-46,0,1,7,2,-3,-16,6,-11,65,60,12,11,5,handOk
-1,-7,3,42,29,-4,-7,-8,2,8,11,15,1,-1,9,11,handOk
9,1,13,36,35,17,5,1,14,-8,-18,-40,30,12,-7,-17,handOk
-4,-10,-16,-58,-60,-21,-12,-6,-3,2,7,49,22,1,-4,-1,handOk
-3,5,5,7,7,4,-3,-5,1,6,5,1,-1,3,11,10,handOk
-1,-17,-15,-38,-13,-18,-16,-17,-5,6,-3,-21,-26,-17,-5,-4,handOk
1,-5,-11,-6,-18,-4,2,4,9,-24,-22,-27,-18,-8,1,6,handOk
2,4,6,20,45,-6,-1,3,22,18,71,68,25,9,11,8,handOk
-6,-8,-17,-86,-3,10,-7,-8,1,-5,-105,-67,-28,-8,-7,1,handOk
-27,-14,2,-19,17,-11,-5,-5,-15,-15,-14,-44,-8,-7,-14,-12,handOk
-25,-16,8,50,-11,-1,5,4,-2,-5,-12,-4,-37,-14,-2,1,handOk
21,0,5,10,17,-4,-11,-8,-15,-3,3,5,5,-21,-5,2,handOk
5,11,20,-22,20,22,8,8,-6,-5,10,37,48,32,15,0,handOk
5,2,-5,1,0,19,12,5,-6,-9,1,92,82,9,-4,-7,handOk
-7,-4,6,25,23,16,1,-7,-4,-10,-20,-128,-78,-8,-3,-4,handOk
-1,-4,-5,-28,-55,-26,-11,-5,9,8,4,11,53,9,9,6,handOk
5,8,4,-16,-51,-17,2,4,-5,-3,1,-2,5,-13,-9,-4,handOk
-3,-1,-22,-60,-32,-2,1,-1,35,-3,18,36,18,5,6,5,handOk
