127,51,79,97,-56,117,82,107,-128,43,127,103,14,-128,-17,-81,handClose
67,17,46,54,97,-6,-57,-116,-128,127,127,67,-128,-128,-128,-69,handClose
-128,-105,40,-34,59,127,102,-25,62,-22,-128,-63,-70,108,91,25,handClose
-128,127,127,48,15,17,2,-10,-128,-104,89,-24,47,96,22,-123,handClose
127,-118,-128,-68,-84,-125,-63,2,127,69,124,12,-30,-113,-65,127,handClose
-96,127,122,-23,127,40,21,27,12,-49,-66,-32,-113,-104,-46,-25,handClose
-128,-107,-128,-39,-128,-128,-128,-128,-128,9,81,0,33,75,-1,-69,handClose
127,28,119,21,127,127,127,127,127,77,127,53,30,-128,-14,61,handClose
-128,-95,18,-40,-75,-128,-81,-39,-128,-5,-128,-82,-23,-128,-56,-17,handClose
-128,16,102,30,-38,35,-5,-31,127,-128,-128,-49,105,127,107,14,handClose
127,35,127,35,11,50,30,27,-128,32,127,8,-11,-90,-40,33,handClose
-37,-42,-11,0,-9,-15,-15,13,57,59,-83,-128,-128,-128,-124,-128,handClose
-93,25,1,0,-10,47,16,-7,-110,-20,-128,-19,67,56,-2,5,handClose
88,-99,122,-32,-86,-128,-59,-13,-21,18,16,0,46,59,5,-29,handClose
127,-5,77,-83,-50,-10,-19,8,-119,-57,-95,36,127,127,87,20,handClose
-33,94,84,-4,106,127,75,50,-128,-27,79,38,-60,-128,-99,-68,handClose
-128,-14,-10,17,10,-58,-70,-66,127,37,127,-55,-15,81,68,81,handClose
-89,-78,4,17,4,-89,-57,-45,-60,15,68,-8,-17,-38,-27,-44,handClose
-126,-1,91,-22,-34,12,-1,-15,127,-20,127,36,-10,-57,-17,52,handClose
-21,10,-56,-13,-18,-27,-45,-52,-64,40,74,31,60,12,11,8,handClose
-68,5,-25,28,-83,-128,-97,-15,83,50,18,-72,-99,-46,-44,-9,handClose
127,75,127,-8,43,-83,38,46,-60,-128,-128,-14,68,127,41,-65,handClose
127,-68,-128,9,-13,-128,47,127,-90,-113,-12,93,-35,-98,-51,-43,handClose
-45,33,33,17,-2,-11,-11,-62,124,5,127,21,-19,-3,-16,1,handClose
-128,27,127,20,19,13,-29,-108,-128,-42,127,-45,14,-74,-25,-87,handClose
127,-128,-128,103,-12,-73,-32,125,-18,93,127,127,45,-25,-4,22,handClose
99,41,-77,11,57,111,22,7,-82,44,127,-64,-25,23,-5,-10,handClose
-128,-128,-128,-49,-71,-55,-82,-128,-128,-60,-44,-92,-60,-17,-47,-77,handClose
127,86,127,38,127,70,29,116,127,34,107,49,26,31,79,68,handClose
127,127,127,-58,18,79,8,62,-128,-9,78,-28,-128,-128,-108,-56,handClose
127,-66,-128,-46,-4,91,12,90,3,3,124,20,110,127,91,17,handClose
-128,-60,-51,55,25,-61,-33,-65,-108,-19,51,-10,-81,-113,-73,-66,handClose
127,127,127,39,-22,-4,18,127,-128,75,103,46,91,127,127,-33,handClose
62,-11,-45,-36,44,127,67,-59,5,50,98,54,110,117,47,8,handClose
-58,-128,-128,-35,-128,-128,-128,-107,-51,-23,127,-67,-77,-128,-55,-13,handClose
-47,79,57,33,127,127,81,61,-44,4,-14,-14,-18,-68,-47,-28,handClose
93,-113,-85,-91,-119,-120,-62,-24,-4,127,114,63,50,79,91,22,handClose
-128,-27,92,-20,-74,-128,-128,-83,127,92,46,113,127,127,127,127,handClose
-128,-14,60,66,12,-17,9,-44,-128,-97,127,36,-40,-70,-102,-128,handClose
127,50,102,-68,-26,-13,38,65,69,114,127,53,7,-58,-68,-8,handClose
-128,-103,79,5,-78,-128,-72,-113,91,-128,-128,-82,-86,12,6,-7,handClose
127,-16,-128,-72,0,127,106,121,-100,-6,113,13,24,106,52,9,handClose
62,19,127,-61,-44,-128,-46,30,127,0,96,65,-77,-128,-58,127,handClose
72,107,40,-23,57,79,48,14,-95,127,-128,-68,71,73,13,-50,handClose
-62,-128,-128,-62,-127,-128,-128,-40,-128,-21,127,89,6,127,114,-48,handClose
127,127,127,113,49,76,72,44,10,23,-28,39,33,-21,-9,62,handClose
127,94,127,33,96,59,111,127,127,-76,-39,15,19,1,7,81,handClose
46,3,59,-12,17,48,-6,-23,-7,104,127,61,-4,5,23,17,handClose
-128,-34,127,21,3,-15,-21,-57,-128,-127,-14,-2,-86,-128,-128,-128,handClose
127,57,-53,5,-128,-128,-102,22,-107,-24,85,46,127,127,53,24,handClose
127,-92,-128,-128,-78,22,46,86,-83,-47,127,-10,-8,106,52,-1,handClose
92,21,127,127,69,81,-13,6,-84,-35,40,2,6,-102,-17,-34,handClose
-29,28,9,19,7,-78,9,10,-128,54,127,76,69,9,-28,-74,handClose
-36,-82,-128,-43,-31,-31,-39,-32,-128,24,102,31,47,3,-17,-29,handClose
127,-66,-19,-83,84,127,109,126,127,127,127,53,81,127,127,107,handClose
-15,-24,-27,-49,-20,-51,-32,-12,7,5,3,-38,-63,-22,-7,1,handOpen
6,-3,-22,-26,9,21,17,12,4,-12,-7,72,99,37,44,9,handOpen
7,1,-38,-25,-6,-6,1,3,-12,13,-46,-84,-59,11,10,7,handOpen
-28,47,127,93,110,16,-12,8,22,127,111,98,127,76,19,15,handOpen
-80,-128,-98,-128,-128,-106,-46,-39,-93,-128,-3,36,-59,-71,-42,-30,handOpen
-45,-5,-78,-115,19,127,97,21,-25,-63,-75,-128,-80,-117,-47,-34,handOpen
59,68,77,26,-128,-43,-13,-3,20,100,62,49,127,119,42,34,handOpen
-38,-20,58,127,127,-70,-77,-27,106,42,127,127,-10,69,41,24,handOpen
-6,-21,-21,-128,-128,127,96,27,8,-53,-128,-128,41,-102,-91,-39,handOpen
-10,9,-23,-91,-80,-11,-6,1,3,-11,-59,-22,20,-28,13,11,handOpen
-20,-128,49,34,-7,-23,-36,-29,4,-58,-24,84,8,-46,-25,-3,handOpen
17,26,15,-128,-128,-95,-35,-12,-1,-14,32,-104,34,-117,-58,-13,handOpen
3,19,-10,-59,17,26,2,2,-2,-14,-67,14,127,115,76,21,handOpen
-22,6,-38,32,103,49,15,6,-37,-25,30,60,-37,-12,4,-12,handOpen
-22,-90,12,117,-15,-72,-18,0,-24,41,-68,30,22,40,26,13,handOpen
-6,-23,35,-61,-77,27,-21,-19,-4,28,-104,-75,-115,-8,6,4,handOpen
0,-56,-72,-11,81,126,67,18,26,-18,15,-85,-37,-18,0,17,handOpen
10,8,13,127,41,11,22,17,-1,1,30,61,23,-46,-15,3,handOpen
-16,-33,11,4,32,-11,-12,-6,-15,-7,-10,-12,10,93,35,5,handOpen
-17,-14,5,77,43,59,36,19,19,4,-24,-8,-7,-35,-22,-6,handOpen
-57,10,-74,-128,-128,-117,-62,-45,0,-3,-6,-123,-98,-57,-34,-15,handOpen
64,-13,23,106,127,54,18,18,33,98,-5,-81,109,41,30,24,handOpen
-7,41,-13,37,-70,-30,9,16,-27,7,-41,-87,-79,-11,0,5,handOpen
-24,84,93,127,127,29,3,-23,40,-27,-56,25,-70,-22,-2,2,handOpen
-36,-22,-69,-77,-29,-36,-20,-10,28,-99,120,81,74,12,-3,4,handOpen
2,-19,-87,-102,-76,-43,-16,-2,-1,28,36,-22,3,-69,-45,-9,handOpen
-42,-47,-89,-28,-18,-54,-53,-32,26,19,40,86,-14,6,68,29,handOpen
24,33,86,97,127,127,78,33,-1,2,-19,-7,104,94,14,2,handOpen
-22,-26,3,25,127,74,13,2,20,42,49,51,45,9,-2,7,handOpen
52,78,1,-27,-36,1,3,-2,16,17,-58,-128,-82,-62,-33,-3,handOpen
-13,37,7,4,-114,-40,-6,14,-16,-118,-98,-24,-105,-63,-26,-10,handOpen
11,30,41,127,127,-71,-57,-7,-4,3,9,-8,44,15,-3,-6,handOpen
7,8,-19,-128,127,91,66,23,18,24,19,-52,51,110,47,20,handOpen
85,-128,-128,-100,-77,-33,-41,-39,-37,14,4,-26,-80,-110,-56,-27,handOpen
-47,-7,108,22,28,44,29,21,-32,74,118,78,29,-7,-6,8,handOpen
0,30,74,80,-64,-32,5,10,9,13,-48,95,120,34,12,11,handOpen
-17,-40,-128,-119,-30,-9,-27,-20,-7,-10,100,127,-14,-45,-23,-10,handOpen
15,10,7,52,99,0,-5,9,15,127,82,127,118,4,-11,-15,handOpen
-36,-12,34,76,-5,1,-10,-7,3,74,-128,-128,-128,-128,-86,-17,handOpen
-24,-44,-65,-128,-66,-25,-15,-5,-7,-14,25,52,127,127,33,9,handOpen
-3,-3,127,127,67,32,10,1,8,-1,-1,51,61,23,44,15,handOpen
-6,-5,-11,-103,-55,-29,-16,-11,-11,-16,-42,6,19,22,-3,-11,handOpen
-9,-20,-60,-79,-75,-32,-15,-11,-18,22,-103,-72,-23,-19,-3,10,handOpen
-4,68,-28,-114,-3,-9,-10,-6,-56,15,42,-32,-16,39,8,-12,handOpen
44,-72,127,90,-37,20,7,11,17,-64,-128,11,95,-11,-13,-4,handOpen
-36,-12,-34,22,-128,-40,-35,-4,6,-51,-94,127,127,23,11,14,handOpen
-6,14,73,-5,-45,103,60,7,-40,-45,-101,-89,127,33,1,-28,handOpen
-72,21,-31,10,102,-22,-48,-55,12,94,34,9,-4,-11,13,20,handOpen
44,-17,-51,73,-36,-43,-16,9,13,33,54,115,-71,-7,3,6,handOpen
-11,6,62,51,78,1,-5,0,22,30,127,127,7,-105,-29,3,handOpen
22,22,11,41,77,30,-11,1,-3,-25,-128,-79,-24,65,23,4,handOpen
13,9,-26,-121,-56,31,44,21,9,114,48,-36,-9,42,18,17,handOpen
-29,0,-11,8,33,10,-7,-24,30,-30,-72,88,-1,-7,4,7,handOpen
22,30,-126,-128,-128,-72,-57,-33,3,127,108,87,-99,-57,-17,16,handOpen
1,8,9,-11,-6,-6,0,0,-3,0,3,3,13,3,0,0,handRelax
3,0,-2,0,-4,0,1,0,0,-2,-9,-13,-16,-1,-1,2,handRelax
0,5,3,16,20,5,1,-4,-3,-6,-11,-30,-6,-5,-3,-4,handRelax
-4,-4,-4,-19,-33,-16,-8,-4,0,1,11,16,-15,-4,-2,-1,handRelax
-7,-3,0,0,-3,-2,-6,-5,-2,3,-10,11,26,4,0,1,handRelax
1,0,10,2,-4,1,8,2,1,2,18,4,-15,7,5,0,handRelax
0,-2,-48,-9,18,-3,-3,-2,-4,1,-9,-3,-9,-1,-1,-4,handRelax
-1,-5,-2,-4,-1,-6,-3,-1,-1,-4,-12,4,14,-24,-8,-4,handRelax
-1,3,0,5,12,-3,-2,-1,1,-2,9,-1,-14,31,6,2,handRelax
1,2,1,-2,0,2,1,3,-1,-2,-2,7,13,1,3,1,handRelax
-2,2,1,-2,-7,-11,-9,-2,0,-7,-8,-14,-17,4,7,2,handRelax
-3,-2,-1,-13,6,-5,-4,-2,-1,5,2,26,34,5,-3,-1,handRelax
2,2,2,3,-13,4,2,3,-3,-6,-16,-64,-10,-5,-5,-2,handRelax
-3,-1,4,13,8,4,-2,-3,0,-1,-3,-3,9,9,-3,0,handRelax
1,1,0,9,6,-7,-1,-2,1,2,12,-10,-12,12,5,1,handRelax
1,-3,-22,-25,-9,1,-5,1,-2,-3,-24,-2,0,-8,-7,-4,handRelax
-2,2,12,4,1,-4,-1,-2,2,5,36,16,5,-3,-1,0,handRelax
1,-3,11,3,-9,0,-2,-1,-5,1,11,-5,-22,-20,-12,-9,handRelax
2,1,10,19,18,-2,-1,1,2,-7,-24,-42,-12,20,20,6,handRelax
-3,-4,-2,6,11,-6,-6,-4,1,1,8,10,3,-1,1,1,handRelax
-3,-2,-8,-15,-10,-10,-4,-3,0,2,3,15,-5,-9,-3,-6,handRelax
-1,-15,-9,16,13,5,2,2,4,1,0,-1,-12,-5,2,2,handRelax
-2,-1,-3,-15,-11,-3,-2,0,-1,-5,-4,16,43,10,2,0,handRelax
2,2,-1,26,-1,-7,2,0,-3,-6,-2,-10,-6,-3,0,0,handRelax
-4,-1,3,-15,-17,-5,-6,-2,3,-3,-7,-28,9,3,0,0,handRelax
1,0,5,8,7,1,1,-3,-1,-3,-13,15,7,10,2,-1,handRelax
1,1,1,-9,-1,-5,-1,-1,-2,-4,-4,-10,-3,1,-1,-1,handRelax
2,0,-16,3,2,-3,0,1,-2,-4,2,2,5,-2,-5,1,handRelax
-1,4,4,2,11,-11,-6,-2,2,-2,-1,-5,-9,-7,-1,-1,handRelax
3,3,3,-10,-11,8,4,6,-2,-1,2,25,4,0,0,-1,handRelax
-5,-3,2,15,-6,-4,-3,0,-1,-1,2,2,-9,-24,-11,-2,handRelax
3,-2,3,3,2,7,1,-1,-1,0,2,7,17,27,16,3,handRelax
0,2,1,3,-4,-19,-7,0,-1,-3,1,4,15,19,16,4,handRelax
-3,-2,-4,4,6,-6,-5,-3,-1,1,-4,1,-5,-4,0,0,handRelax
1,-3,-3,-1,-16,3,1,1,0,2,3,-22,-13,2,1,1,handRelax
-4,-3,-7,-6,-6,-5,-4,-1,0,-2,0,6,9,-1,-4,-3,handRelax
-1,0,-2,-6,7,1,4,-1,-3,-7,-10,-12,-3,-1,-3,-2,handRelax
3,2,4,17,-3,2,0,2,0,-2,9,7,-4,-3,-5,-6,handRelax
-9,0,-7,-18,-6,-14,-13,-9,-2,2,0,-4,-4,2,-1,0,handRelax
0,-1,1,-5,-3,-1,0,1,4,1,-4,-5,-5,-6,-3,0,handRelax
0,-1,1,3,1,2,1,-3,-3,-2,-4,-2,0,7,3,-1,handRelax
-3,-2,4,-4,-8,-2,-3,-2,-2,1,-3,-7,14,3,1,-1,handRelax
-1,1,3,22,2,2,-5,-3,1,0,4,4,-13,-2,2,0,handRelax
3,-3,-2,14,9,10,0,0,-2,-2,-4,-1,-10,-3,-2,-3,handRelax
-3,-4,-17,-23,-4,-1,1,-2,-2,-7,-1,-16,1,-8,-1,-1,handRelax
-7,0,9,0,-8,-15,-14,-9,2,2,-8,7,14,13,9,0,handRelax
1,0,3,1,11,18,16,4,-1,-2,-7,-5,-7,1,-1,-3,handRelax
-4,-4,-6,3,-3,-6,-5,-1,-1,0,6,-5,-1,-4,-7,-3,handRelax
-3,2,3,4,5,-14,-10,-3,1,1,-1,-5,-8,-6,-3,-2,handRelax
5,-1,-11,-3,0,25,28,4,-5,-7,-7,-42,-17,-8,-1,-4,handRelax
-2,2,13,28,3,-15,-3,2,-1,-7,-16,-8,-5,-11,-9,-2,handRelax
5,3,10,2,2,4,1,0,-3,0,-4,6,-2,3,3,-3,handRelax
0,-1,-7,22,4,-31,-20,-5,-2,4,14,12,1,-2,-2,1,handRelax
-1,1,14,11,0,28,16,3,-2,-3,-3,0,-4,-15,-8,-4,handRelax
-1,-1,5,-10,-12,17,6,-1,0,-7,-7,-14,-15,-13,-8,-4,handRelax
-4,1,-2,-9,2,1,2,0,-2,-1,-2,-3,-7,-12,-10,0,handRelax
-128,-21,20,14,7,-7,-3,-28,-56,-128,-5,121,88,32,-22,-114,handRock
93,-9,-23,-84,-51,-33,-20,-8,-69,-20,-39,-128,-77,-32,-17,-26,handRock
-1,13,16,22,6,14,0,-13,15,25,44,115,98,50,22,3,handRock
65,12,44,16,-1,-7,-12,-1,-78,-1,-6,8,28,27,20,23,handRock
-26,-15,-32,-128,-72,-18,-16,-30,65,6,-23,-128,-29,-9,-2,-2,handRock
-22,-44,24,77,10,-2,14,51,-36,-1,-10,-53,-3,25,-6,-37,handRock
-71,-128,-52,-128,-128,-84,-41,-22,32,-16,-29,-117,-54,-1,17,72,handRock
127,3,-7,-97,-16,-21,-16,-21,39,9,8,40,12,-11,-17,2,handRock
73,40,-15,-86,-51,9,21,70,-128,-7,8,-128,-24,8,7,-44,handRock
-101,-23,42,127,125,37,26,37,1,7,13,27,26,21,11,2,handRock
-12,3,-12,-128,-116,-55,-47,-72,-19,2,8,56,29,-2,-2,-6,handRock
127,28,-20,-103,-61,-22,-35,-11,-83,-20,-3,35,9,-33,-7,-6,handRock
-21,-18,-15,106,17,2,7,18,6,14,25,-12,3,52,33,24,handRock
-111,-31,-35,-128,-118,-83,-48,-22,3,11,18,50,59,75,48,-18,handRock
17,8,9,106,39,40,28,15,-27,-8,0,36,11,-7,-4,-5,handRock
21,17,29,-55,-24,-13,-13,-5,-45,-53,5,50,-27,-89,-51,-22,handRock
60,7,-18,101,108,37,19,45,49,-5,-41,-37,7,117,73,49,handRock
18,7,-20,-11,-21,-28,-46,-58,-128,-29,-55,-128,-71,-22,-15,-53,handRock
37,35,33,63,13,-20,13,35,127,33,4,26,8,-4,-9,15,handRock
-90,4,-10,-35,-49,-26,-5,-16,42,11,-8,-128,-52,-11,-18,-22,handRock
72,28,46,127,77,25,18,35,-13,71,-1,127,101,34,29,44,handRock
-10,-6,-65,-128,-104,-47,-22,-32,36,-1,-5,-102,-14,-12,-19,-19,handRock
-10,-13,27,127,71,37,14,2,-128,-55,-48,-47,-64,-18,-4,-63,handRock
-13,2,-2,-55,26,127,77,43,127,70,14,-89,-48,-30,0,127,handRock
-103,-17,-29,-24,-27,-52,-30,-86,-6,1,0,-34,-56,-101,-64,-21,handRock
-45,25,17,47,38,-1,-15,-26,7,-12,-22,-115,-98,-32,-16,15,handRock
20,7,24,56,80,-10,7,24,-128,-9,14,76,23,-2,-6,-38,handRock
-79,5,-2,59,29,16,9,-48,127,18,-2,-34,2,15,3,21,handRock
127,-28,-1,-49,-75,-33,-12,46,25,50,-19,-61,-20,4,-12,-9,handRock
-111,30,33,98,75,30,25,89,-18,-36,10,127,67,28,29,61,handRock
79,-19,-14,-47,-33,-22,-46,-128,-52,-3,-17,-128,-96,-25,-9,-11,handRock
-31,-9,20,127,62,31,-1,-22,-57,-21,-18,-62,-37,-34,-17,1,handRock
4,112,-29,-128,-122,-57,-12,18,-59,-11,-5,-57,-3,10,-2,-45,handRock
-6,-9,6,127,-7,-13,-15,-8,-57,6,12,127,108,38,21,4,handRock
-10,-22,-28,-128,-128,-51,-31,-11,58,5,4,-128,-67,-46,-31,-11,handRock
-39,30,41,92,48,30,26,34,-64,-7,-9,39,21,20,-5,-6,handRock
-80,-24,-33,-13,-37,-52,-27,-52,76,11,11,33,40,43,46,15,handRock
40,-10,-28,-128,-41,-14,9,126,-42,38,27,-26,19,2,4,13,handRock
127,11,29,127,76,9,-24,-114,-93,-28,-40,-128,-112,-32,-19,-12,handRock
-15,18,-21,-94,-47,-13,-7,-8,-8,-128,-12,43,19,-1,6,12,handRock
-19,-5,-4,-5,-2,-11,-21,-48,43,5,38,103,59,23,23,32,handRock
18,51,21,-25,-16,-1,23,22,51,5,5,48,-14,-4,-6,-6,handRock
-32,8,15,4,46,12,2,2,16,12,20,-68,-19,2,5,-2,handRock
-128,-28,-17,18,36,82,54,-41,-12,-14,-21,-58,-7,0,-6,-3,handRock
127,4,18,118,43,15,10,39,-5,5,8,-128,-70,-68,-41,-9,handRock
53,46,40,37,16,2,21,63,-14,16,47,88,87,34,26,27,handRock
-100,-18,-25,-50,-44,-36,-18,-26,-128,-48,-63,-120,-80,-47,-50,-111,handRock
-16,-9,54,127,124,49,31,21,127,34,25,69,57,10,2,34,handRock
-103,-4,-25,-98,-75,-43,-15,-19,-55,2,-6,-5,-13,-2,-5,-22,handRock
53,0,1,0,-5,6,-3,6,-5,-8,-16,-128,-62,-24,-12,-7,handRock
31,22,27,91,68,34,14,19,-7,-2,-3,64,22,6,4,0,handRock
6,3,3,5,23,12,6,2,4,-7,-9,-61,-69,-6,6,4,handRock
6,6,10,11,30,-5,-5,1,-8,-12,-22,-57,-32,-21,-13,-9,handRock
-128,-31,-20,-52,-42,-4,-8,-37,-40,7,-8,11,30,13,9,12,handRock
127,13,23,7,14,52,32,38,-38,-3,12,18,-23,-14,-12,-10,handRock
17,12,16,39,22,4,4,10,-128,-24,-2,-79,-20,-26,-23,-58,handRock
31,-24,3,-8,11,18,12,8,-6,5,-2,-7,-15,-10,-2,-2,handPeace
-2,42,-1,22,-7,-24,-14,-13,-16,-17,8,52,76,19,-10,-12,handPeace
47,-3,-2,-60,-88,-5,7,22,-46,-12,-6,16,-30,-15,-9,-8,handPeace
-69,29,-8,3,28,19,-9,-18,45,8,-16,-11,3,1,4,11,handPeace
71,-84,9,66,84,65,31,18,-13,-7,2,-22,-51,-6,7,5,handPeace
-38,-12,8,-6,-40,-93,-36,-10,-15,-14,-17,-28,-18,-10,-3,-8,handPeace
9,7,-5,-19,-15,4,3,-1,20,74,13,9,29,19,1,-12,handPeace
-1,80,-1,0,9,-10,-13,-2,-9,8,5,23,11,30,5,0,handPeace
-9,-45,-15,-27,-56,-20,-3,-25,-7,-3,-5,-8,-6,-11,-3,6,handPeace
-6,-36,-1,25,64,9,1,9,54,-43,3,16,0,0,11,15,handPeace
-14,-106,-37,-36,-54,-11,3,12,21,7,15,-12,7,12,1,-5,handPeace
-11,4,-5,-21,-38,-26,-10,-6,-33,-6,1,17,30,9,-1,-4,handPeace
-4,-4,-11,-36,-76,-44,-22,-11,8,-2,3,46,92,21,-11,-20,handPeace
29,-3,-15,-21,-4,45,27,17,-76,-3,10,-5,7,-9,4,1,handPeace
3,90,31,53,59,34,2,-2,127,32,4,24,30,-4,-10,14,handPeace
-26,102,27,30,44,18,18,29,-2,8,3,-15,-26,-25,-7,7,handPeace
64,-4,9,-9,-22,-27,1,12,-34,54,-7,-11,14,28,2,-36,handPeace
32,26,9,27,52,31,16,16,1,-128,-37,13,43,-1,-3,-16,handPeace
20,32,16,-29,-123,-31,-8,9,6,102,18,-3,16,4,0,7,handPeace
-51,-128,15,-7,12,-22,-3,8,27,4,-9,-30,-35,22,5,-3,handPeace
0,22,12,-11,-39,-4,4,-5,62,127,11,36,37,-25,-8,25,handPeace
4,17,-7,-35,-51,4,1,-1,-6,12,5,1,-82,-57,-17,0,handPeace
6,25,25,26,24,61,25,5,25,-25,-8,-13,-4,-14,-6,2,handPeace
33,63,-28,-12,0,4,6,37,8,-81,-9,-16,-29,50,26,15,handPeace
-25,-73,-5,-17,10,7,2,-7,-37,-53,22,33,29,5,3,-24,handPeace
-41,-12,1,-23,-79,-45,-13,-4,7,5,0,4,-23,-12,2,13,handPeace
52,7,6,-2,3,3,0,2,-5,-38,-10,15,77,30,3,-19,handPeace
3,-67,4,-4,-41,16,27,56,-30,36,30,-10,-78,28,27,21,handPeace
-8,91,48,11,22,-27,-7,0,69,19,3,24,44,-34,-23,-9,handPeace
-22,-1,-9,-27,-68,0,10,8,-19,2,1,-60,-93,-1,7,2,handPeace
-18,-7,-6,-22,31,6,-12,-18,-24,-11,-3,47,48,-18,-20,-25,handPeace
13,2,3,26,36,9,6,11,43,5,-9,21,13,-1,-4,9,handPeace
-21,3,3,8,12,10,-2,-10,-1,0,13,-41,-128,-63,-19,8,handPeace
16,-33,10,16,8,-3,-4,2,5,8,4,-8,-23,-7,-1,3,handPeace
-15,-4,-11,-28,-45,-19,-7,-10,-3,-3,1,-11,-50,-6,-3,4,handPeace
-4,8,-5,11,-14,7,7,0,-15,126,45,90,82,-3,-12,-11,handPeace
5,4,-9,-47,-19,12,9,7,-14,6,-26,-27,-6,-7,-2,-7,handPeace
6,17,9,1,-29,9,0,1,-19,-14,-1,1,11,-13,-3,-1,handPeace
17,-57,4,29,52,-4,-8,2,-11,1,8,-1,11,11,3,-12,handPeace
2,3,17,42,127,38,5,4,22,-13,-15,-8,9,-45,-20,0,handPeace
-18,0,3,13,40,23,11,-1,-7,27,3,-5,-32,5,7,-4,handPeace
-80,-7,-11,-12,-17,2,1,-21,-23,-6,-7,-20,-16,-2,1,-2,handPeace
78,12,8,-5,-25,-3,10,17,0,8,10,29,-10,-1,-5,-1,handPeace
-9,-107,-4,-4,9,21,9,2,-4,8,6,9,-5,-14,-11,-9,handPeace
21,1,-23,-31,-45,-26,-5,0,-1,9,-5,-8,1,0,1,-1,handPeace
4,-32,7,12,27,14,1,4,-48,-7,-4,47,67,-24,-27,-19,handPeace
35,127,4,-16,-74,-10,2,-7,-7,5,5,-8,-7,11,6,3,handPeace
-8,-9,-3,16,62,14,-2,-6,-5,2,-1,-10,-55,-20,-1,-6,handPeace
-3,-2,0,-16,16,1,0,-2,8,7,-11,-35,-56,-11,4,17,handPeace
-6,-10,-25,-40,-77,-1,6,6,24,-1,2,8,11,-10,4,12,handPeace
-21,-9,7,35,6,-37,-25,-17,9,12,3,-2,9,14,8,8,handPeace
17,0,1,-1,-4,0,-7,-4,-8,0,4,-6,-18,0,4,4,handPeace
-19,20,7,1,1,13,3,4,-22,3,-4,2,3,2,2,-1,handPeace
-18,-124,-17,-8,-4,-9,-4,-6,-2,10,27,62,77,-7,-3,0,handPeace
14,8,17,20,-112,-36,-7,12,12,27,-37,43,86,7,-7,-14,handOk
-6,-3,42,13,44,-30,-19,-1,-19,29,-26,-77,15,-18,-27,-28,handOk
18,7,7,2,3,14,14,6,5,90,3,-46,-39,-12,12,3,handOk
1,-23,5,25,-66,-7,9,17,15,-70,62,127,127,74,34,1,handOk
-14,60,-10,12,26,9,-11,-16,13,127,-11,1,-15,-22,-21,-8,handOk
4,89,37,-13,-53,1,-13,-7,43,112,34,64,8,-18,-7,-4,handOk
9,-42,-51,-18,-36,-7,15,26,23,15,5,-48,-59,-1,9,37,handOk
9,42,17,-12,-14,-27,-8,-4,-2,59,6,38,9,3,-5,-10,handOk
-3,35,30,70,88,37,5,-13,65,68,7,-44,-14,3,4,9,handOk
-33,-128,-25,127,127,37,-7,-31,-13,-1,0,-5,2,-8,-3,-1,handOk
51,71,-1,-16,4,9,17,28,2,-21,23,118,81,23,26,30,handOk
1,1,14,93,15,6,-5,-13,22,23,23,127,127,47,19,13,handOk
-12,-11,-23,-60,11,-9,-13,-8,-7,127,3,-43,48,-25,-31,-20,handOk
6,4,21,19,127,25,7,9,16,11,4,-25,-58,-15,13,19,handOk
5,7,23,61,-38,-13,0,8,-52,-128,-36,-46,-87,4,-14,-32,handOk
-5,-10,-6,29,58,15,5,1,0,89,35,31,54,17,32,43,handOk
49,36,50,125,104,58,28,16,23,-2,10,2,-7,-19,-12,-2,handOk
1,-21,-24,-128,-87,-37,-17,-1,-26,31,38,25,74,23,5,7,handOk
-3,-12,-2,14,-12,13,8,8,-6,-50,54,127,84,22,5,5,handOk
-6,1,17,46,127,33,2,-9,-10,-16,-75,-128,-109,-39,-14,-6,handOk
-11,-19,-41,-76,-26,-6,-9,-9,7,-18,-11,60,44,-15,-12,-6,handOk
12,12,21,-7,-63,-21,-3,9,2,95,44,59,46,-22,-15,-5,handOk
-3,-8,-11,14,65,-8,-10,11,5,-7,-22,-56,-34,35,27,20,handOk
-5,-17,-28,-67,-41,3,-9,-22,4,23,-10,10,-1,-6,-7,-5,handOk
32,74,21,90,15,-1,10,16,-15,-128,-20,-1,-13,-8,-5,-5,handOk
11,-56,-24,-128,-128,-42,-33,-27,-19,-37,-61,-68,-28,-7,5,2,handOk
26,18,25,0,15,19,16,15,-7,-25,-34,-27,-34,-23,-18,-10,handOk
4,23,10,30,3,-4,-2,1,1,10,10,27,91,27,10,2,handOk
-2,6,8,1,5,5,1,0,5,112,-3,-75,-77,1,-1,-1,handOk
4,8,5,-13,-10,5,1,5,26,-24,24,127,100,44,14,-4,handOk
-8,48,-4,-18,-12,-11,-6,-22,1,-16,11,-9,20,19,9,4,handOk
1,2,16,22,44,4,3,4,-42,-46,-23,-15,-29,-23,-16,-8,handOk
1,-3,1,7,11,3,0,0,20,-58,-5,16,-21,-6,3,2,handOk
4,7,10,-15,-10,5,7,5,-11,12,-9,-128,-74,-22,-17,-14,handOk
4,9,20,127,127,37,12,0,1,-6,5,13,-1,-5,1,1,handOk
6,18,16,-90,-103,-15,3,4,-1,-40,-2,16,9,-1,1,4,handOk
-17,-17,-34,-25,-34,8,-9,-16,3,3,1,35,14,-7,-3,0,handOk
-13,-6,6,23,11,-5,-4,-3,3,-9,-5,0,10,4,1,2,handOk
-7,-20,-12,30,10,1,4,3,-2,1,12,-19,-33,-9,1,-1,handOk
-15,-14,-17,-19,-8,-18,-20,-15,14,5,-4,-21,-19,3,3,2,handOk
2,10,15,19,-30,-14,4,13,7,9,9,-17,-8,9,10,7,handOk
5,-4,-9,-31,-23,-9,-1,-1,-62,10,-74,-107,-128,-68,-44,-31,handOk
12,127,19,-2,14,20,1,1,7,-4,-8,-34,-61,-10,-3,-4,handOk
-6,-128,-7,18,28,17,12,20,9,2,20,24,48,20,12,9,handOk
10,8,25,71,65,15,9,9,-14,-58,-40,10,15,5,2,16,handOk
-4,-9,-17,-103,-128,-56,-19,-11,-5,-5,1,-21,-14,-14,-5,5,handOk
-17,33,-27,-39,-27,-22,-27,-24,2,3,13,17,-3,2,-1,-3,handOk
-1,-6,-4,3,-2,-9,-4,1,-2,-1,-4,-4,-6,1,2,0,handOk
-2,-2,-1,8,0,4,0,-2,4,-5,2,10,-7,3,2,0,handOk
8,8,19,31,-29,-10,3,8,-4,-4,14,45,32,12,-1,-5,handOk
-8,-7,-28,-61,-17,-18,-16,-14,0,0,-1,-21,-18,0,-2,1,handOk
-4,1,3,-2,5,-8,-9,-1,5,5,3,3,1,1,0,0,handOk
4,6,12,-4,-2,30,30,10,5,9,2,13,-8,-4,-2,-1,handOk
-1,-4,-1,14,2,-5,-7,-3,3,-3,-2,5,-18,-30,-2,11,handOk
-4,-3,-7,-25,-19,-23,-11,-3,3,5,-13,30,-17,-27,-15,-7,handOk
-2,2,-3,-6,-20,-16,-8,-1,8,9,21,-39,31,48,25,11,handOk
23,-47,-128,21,-27,-70,-3,16,-17,-32,-79,8,13,26,38,-3,handClose
127,127,-52,-30,35,77,59,56,-128,20,101,20,-38,-122,-70,-58,handClose
-23,4,100,7,-58,-75,-49,-41,118,27,127,7,68,127,124,92,handClose
40,108,127,91,73,-100,-34,15,-88,-70,82,-46,-98,-80,-59,-106,handClose
127,-12,-128,-29,49,59,5,59,-108,-8,94,48,30,37,-14,-27,handClose
-44,39,127,58,66,127,78,7,-113,-31,-12,-12,-37,-56,-34,-43,handClose
-128,26,104,-11,-99,-63,-87,-128,-121,22,69,11,-13,-31,-20,-17,handClose
127,127,127,71,88,64,127,127,127,-54,-128,-3,24,49,17,13,handClose
-47,-128,-128,-128,-128,-128,-128,-100,-124,5,101,-37,-5,-12,-47,-42,handClose
-39,-28,-32,-42,-24,9,-10,-19,-124,17,73,3,-59,-86,-42,-35,handClose
18,97,-127,-18,-44,-100,-10,1,-128,22,82,57,25,-6,-9,-40,handClose
66,54,44,54,11,6,-11,13,-128,-23,-76,-11,-9,-19,-24,-40,handClose
-49,-73,13,-1,12,24,-11,-15,127,18,-63,14,68,127,92,127,handClose
127,57,70,-81,-59,-61,-16,94,42,-61,-50,-25,-16,9,0,-16,handClose
-81,-22,73,-10,51,127,75,6,20,5,22,4,-27,-48,-11,24,handClose
-128,26,3,9,-2,-22,-13,-43,-4,9,1,22,62,67,22,-14,handClose
76,18,127,2,-20,-26,-20,8,-128,-8,46,16,-34,-78,-27,-75,handClose
-128,-41,14,8,-3,-20,-12,-25,-61,-31,6,-24,-10,13,-10,-15,handClose
124,31,-19,-3,-15,-20,-2,26,9,36,127,33,24,-59,-36,-7,handClose
-40,9,2,-4,-23,-26,-23,-27,70,-31,-128,-36,6,18,23,-5,handClose
116,115,127,24,33,3,34,51,-1,23,51,35,-13,-18,-10,3,handClose
127,-66,-128,-8,0,-44,-2,12,-77,-128,-128,-31,-51,-10,-19,-51,handClose
-26,13,47,25,4,-17,6,-5,-23,-5,19,-28,-21,-21,-12,-11,handClose
-39,11,27,-30,-17,-12,-3,-6,-113,0,32,2,-16,-13,-15,-31,handClose
-60,-35,-61,0,-41,-110,-27,-3,-13,-10,127,36,44,35,34,40,handClose
-5,4,-2,-4,-2,-13,-3,0,40,75,17,5,-6,-14,-4,0,handClose
-64,-4,66,8,-6,-9,-32,-42,-3,-40,-107,-14,-8,-23,-22,-14,handClose
-9,-19,12,10,19,43,60,11,-7,0,-40,-7,-4,0,-2,2,handClose
127,-24,-128,-31,-23,-65,-3,105,-3,-9,-10,2,5,4,2,-1,handClose
-128,3,43,25,-32,-57,6,-10,-92,3,-7,12,61,99,13,-24,handClose
127,-111,-128,-85,22,115,25,29,-65,-5,22,10,-9,-23,-12,-18,handClose
-57,0,16,27,17,10,4,-5,-34,-4,12,16,-8,-20,-11,-15,handClose
73,8,95,25,-21,-25,-11,-1,-41,-6,48,26,-11,-16,-15,-19,handClose
-2,-64,-101,-23,-17,-21,-14,-3,27,-5,26,-10,-2,-19,-1,11,handClose
-17,9,8,8,0,-20,-13,-7,-5,-117,-128,-7,6,8,3,-19,handClose
-36,4,22,-3,-29,-69,-30,-17,-60,-20,-33,-26,-43,-81,-45,-25,handClose
74,6,-26,11,10,47,18,19,76,-5,-21,4,40,87,68,50,handClose
-128,-12,76,11,-29,37,-20,-77,127,-59,127,-10,15,56,34,26,handClose
127,2,-48,-115,-53,-128,-64,65,-109,-19,18,24,-19,-63,-32,-30,handClose
-17,1,5,-4,-6,-4,-11,-3,-94,4,39,0,-12,-31,-18,-26,handClose
-42,38,86,81,6,-48,-4,-14,-52,9,22,15,-3,-8,-8,-9,handClose
60,-16,-109,-39,55,110,35,15,127,26,-84,-41,52,54,41,53,handClose
-128,2,20,25,-16,25,-19,-42,-36,-7,-30,-21,-22,27,-5,-23,handClose
-128,-63,58,-8,-58,-128,-91,-70,-37,14,13,-9,-38,-48,-22,-13,handClose
127,127,-127,53,127,127,127,81,-6,-8,-9,10,-1,13,6,-2,handClose
-44,-106,-128,-73,-50,-61,-60,-37,-35,7,9,29,-2,-10,12,-4,handClose
-72,-7,8,11,-36,-68,-30,-25,-7,-1,-5,-36,-26,-12,-8,-8,handClose
127,-30,-22,-9,12,49,15,26,-23,-28,-23,-20,-25,-11,-8,-12,handClose
-5,4,10,-21,-21,9,-9,-8,-29,55,120,20,0,-29,10,9,handClose
-109,-2,75,19,22,2,-12,-59,-35,-1,3,-6,-13,-4,-6,-11,handClose
127,-9,-128,-22,-3,8,22,67,-39,-15,6,2,-40,-58,-21,-16,handClose
84,57,127,13,-4,24,18,31,-83,9,25,-6,27,55,13,-5,handClose
-19,-64,-128,-81,-39,-10,-8,-6,62,-9,94,31,69,126,17,-21,handClose
-11,3,18,-4,2,-8,-3,-7,-8,2,6,11,9,-7,-4,-3,handClose
-12,-2,6,1,-7,-17,-13,-10,-30,6,7,-3,-6,-6,-5,-13,handClose
-40,-12,-2,-7,-5,-6,-6,-14,-72,-23,-37,-5,-6,1,-6,-10,handClose
-50,3,-7,-2,29,-112,-45,-16,-36,-19,7,-83,-75,-30,-11,1,handOpen
4,-3,-8,21,-16,-22,-18,-6,82,38,3,-12,49,127,88,28,handOpen
17,6,-20,26,39,21,19,14,37,-28,4,-27,13,-7,13,20,handOpen
-6,-5,34,27,32,-9,-24,-12,-14,21,23,127,19,26,-25,-17,handOpen
-16,14,0,-98,-128,-77,-34,-14,10,6,53,-8,-13,-27,6,7,handOpen
16,36,19,3,-17,-13,-2,2,-15,-28,-68,-19,-13,-39,-11,2,handOpen
1,1,-4,19,-40,-19,-6,-2,3,8,55,35,19,4,0,3,handOpen
-5,-29,-93,46,59,21,20,8,2,2,-36,24,63,93,47,17,handOpen
-1,-128,54,-44,-128,-40,-31,-22,-92,-115,12,65,59,-16,-16,-11,handOpen
-1,-4,18,22,-50,-70,-16,4,-10,-5,-39,-8,2,-41,-27,-13,handOpen
30,85,-128,-119,88,127,79,37,-7,-3,-29,-128,-128,-102,-55,-10,handOpen
61,68,32,127,81,15,-5,-3,10,0,-17,-90,33,92,96,27,handOpen
-40,-23,6,-86,-128,-91,-72,-45,-6,6,14,20,-90,-72,-28,-14,handOpen
54,33,-17,-66,-45,-71,-19,-8,8,5,42,27,-38,-31,-10,-7,handOpen
73,63,22,-84,-12,3,5,13,9,33,-30,-91,5,5,8,11,handOpen
-122,-114,-79,69,-44,-48,-53,-47,-14,7,14,90,85,74,38,14,handOpen
18,52,31,35,33,43,19,12,-76,-128,-56,-45,-4,2,-11,-19,handOpen
-23,-31,58,89,17,20,5,6,-50,-50,-81,-128,-128,-33,-13,-10,handOpen
-14,-2,-34,-128,-128,-48,-25,-22,-17,-23,-50,-41,-79,-84,-29,-13,handOpen
-14,98,-25,82,48,2,-14,-10,-4,32,28,16,30,26,-14,-2,handOpen
16,-34,-50,-53,-41,-32,-15,-6,6,18,-26,-53,-40,-48,-22,-13,handOpen
0,-1,28,126,47,-44,-29,-1,-15,1,43,50,13,-11,-7,-4,handOpen
0,-9,-32,-101,47,127,66,14,6,48,13,127,113,56,26,8,handOpen
0,2,12,45,24,0,6,1,-6,-11,-10,-32,-70,-23,-5,-1,handOpen
6,76,5,-16,-21,-4,-7,-4,3,13,5,-11,20,32,9,4,handOpen
4,5,72,127,83,-23,-10,0,-3,-2,14,21,-2,-4,-5,1,handOpen
0,-6,-24,-49,47,78,62,12,31,16,-16,-15,-15,-24,-14,-15,handOpen
0,0,20,29,-50,-15,-11,-3,-23,-62,-3,-39,6,-1,1,-1,handOpen
-1,8,37,11,38,-11,-7,4,-5,17,87,45,-52,-41,-21,-5,handOpen
-17,-80,-42,-90,-9,-1,-4,-4,14,3,53,29,-29,-11,-5,3,handOpen
-3,5,28,68,83,-24,-29,-8,5,-13,-7,5,43,32,12,9,handOpen
2,-1,-12,-21,-29,32,55,15,-1,43,-2,36,-37,-25,-10,-4,handOpen
10,18,-33,-26,18,24,5,7,20,29,38,0,38,13,5,3,handOpen
-55,-20,43,-57,-12,-14,-14,-16,-10,-6,-25,26,10,-18,-8,-10,handOpen
16,15,-34,-20,11,-7,-1,1,-9,-3,19,-6,-24,-30,-11,2,handOpen
1,-109,62,-14,44,20,13,7,36,23,-40,12,86,-4,0,3,handOpen
8,-89,9,-28,-99,-29,-5,5,-17,-44,-81,-73,-24,24,8,-2,handOpen
33,19,39,22,-13,-7,-9,-1,49,15,-27,-19,8,0,0,0,handOpen
-8,-10,-40,-18,-14,-24,-10,-3,-3,3,7,-96,-64,-44,-15,-4,handOpen
-8,1,90,127,-35,-22,-4,-8,7,17,21,60,51,56,20,4,handOpen
2,-128,-41,-47,-15,-13,-6,5,-8,-24,-61,-127,-8,2,-1,-3,handOpen
22,15,52,127,40,6,-2,2,-9,-10,-19,-22,-20,39,11,1,handOpen
0,10,11,-30,9,20,6,4,-18,4,39,61,33,-14,-4,-4,handOpen
1,1,-30,-24,-38,-5,-1,-7,-17,-12,-7,-58,-15,-10,-6,-5,handOpen
-21,-1,26,-30,-11,-12,-8,0,-17,-89,-23,-56,-32,-23,-12,-10,handOpen
-14,39,47,77,64,49,6,7,36,9,-128,15,17,9,11,6,handOpen
24,19,-74,-3,-30,-33,-21,-4,-5,-9,-24,6,23,-47,-31,-12,handOpen
-10,-27,8,-4,35,-1,-5,-5,-9,-8,3,9,-3,47,21,-1,handOpen
0,2,-7,-6,-30,-73,-37,-5,26,32,9,-51,-38,-7,4,8,handOpen
-10,-22,-7,12,-11,-10,-1,-1,6,8,13,38,99,127,83,20,handOpen
-19,8,36,-17,-17,1,-1,1,-4,6,41,114,-13,-15,-17,-6,handOpen
-6,-1,-26,-2,75,36,12,0,-2,-18,12,-30,6,-11,-8,-3,handOpen
-1,-128,-18,-128,-124,-32,-12,-3,3,-10,-26,3,-60,-12,3,3,handOpen
-3,-8,-21,8,20,41,10,1,0,-12,27,49,23,17,8,-1,handOpen
1,1,13,-13,-11,-9,-2,-1,0,-1,0,0,0,-3,-3,0,handRelax
-1,0,-5,4,3,0,-3,-1,1,-1,-4,7,-4,-4,-4,0,handRelax
-1,0,-1,0,-3,3,5,2,-2,-3,7,15,21,15,9,4,handRelax
0,2,0,-4,-1,-3,-2,-3,-4,-1,1,-5,-17,-2,-3,-1,handRelax
-3,-4,0,5,-3,-4,-3,0,0,0,-2,-2,-7,-4,-3,-1,handRelax
-1,0,6,-2,0,2,-2,-3,0,-1,-3,13,0,-5,-10,-3,handRelax
-2,-1,-24,-4,-2,-6,-7,-2,-2,-4,4,-11,0,4,4,2,handRelax
-2,0,10,-1,0,-5,-1,-1,0,-1,1,-8,8,-1,-8,-1,handRelax
2,-3,-5,1,-4,8,9,3,1,1,-4,2,-5,8,6,1,handRelax
0,-4,15,19,-7,-10,-5,1,-1,-1,4,-4,-9,0,0,0,handRelax
-2,-4,-45,-12,12,7,-2,-2,-1,2,2,3,-1,-2,-3,-1,handRelax
3,-1,-5,-16,6,8,0,-2,-3,0,3,-1,-8,-7,-4,-3,handRelax
-1,1,3,5,-3,3,-3,0,-4,-1,-14,-11,-6,-3,-1,-3,handRelax
0,-1,-10,-4,-5,-7,-3,3,2,-2,-4,-18,-4,0,1,-2,handRelax
0,0,12,43,16,2,-3,-1,-4,0,4,-1,-11,-3,-2,0,handRelax
-4,2,-1,-14,-16,0,1,1,-2,-3,-13,-7,6,-4,-3,-3,handRelax
-2,-1,3,14,7,-5,1,-4,0,2,2,8,-10,3,6,2,handRelax
-1,-1,1,3,1,-1,-2,-3,1,2,1,6,14,53,38,10,handRelax
-2,-1,9,10,-4,-13,-4,-1,-1,-1,-5,11,-12,-14,-6,-2,handRelax
0,-1,-3,-5,15,18,4,1,1,-1,-2,-12,7,1,0,-1,handRelax
-4,-1,4,-7,-6,-24,-13,-3,-1,1,19,-1,0,4,0,1,handRelax
0,-1,-22,-7,-5,-7,-1,-1,1,-1,5,-1,6,-3,-3,-1,handRelax
-1,0,4,-2,-4,0,-3,-1,1,0,4,9,-3,2,6,1,handRelax
1,-1,4,30,5,1,0,-3,-5,-1,-2,-12,2,1,1,1,handRelax
-1,-1,4,-23,-5,1,-3,-2,2,-9,-10,-20,-10,-6,-5,1,handRelax
-4,-1,7,0,0,4,-2,0,1,1,-14,-1,-8,-7,-3,1,handRelax
-2,-1,5,6,17,-3,-3,-3,0,1,5,-2,-5,-1,-3,1,handRelax
-4,0,1,2,-9,-10,-1,0,2,-1,-1,11,10,1,2,-4,handRelax
1,-4,7,3,10,11,-2,1,-2,-1,0,-2,-10,0,-4,-2,handRelax
-3,-3,-2,-8,-8,-3,-4,-1,0,1,-3,-12,-17,5,7,3,handRelax
0,0,-5,17,14,4,0,1,2,-1,-7,5,25,2,0,-2,handRelax
-1,-4,4,-6,0,-5,-3,0,-2,-1,7,4,3,1,0,-3,handRelax
-2,-4,-15,10,6,-3,-7,-2,0,3,17,37,-1,2,-2,1,handRelax
0,0,-25,-23,4,2,-1,2,0,0,-4,-3,1,1,0,-2,handRelax
0,0,0,7,-6,-4,1,-3,3,0,7,17,4,0,-1,-2,handRelax
-1,-4,-1,-10,1,0,0,1,-3,-1,5,-11,2,-1,-4,-1,handRelax
-1,1,0,-1,1,7,5,0,1,1,1,3,-3,19,17,3,handRelax
2,-3,1,4,12,-1,-3,0,-4,-2,-6,-2,-6,1,0,1,handRelax
-3,-5,-3,-1,-4,-17,-7,-2,2,1,9,1,3,-4,-1,1,handRelax
-1,2,2,0,9,16,2,-2,-4,-1,-16,-13,-5,-3,-3,-1,handRelax
0,0,-3,-4,-10,-4,-2,2,2,2,-4,-12,3,-10,-3,2,handRelax
-2,0,6,18,2,-4,-2,-3,0,2,8,14,11,7,-1,3,handRelax
1,-3,-4,-2,-2,-3,-5,-2,-2,-2,1,16,2,1,-1,0,handRelax
-3,-1,-4,-7,-5,6,-1,-4,-2,-3,-4,-7,-12,-3,-1,-1,handRelax
1,-1,-9,-37,-9,-5,-1,0,0,-2,1,-5,-2,-9,0,1,handRelax
1,-5,-12,2,3,0,1,-1,1,0,7,-3,-3,-1,-1,0,handRelax
-1,-1,0,4,2,-4,-2,-3,-1,-3,14,9,-4,-7,-3,0,handRelax
1,-1,17,-8,-1,1,-2,-1,1,1,-5,11,1,-4,-4,0,handRelax
-1,-3,-23,-9,-4,-3,-1,-1,-2,-1,3,-12,-4,-8,-3,-4,handRelax
4,3,1,9,6,12,9,5,-4,-2,-2,1,0,2,1,1,handRelax
-1,-2,12,6,1,-5,-4,-1,-2,1,-5,-4,-1,-5,-4,-2,handRelax
-2,1,-2,13,11,10,-1,-3,-4,0,0,21,2,-2,-4,2,handRelax
-3,-1,1,0,-8,-12,-2,-1,0,0,1,-1,-1,3,3,1,handRelax
-1,-2,-11,-7,-3,0,2,1,-2,-1,-3,-2,4,0,-1,-4,handRelax
-1,-3,-3,-6,3,-1,-2,-3,-1,-3,-5,-14,-8,-9,-8,-2,handRelax
-3,-3,0,-9,-12,-8,-6,-1,1,4,12,29,23,3,8,5,handRelax
-81,-9,-12,-18,28,-2,-13,-36,-20,-7,-19,-57,-5,-6,-6,-28,handRock
19,11,-5,-26,-39,-25,-13,-11,-128,-28,-20,28,-4,-9,-7,-37,handRock
23,31,-6,-1,-8,3,26,72,62,19,11,14,7,3,-8,21,handRock
-15,-27,-7,28,-10,-4,-10,-19,127,20,10,-18,19,22,5,6,handRock
-17,5,8,2,42,15,9,-11,-40,-1,-20,-128,-102,-35,-9,-10,handRock
-119,-20,-18,-33,-30,-19,-7,-27,-128,-40,-40,-111,-67,-17,-17,-9,handRock
37,17,30,127,115,48,29,29,127,31,24,34,8,1,5,17,handRock
-80,-8,-30,-125,-102,-44,-24,-45,-128,3,13,40,18,8,5,-27,handRock
9,20,22,80,58,22,6,-22,127,-10,-34,-128,-49,-13,-10,77,handRock
44,3,26,96,38,43,39,60,127,65,38,43,57,24,4,-19,handRock
-53,63,-36,-54,-42,-49,-28,-41,-98,3,8,-13,3,24,17,-8,handRock
-128,25,59,116,54,18,7,-52,-83,-4,-4,48,44,0,-2,-33,handRock
127,-21,-34,-65,-10,-5,9,83,-68,-37,-25,-83,-48,-23,-6,16,handRock
15,-2,8,41,34,1,-7,4,25,-18,-41,-128,-62,-5,-1,-1,handRock
18,-3,4,-3,-17,2,-2,-11,45,55,45,127,112,52,23,17,handRock
1,-17,-4,29,39,12,0,0,30,-31,-7,10,-4,-13,-6,-9,handRock
-5,24,72,127,112,43,26,16,-13,-3,-8,-31,-12,-7,-4,-6,handRock
-93,-5,2,28,27,-1,-12,-26,-37,6,-12,60,2,2,3,10,handRock
-12,1,-6,-33,-1,7,14,41,-128,-89,-48,-128,-127,-52,-42,-58,handRock
127,-1,-3,31,-33,7,12,-13,-94,3,22,105,87,30,6,-39,handRock
3,30,54,19,71,11,4,20,127,13,-26,-61,-38,-8,0,35,handRock
-27,13,33,127,89,46,31,27,127,37,-1,-40,-6,6,15,77,handRock
-4,0,-50,-128,-128,-75,-40,-35,-42,14,29,43,42,20,10,-5,handRock
-76,-31,6,28,18,7,-1,-18,-51,-15,-21,-38,3,-19,-17,-23,handRock
-28,-10,-8,1,6,7,11,-8,-10,19,47,105,50,28,13,6,handRock
-25,-24,-37,-50,-38,-45,-30,-21,1,2,13,127,37,0,0,7,handRock
-68,3,6,7,16,35,30,7,-128,-30,-36,-128,-69,-32,-21,-61,handRock
96,16,12,-3,0,28,12,12,127,12,-3,21,8,-5,13,99,handRock
-2,3,7,7,31,4,-3,3,65,35,19,38,17,16,0,4,handRock
-51,-4,31,127,72,27,17,2,-8,-11,-28,-66,-54,-29,-20,-9,handRock
-54,7,-38,-128,-105,-33,-19,-27,73,-5,2,0,18,11,11,18,handRock
-29,-11,-7,-38,9,3,5,-2,10,21,41,127,84,29,18,9,handRock
-68,7,18,95,48,16,9,-1,-10,-19,-39,-86,-47,-32,-30,-56,handRock
2,6,1,35,3,6,14,27,-6,-3,2,-53,5,-13,-8,-7,handRock
-38,1,8,15,24,13,5,-6,-37,-5,-6,-4,-19,3,-3,-11,handRock
32,6,11,34,20,7,4,8,1,-13,-27,-126,-57,-8,-3,-3,handRock
-13,-7,-7,81,4,-7,-7,-8,9,30,19,102,41,11,2,1,handRock
-1,-34,-28,-128,-76,-30,-14,-8,-47,2,0,14,14,3,3,7,handRock
-128,-16,1,55,-3,-17,-2,9,-79,-36,-8,-7,-20,-16,-6,-23,handRock
127,1,17,119,47,30,-2,-6,-31,15,1,1,17,10,-3,-9,handRock
27,11,-4,-95,-24,-13,1,10,24,-1,19,-13,-22,-8,0,7,handRock
-21,-11,-13,-9,-4,-8,-4,-9,68,30,39,127,91,25,20,19,handRock
14,2,3,-118,35,25,5,-25,-24,-27,-51,-128,-106,-40,-32,-21,handRock
-55,10,-26,-23,-75,-37,-13,33,-3,5,-1,8,14,15,9,1,handRock
29,-7,-7,2,10,12,8,-1,-21,-18,-17,-88,-128,-54,-29,-19,handRock
-8,-4,-6,4,27,8,4,0,2,-2,3,8,10,-5,-11,-5,handRock
-62,1,31,127,91,41,18,-25,-82,-12,-10,35,9,11,5,-12,handRock
68,-11,-31,-128,-87,-28,-6,19,-100,-18,-19,0,-8,-13,-14,-44,handRock
27,7,4,72,16,-3,-4,6,127,29,48,127,47,21,12,50,handRock
127,27,-39,-115,-52,-14,-2,87,-16,5,19,53,50,17,10,-6,handRock
-48,42,37,127,72,25,18,6,-10,-5,-14,-26,7,-5,-7,-8,handRock
-87,-63,-34,-128,-78,-28,-21,-37,12,12,30,127,25,13,9,0,handRock
-44,4,1,-2,20,6,-2,-23,5,-7,-6,-21,-2,-7,-4,-6,handRock
11,0,-5,-16,-8,-3,0,1,3,-5,-11,-116,-41,-15,-10,1,handRock
39,5,-23,-4,-4,6,13,11,-14,6,15,-7,12,8,4,-1,handPeace
-13,-9,-3,-5,-9,-1,-2,-1,-3,-16,-8,22,-13,-12,-11,-21,handPeace
-41,-1,-3,-7,11,-5,-5,-6,8,3,1,-10,-16,-13,-7,3,handPeace
39,2,9,13,9,12,2,9,54,-8,-2,-14,-19,6,4,3,handPeace
-77,0,-11,-5,-10,7,4,-13,-128,16,17,22,6,-20,-5,-7,handPeace
84,-44,-21,5,20,17,1,3,127,-14,-8,27,28,7,-6,-23,handPeace
-42,1,4,6,-5,-7,7,17,-64,85,-36,-49,-48,6,4,-2,handPeace
-16,-13,0,-6,-12,-8,-7,-18,-35,-12,-22,5,13,10,-5,-9,handPeace
-28,-10,16,8,5,9,1,-11,1,-12,-10,-13,-18,11,2,-5,handPeace
-2,-8,3,-11,-22,-2,-5,-1,8,10,30,10,-51,-38,-11,10,handPeace
-4,7,7,19,8,-19,-13,-2,-12,0,-17,-8,26,-7,-10,-23,handPeace
-39,-14,-41,-13,32,39,28,7,127,0,15,3,0,-35,-3,22,handPeace
-99,127,44,16,-9,9,-12,-24,24,8,-1,-14,-61,-35,2,15,handPeace
-112,-6,-4,25,54,18,5,-21,-27,-15,-23,23,39,36,-6,-13,handPeace
67,19,20,-31,-44,-32,-6,0,-14,15,20,-13,21,14,1,-3,handPeace
55,-6,-34,-22,-32,-15,-2,21,-58,10,-9,8,78,20,-3,-21,handPeace
-7,-10,-42,-12,-46,5,5,1,-78,100,13,28,-10,-19,-19,-24,handPeace
-29,-6,-41,-1,41,22,0,-1,32,-25,31,4,-32,-19,-1,7,handPeace
-6,27,25,2,-46,-11,-1,-6,56,8,24,-12,-8,12,10,18,handPeace
-49,10,13,8,41,10,5,-8,17,22,15,10,47,16,-1,0,handPeace
-1,-5,-15,-6,-17,-7,-4,-8,-9,-84,4,-5,-60,-13,-3,2,handPeace
-22,-2,9,16,24,-4,-11,-8,-10,6,3,33,55,-24,-15,-6,handPeace
24,5,14,-21,-37,-16,-7,2,-10,-20,-27,15,23,40,46,1,handPeace
-7,-9,-17,-16,-39,-11,-10,-15,-101,36,19,-25,12,12,8,-1,handPeace
18,0,10,28,1,-3,-7,-1,64,-35,-24,-6,-21,-13,-4,0,handPeace
-40,34,-2,23,40,58,25,1,43,24,-1,7,34,18,11,19,handPeace
6,8,58,29,8,-11,-8,-1,-8,-7,-20,-23,-29,-18,-5,2,handPeace
54,21,36,13,-23,6,11,34,-20,8,0,-6,20,0,-6,0,handPeace
6,-6,-17,-14,-38,-24,-13,-10,-15,-3,-5,-2,19,11,0,-7,handPeace
-23,-8,6,26,17,-59,-38,-5,-128,9,4,-21,-51,-10,-6,-20,handPeace
-3,7,-13,-1,35,68,63,23,127,38,14,22,-28,4,6,7,handPeace
-19,-27,-27,9,9,-30,-12,-7,-24,-10,-6,26,66,67,27,-5,handPeace
0,3,-36,-32,-21,0,-5,5,8,7,-3,-3,-31,-33,-15,-4,handPeace
-34,1,9,51,-14,-7,-5,-10,-19,13,-4,-11,-11,-3,-1,-8,handPeace
23,-4,-28,-88,26,11,1,2,38,-2,6,2,-10,1,1,1,handPeace
-128,-1,14,6,4,-5,-7,-23,-26,-14,-22,-22,-9,9,10,14,handPeace
127,28,16,12,0,7,11,28,-32,3,-5,46,86,27,3,-12,handPeace
-3,-5,-34,-12,-40,-5,2,-2,-32,-24,-4,-14,-33,-39,-14,-12,handPeace
3,-4,-3,14,51,25,5,1,-6,25,9,-4,7,13,11,1,handPeace
3,61,10,-19,-5,9,13,9,33,1,-6,17,15,-33,-10,2,handPeace
-35,-35,-2,4,-7,7,-7,-14,-2,6,23,3,3,10,3,3,handPeace
-6,-7,-24,24,-6,-4,2,3,1,9,-2,6,-6,-19,-12,0,handPeace
0,-3,-19,-36,-15,-4,-5,4,9,0,24,-5,-29,13,1,-7,handPeace
-54,-5,-3,-7,5,-15,-8,-16,-39,6,0,-23,-4,1,-4,-18,handPeace
50,7,16,25,2,1,-1,5,127,7,18,26,16,6,9,44,handPeace
15,19,15,-4,4,-4,1,4,-25,-20,-15,14,-36,-18,-4,-3,handPeace
-16,2,7,-7,-16,-7,0,-4,-42,-12,4,0,9,1,-7,-17,handPeace
-6,-1,12,-14,-19,5,6,1,16,-20,-42,-5,29,0,-1,5,handPeace
-23,16,30,9,-26,21,15,4,-6,3,19,15,-24,-10,-4,0,handPeace
32,9,9,18,5,3,2,14,-8,-42,-5,-7,-9,-12,-8,-10,handPeace
-58,2,0,-9,-5,3,6,-6,-24,-10,-14,-15,3,6,4,-9,handPeace
37,-11,8,-14,-35,-24,-15,-15,105,13,-28,8,23,4,5,43,handPeace
0,3,-18,10,4,-7,-5,4,-24,1,-3,-28,-60,-8,2,-5,handPeace
-51,-14,-16,-36,-30,-18,-16,-23,-29,-6,10,34,46,2,-5,-9,handPeace
-1,-1,0,-19,18,10,3,0,1,-16,-6,23,38,9,-3,-3,handOk
0,-3,8,11,-8,-13,-7,0,6,5,-7,-19,30,20,14,6,handOk
2,-1,-1,30,39,12,6,3,-4,-5,7,10,-3,-15,-7,0,handOk
-11,-6,-11,-39,-54,-32,-22,-12,-7,-8,4,1,9,-6,-11,-6,handOk
-7,4,-6,-36,-40,-5,-6,-3,-6,15,6,4,-19,-13,-1,3,handOk
14,10,7,28,10,-2,0,4,-12,18,-10,2,-3,-10,-11,-9,handOk
-2,-3,-6,-96,-45,-12,-5,0,23,-8,4,33,1,-2,9,11,handOk
-2,-1,6,19,-14,14,5,-1,1,-11,-8,-13,93,8,-3,-9,handOk
-6,-15,2,-9,8,1,-1,0,-7,-7,-41,3,-26,-13,-2,-6,handOk
-10,-9,0,46,100,20,1,-5,-7,0,-1,-55,-113,-2,3,-13,handOk
-6,9,14,-3,-1,10,2,2,-6,0,-4,15,47,12,-3,-5,handOk
0,16,-15,5,5,-3,-6,7,4,10,9,-3,-16,2,11,10,handOk
-8,-40,-3,-28,12,-10,4,12,0,3,0,9,18,0,0,-1,handOk
-1,-1,1,-5,-13,12,1,4,-3,5,-16,-109,-55,-26,-15,-8,handOk
-23,-11,-8,-1,-25,-6,-1,-19,0,3,11,21,12,14,8,0,handOk
-2,-9,-15,8,7,1,0,3,-6,1,-15,-67,-90,-20,-8,-13,handOk
11,4,5,27,4,8,6,5,6,-8,1,57,67,-1,1,25,handOk
-2,7,8,17,-5,-7,-8,-5,2,1,-14,-25,-34,-9,-1,2,handOk
-4,-2,-17,-23,-6,7,3,-4,-1,-4,5,51,52,5,-3,-1,handOk
2,11,4,-10,-18,-3,-1,5,6,8,13,-15,-34,-12,2,4,handOk
1,5,16,18,0,-12,-8,-5,-11,-14,-22,-57,-56,-21,-17,-14,handOk
-1,-7,-43,30,-54,-22,-4,-4,-2,2,10,2,-24,-78,-32,-3,handOk
-1,-2,-14,-128,-19,-1,2,-6,9,3,-1,21,52,127,93,24,handOk
-1,2,7,-18,-57,-9,3,10,-1,3,8,4,3,-9,-6,-1,handOk
-13,-10,-1,36,46,13,-6,-17,-2,12,22,0,-29,-29,-18,-8,handOk
3,2,0,0,-24,-18,-5,4,-1,0,14,28,13,-5,-4,-3,handOk
2,-4,0,-32,-51,-31,-15,-9,-2,-2,-11,-39,-56,-11,3,6,handOk
4,13,1,-4,38,11,2,2,-23,14,-22,-24,-12,3,-2,-13,handOk
-1,-1,-1,17,-14,-8,-3,0,6,1,2,-8,-25,-8,0,5,handOk
-7,-2,10,10,-17,-17,-14,-8,4,7,10,24,4,5,3,9,handOk
-3,-7,-10,49,86,12,-1,1,0,-7,-18,-41,-9,-10,-6,-7,handOk
2,4,7,-25,-5,21,15,3,-1,16,9,42,24,-5,-2,0,handOk
0,3,3,0,-13,-14,-5,-1,-8,-9,-4,-44,-32,-14,-10,-7,handOk
1,1,-5,-6,-18,-3,1,-3,7,14,12,-3,1,-4,-2,2,handOk
3,22,31,1,-8,2,-3,-1,-4,-7,-9,-2,6,5,-1,-3,handOk
0,-3,-12,-15,-18,-5,0,3,-7,-5,-7,0,10,4,0,-12,handOk
1,-1,3,-34,-43,-5,1,1,-6,-2,8,32,27,0,-9,-6,handOk
-1,3,0,-24,-95,-23,-4,3,-4,-2,-1,-47,-34,-3,1,-6,handOk
4,4,8,3,22,18,11,2,-2,4,-4,45,40,0,-8,-9,handOk
-6,-4,-29,6,-8,-10,-11,-8,-15,-18,-6,50,19,-11,-14,-11,handOk
-6,-7,-7,3,1,7,6,-4,2,-43,-6,-11,-7,5,0,4,handOk
3,5,3,-9,-12,2,2,3,-2,8,2,-13,5,-11,-10,-3,handOk
1,3,-3,2,3,7,3,0,-2,1,-1,-1,7,6,4,-1,handOk
1,6,14,21,34,-2,2,3,-2,-1,-3,-4,-10,-6,-5,-1,handOk
-2,-1,1,-29,-51,-3,-1,-4,0,-5,-13,-23,-24,-28,-5,0,handOk
-5,-3,-4,21,37,2,-18,-8,-1,-2,4,-6,-17,-18,-11,-4,handOk
-2,-9,0,-33,-41,27,21,-5,2,1,10,-6,-5,6,1,-6,handOk
-2,3,7,32,26,-9,-4,3,-3,-9,-27,11,78,4,-7,-1,handOk
4,-3,-6,-19,-32,-8,0,5,-6,-1,3,-5,-8,-3,0,1,handOk
0,1,-1,-3,-10,-3,-1,-1,-4,-6,-47,9,14,4,1,-6,handOk
1,8,5,2,-3,-1,3,5,3,9,-2,-42,-33,-9,3,-1,handOk
0,-4,6,32,25,8,2,-1,-6,-6,4,-23,-40,-12,-8,-4,handOk
-1,6,19,-54,-19,-3,-3,-3,-6,-2,3,22,7,5,2,-3,handOk
0,1,6,8,7,-4,0,-3,-3,-4,-11,-14,-1,-3,-2,-2,handOk
2,0,-9,-10,-4,10,13,5,-2,0,11,6,-2,-5,-4,-1,handOk
-1,8,12,23,24,-7,-8,-4,-5,-13,-9,-16,-4,15,8,-4,handOk
127,-2,-128,-13,30,-82,44,120,65,-128,-128,-59,-34,-23,-57,-41,handClose
127,85,55,41,38,107,32,64,-7,72,127,-29,32,86,24,44,handClose
-24,-85,127,61,-13,9,3,24,-46,-69,-128,-72,-60,-60,-54,-107,handClose
-128,-78,38,9,46,7,-20,-74,-120,93,127,43,-99,-128,-82,-67,handClose
127,73,127,8,-100,-109,6,91,127,-128,-128,43,127,127,127,106,handClose
-9,-9,-128,-111,-56,-13,-25,1,29,42,93,-14,-34,-76,-45,6,handClose
-128,13,106,49,26,-6,4,-30,-128,-96,-73,-25,31,127,71,-19,handClose
50,-41,6,22,38,-7,-17,-22,127,75,123,45,42,13,19,127,handClose
-61,-8,11,30,5,-70,23,48,-128,10,55,-55,-26,7,7,-46,handClose
127,127,127,48,11,-25,-16,34,43,11,127,25,76,80,59,76,handClose
-61,-113,-128,4,11,59,-10,-31,-128,-89,-128,-53,-71,-66,-52,-71,handClose
58,-24,-128,-40,-43,-11,-3,12,-128,-18,66,-10,21,-2,7,-47,handClose
-128,-32,3,20,15,-3,-10,-50,127,127,127,65,13,-22,-5,55,handClose
-36,35,-7,-50,-7,12,5,7,87,127,127,57,22,-37,-42,-47,handClose
-13,-128,-128,-41,-80,-102,-36,25,-128,-128,-128,-94,-26,9,-34,-56,handClose
127,-128,68,6,98,127,107,58,70,4,123,38,65,127,113,50,handClose
-24,24,0,-5,-33,-46,-33,-32,-128,61,-53,13,-41,-128,-108,-78,handClose
-53,23,59,11,-9,-5,11,5,-28,20,-31,30,26,10,7,-12,handClose
-35,-55,-31,-29,-22,-25,-23,-23,-31,-7,-48,-36,-21,-13,-10,-11,handClose
127,12,-24,18,21,69,52,85,-128,-88,-48,-47,-51,-39,-40,-51,handClose
-57,-48,-128,-24,-11,-16,-12,-19,127,127,119,-33,-28,-90,-49,-37,handClose
-76,-8,2,23,7,-4,-8,-29,102,15,99,16,-28,-62,-12,8,handClose
-128,-45,-57,-24,-18,-12,-16,-68,111,54,10,-7,14,51,28,33,handClose
-113,-122,-128,-109,-61,-14,-41,-68,1,-4,-1,-1,5,-6,-8,-15,handClose
65,17,81,9,43,62,6,13,-83,38,24,37,-16,-37,-13,-12,handClose
-42,-28,-30,-18,-128,-128,-66,39,27,7,20,-8,-8,-30,-13,-5,handClose
78,41,11,9,62,99,77,33,-45,12,-7,-25,-33,-48,-12,-16,handClose
-128,37,83,40,43,11,39,11,-29,-42,-9,-12,-14,-46,-24,-10,handClose
127,9,-62,-21,-13,75,-11,28,-112,0,69,-20,-52,-32,-30,-39,handClose
-72,5,34,10,-11,-38,-15,-18,72,-10,-37,-12,-6,-16,-18,7,handClose
-128,12,77,44,16,-12,-11,-35,-10,-2,-2,-3,-2,-3,1,-8,handClose
-128,-4,-96,-20,-25,-61,-24,-42,8,39,60,15,-2,7,-1,-2,handClose
127,67,-6,2,66,74,73,93,-32,-29,-6,16,-12,-20,-18,-20,handClose
-76,-34,-128,-23,-34,-50,-39,-50,98,24,-93,9,49,104,53,41,handClose
-24,29,55,0,-27,-89,-29,22,-63,-49,-94,6,-9,-33,-28,-49,handClose
-128,-96,97,-2,-63,-128,-105,-107,-64,27,36,-39,-36,-11,-9,-25,handClose
127,108,-128,-9,116,127,127,127,19,-53,-26,-20,-48,-45,-39,-10,handClose
-98,-22,-2,7,35,60,18,-4,-53,-34,5,13,-21,-25,-13,-18,handClose
-95,-5,26,1,-9,-33,-20,-35,-18,11,15,6,1,-15,-13,-15,handClose
31,1,-50,-21,-33,13,5,9,9,-5,13,3,1,-4,-4,-4,handClose
22,8,1,1,1,1,2,0,9,-35,-34,3,16,-6,-3,-11,handClose
22,-1,-3,4,7,2,3,11,127,127,-128,-40,-67,-87,15,127,handClose
-128,-87,50,11,15,7,-21,-127,25,-2,-17,25,62,82,30,5,handClose
-26,-20,70,-11,-22,-29,-9,-12,-85,-12,21,-23,-25,-17,-16,-26,handClose
-128,-41,-55,3,3,-48,-22,-51,-47,-5,-1,7,-8,-26,-11,-15,handClose
127,5,-54,-49,-52,-62,-38,-19,-110,36,113,27,8,-14,-9,-30,handClose
9,5,24,32,45,86,63,46,78,-112,-128,-55,-29,-37,-30,-3,handClose
-30,-7,8,-5,-59,-64,-30,-32,29,7,27,-11,-26,-5,1,1,handClose
18,-24,33,21,78,107,49,17,-10,5,25,23,20,-5,-2,-8,handClose
21,5,-72,-16,-10,19,-6,-3,127,2,-9,-12,-19,-30,-10,33,handClose
-88,7,-12,1,-24,-24,-17,-30,-115,5,22,2,-6,-26,-13,-39,handClose
-41,-10,-37,4,-3,-17,-9,-13,115,101,127,53,-2,-61,25,62,handClose
-41,-9,17,-8,-19,-18,-9,-15,49,-27,-128,-12,63,113,20,0,handClose
-41,-1,2,2,-5,-1,-5,-13,32,9,4,7,23,37,1,-12,handClose
-96,-84,-128,-50,-77,-128,-59,-34,95,-6,-38,-19,-13,-7,-2,13,handClose
-24,5,1,5,40,51,9,1,-84,-29,66,31,12,-21,-15,-8,handClose
-8,-12,1,-79,-54,-23,-13,-12,3,-3,-19,-37,-41,-14,2,3,handOpen
2,1,19,42,-15,4,11,3,1,8,36,-20,-29,-59,-27,-4,handOpen
5,-6,-32,-59,-89,0,4,-2,12,90,-82,-46,45,83,36,15,handOpen
5,86,14,0,-22,-6,-3,1,-1,-25,10,66,-12,-24,-13,-9,handOpen
-3,-36,21,-19,44,3,0,11,-17,-81,-8,9,10,-39,-21,-6,handOpen
1,-38,-43,30,29,3,-9,-17,1,-24,10,70,39,-16,6,21,handOpen
-5,1,-20,-26,-10,3,0,-4,2,42,-19,-15,-5,7,-3,-8,handOpen
-7,35,107,-53,-22,-5,3,2,-15,71,-66,-54,-9,-16,-13,-20,handOpen
21,-30,-71,59,104,29,11,4,56,127,127,73,-72,-17,12,41,handOpen
29,26,10,-67,56,77,32,18,11,13,2,-3,71,19,19,20,handOpen
-33,-6,-128,-40,-59,-67,-53,-34,-12,-26,-57,-128,-128,-90,-40,-22,handOpen
-3,-17,9,26,-35,-25,-16,-5,-19,-18,31,69,-3,-91,-50,-19,handOpen
0,1,-62,-45,38,11,3,-1,5,17,18,39,54,127,92,24,handOpen
10,8,2,2,28,51,35,9,21,19,9,-59,-37,-2,29,23,handOpen
8,7,9,-10,-28,-8,-5,2,-11,-22,5,-18,-128,-46,-35,-24,handOpen
7,127,17,13,62,7,3,2,-23,73,-36,-37,-42,-61,-41,-24,handOpen
-5,-72,-92,-128,-128,-54,-34,-24,-6,-5,0,5,4,-14,-16,-4,handOpen
-1,5,50,12,3,-10,-2,-5,-6,-18,10,18,7,-14,-10,-5,handOpen
-6,0,17,6,-80,-87,-39,-16,-2,5,0,-37,1,-35,-11,-2,handOpen
4,-6,-26,-14,46,117,56,9,-1,6,16,27,13,64,23,7,handOpen
3,6,-16,-11,-21,-6,-3,2,3,1,-13,-4,-7,2,-1,1,handOpen
0,-4,-8,-26,-30,-9,-2,0,-2,8,6,29,-1,-2,-7,-1,handOpen
4,3,17,83,-3,-14,-1,5,-6,-18,-7,-15,-30,-27,-14,-5,handOpen
-8,-6,-9,-31,-42,16,-7,-4,-1,-7,-17,37,3,11,4,-1,handOpen
-1,-8,-6,-9,35,2,3,4,-8,3,-4,16,56,-9,-7,-7,handOpen
1,2,-11,-13,6,17,12,0,2,9,2,-42,-41,-2,-1,-2,handOpen
0,-10,7,49,-14,-17,-9,-5,-7,-8,-15,10,-3,-7,-9,-7,handOpen
-7,0,-4,-33,-3,-12,-9,-4,1,-41,-5,15,29,-1,-11,-5,handOpen
3,-1,-4,0,-2,8,7,3,0,0,-12,-49,-23,-3,4,1,handOpen
-13,-37,3,18,34,-20,-19,-9,-4,-5,21,21,-12,-16,-10,-7,handOpen
8,-11,32,13,-15,5,12,10,13,92,-4,-36,-11,0,10,10,handOpen
17,97,-72,-55,-25,-11,-4,-5,-19,-66,-24,39,65,5,-3,-10,handOpen
7,-22,4,-6,-11,-5,-2,0,2,12,23,-117,-105,-26,-9,-3,handOpen
-3,-6,4,12,14,-2,-2,-3,0,1,61,-9,0,-17,-4,-2,handOpen
-1,0,10,5,2,-32,-13,-2,0,-5,24,15,8,34,12,2,handOpen
7,6,13,4,8,62,47,18,-4,-32,0,37,9,-3,2,0,handOpen
8,5,12,57,62,23,13,8,-1,11,-17,-68,-43,-8,-5,-2,handOpen
-2,-7,-28,-79,-71,-28,-24,-9,-9,-10,-9,-36,-17,-30,-21,-12,handOpen
-30,-128,-77,-53,-58,-51,-33,-21,1,-2,-26,-15,-16,-9,-3,0,handOpen
-4,-5,-29,-11,-25,-83,-39,-9,-1,9,45,-82,-19,-63,-29,-4,handOpen
9,6,10,-11,-19,107,75,18,12,17,22,89,91,127,78,23,handOpen
-2,-6,-8,-19,-10,-3,-3,-4,-12,-3,10,2,71,7,-11,-8,handOpen
4,2,0,-1,10,13,5,5,17,-9,-94,-86,-60,-35,-11,-5,handOpen
0,-15,5,-10,-1,1,2,-1,-1,-33,80,64,-11,-20,-13,-6,handOpen
-5,-3,9,-21,-2,1,0,1,0,0,11,28,9,-2,0,-2,handOpen
-1,-13,-30,-25,-4,13,4,-5,0,1,-6,-11,-2,2,-4,-3,handOpen
-1,3,20,-63,-13,-9,-3,0,-3,0,-12,-26,7,-2,-2,-2,handOpen
-5,-10,-19,-5,26,15,2,-6,0,1,5,-1,-10,-9,-5,-2,handOpen
3,0,4,-1,-2,-9,-11,-2,1,1,6,-11,-4,-10,-7,-6,handOpen
-8,-17,4,-21,-36,-12,-7,-8,0,-3,-5,-1,4,-6,4,4,handOpen
-3,-1,0,4,7,-1,-3,-4,1,12,19,16,14,2,2,0,handOpen
2,-2,-10,5,-9,-4,-5,1,-3,-6,-9,-16,-26,-4,1,0,handOpen
-3,-1,2,4,-3,6,4,0,6,5,20,23,46,13,1,-1,handOpen
1,-6,0,-5,3,-1,0,-1,5,4,9,-1,8,20,13,3,handOpen
1,1,3,21,20,6,3,-3,-2,-4,-4,-11,-6,-1,-1,-2,handRelax
-1,-1,1,6,-7,-7,-3,-3,-2,-1,1,-12,-6,-6,-11,-6,handRelax
-1,-1,-4,-5,-1,3,0,2,-2,0,-6,-1,-11,-4,-1,-1,handRelax
2,4,0,-7,-2,-6,-4,-3,0,3,2,6,3,9,13,4,handRelax
-3,-1,0,11,6,2,-1,0,-3,-5,1,-9,-5,-19,-11,-1,handRelax
0,-5,-7,11,2,5,2,1,0,-6,-8,-11,-6,-5,-2,-3,handRelax
-1,-2,-1,-6,-6,-5,-1,-3,-3,-3,-2,-11,-2,-20,-3,-1,handRelax
0,1,0,5,-5,-7,-3,-1,2,-5,-4,8,-11,1,3,1,handRelax
-6,-3,-26,-8,12,-4,-5,-1,2,-1,-7,-22,-5,15,6,2,handRelax
-2,2,11,10,5,-10,-6,-1,-3,-1,3,-48,-11,15,9,0,handRelax
-2,0,-1,3,6,6,4,-1,2,-1,-5,3,15,9,6,2,handRelax
-1,3,-2,0,2,-4,-3,0,-2,0,-1,5,2,-6,-5,-2,handRelax
-1,-3,-8,9,-5,-8,-8,-4,-3,-1,1,-11,-22,-23,-11,-5,handRelax
3,1,0,8,16,11,5,1,-3,-2,0,-17,0,0,-1,-2,handRelax
1,-2,-3,-18,-21,-4,2,-1,2,0,0,6,-9,-4,-3,0,handRelax
-2,0,-2,3,0,0,-1,-1,-2,0,-3,-9,-10,-2,-4,-2,handRelax
-7,-3,1,14,4,-1,0,0,-4,-4,-11,-1,12,-7,-4,-1,handRelax
2,-1,0,-10,0,-11,-2,1,-3,-7,-6,0,-3,-13,-3,-1,handRelax
-4,2,8,-9,0,25,3,-1,-3,-2,-3,3,2,-15,-8,-4,handRelax
-3,-1,-33,-1,1,-2,-2,0,3,-3,1,-4,-8,23,12,6,handRelax
-1,1,16,3,-1,0,0,-1,-2,-5,-5,6,-5,-20,-8,-3,handRelax
-2,1,4,6,17,14,3,0,-2,-5,-5,-10,-14,4,2,2,handRelax
1,0,-5,10,1,0,-1,-4,-1,-1,-2,2,-5,-2,-3,-1,handRelax
-1,-4,1,-22,-17,-21,-9,-6,-2,4,17,29,3,-3,1,-2,handRelax
-1,0,-6,2,9,-2,-1,0,-2,-5,-51,-26,-5,-16,-9,-4,handRelax
3,4,-2,2,1,23,6,2,1,-3,0,4,3,-13,-8,-1,handRelax
1,-1,-4,3,15,-16,-6,0,0,-3,-6,-1,-7,8,11,2,handRelax
-1,-2,7,-4,-31,6,2,2,-1,1,6,-4,-3,3,0,-2,handRelax
-2,-1,1,-7,1,-11,-7,1,0,0,-2,1,8,2,-1,0,handRelax
-4,-5,-9,-1,-1,-9,-1,-2,-3,0,-6,-4,-9,-1,0,1,handRelax
-1,-4,13,8,-3,-4,-4,1,2,0,2,1,2,-3,-5,-4,handRelax
0,-1,-5,-15,-12,-24,-9,0,-3,1,0,8,-4,-23,-12,-4,handRelax
0,4,6,-2,4,23,4,1,3,-5,-7,-11,5,26,29,5,handRelax
0,2,5,3,-2,-7,-4,2,0,-2,-6,-7,-2,-25,-9,-3,handRelax
-1,-3,0,2,12,-17,-11,-6,-2,0,8,17,7,34,4,-1,handRelax
-2,1,6,32,11,10,2,1,0,1,3,7,19,-1,4,2,handRelax
-4,-2,-3,-36,-28,-14,-6,-2,-2,-1,-1,-1,-11,-1,-3,-5,handRelax
-1,-1,-5,-9,-7,-6,-5,0,-4,0,6,-24,-7,-1,-7,-1,handRelax
-1,1,-8,-13,-11,-23,-7,-2,-4,-3,-23,-5,-2,18,7,2,handRelax
2,-2,6,8,12,31,8,1,1,-2,-5,-6,1,0,0,0,handRelax
-1,2,0,7,-4,-27,-13,-5,-3,-4,4,6,-3,-19,-9,-2,handRelax
-1,0,26,6,-7,-14,-6,-2,-1,0,3,3,1,5,-2,-1,handRelax
-1,-3,-11,-15,-6,-6,-2,0,1,0,-5,-12,-8,-7,-4,0,handRelax
1,-1,8,15,10,-10,-10,-3,1,3,2,1,3,6,-2,-1,handRelax
0,3,1,-1,-7,16,15,4,1,-1,2,1,-2,-6,-3,-4,handRelax
-2,-3,-5,-8,-6,-8,-7,-2,-2,-5,-2,-5,6,6,0,-1,handRelax
-1,-2,-2,2,6,3,4,2,0,0,3,-5,-2,5,1,0,handRelax
-2,-2,1,6,8,2,2,-4,-2,0,-1,1,-3,-2,-2,0,handRelax
2,1,0,-21,-6,2,0,0,1,-1,-4,-4,1,0,1,-1,handRelax
-4,-3,-3,5,-7,-3,-7,-2,-1,-7,-5,-6,0,42,17,2,handRelax
-3,-2,1,-6,-3,-3,-1,1,-1,0,3,14,0,-14,-8,-3,handRelax
4,-5,-1,6,6,-20,-9,-1,-2,-4,7,-6,-9,-8,-5,-3,handRelax
1,3,7,4,-5,15,2,-1,-1,3,1,-15,-7,-7,-5,0,handRelax
0,2,-1,3,0,-14,-5,-3,2,1,2,-8,-1,-3,-1,0,handRelax
-110,-106,-65,-26,-40,-55,-37,-37,-128,32,127,-15,-87,-128,-64,-37,handRock
127,92,127,44,58,-51,27,124,-128,-74,-88,67,19,-128,-39,-81,handRock
-128,10,23,14,55,87,88,-5,127,69,-128,-35,-39,5,-32,33,handRock
127,41,127,-54,-60,-128,-102,-16,116,-88,-128,-63,-23,46,2,47,handRock
28,-128,-128,-84,50,127,127,76,-128,-128,-128,49,70,97,60,-8,handRock
-128,92,127,8,-45,-31,-27,-35,127,127,-49,-33,47,0,56,127,handRock
-51,36,127,74,9,-8,19,-66,127,-34,-87,53,32,101,14,60,handRock
127,-66,-113,-59,5,54,27,83,-128,78,127,-40,-1,44,14,-128,handRock
-128,-17,127,36,-22,-44,-74,-128,73,-76,-67,54,106,97,53,-6,handRock
-109,104,127,42,-74,-13,9,1,-128,-33,69,-128,-46,-118,-73,-128,handRock
127,17,-93,-3,59,24,-17,101,-128,-128,-128,-10,-14,62,22,-32,handRock
73,-8,-49,127,-28,-85,16,117,127,30,73,-89,-128,-84,-97,-26,handRock
-128,-85,93,32,47,22,-11,-73,127,127,20,71,115,113,120,123,handRock
18,18,-128,21,24,1,4,16,-35,-26,31,-51,-42,-33,2,10,handRock
-108,-16,116,-11,-54,4,-9,-1,-128,127,104,12,-56,19,6,-6,handRock
-128,-94,-128,7,4,-7,-12,-61,127,-128,-128,-39,-10,-128,-20,33,handRock
127,-86,-128,-21,18,-68,-17,65,-11,25,72,44,33,-5,-6,-22,handRock
-7,1,45,15,0,19,-5,-22,-52,14,44,-52,-119,-22,-22,-20,handRock
117,-13,-128,-27,-55,-72,-32,61,-128,-28,127,21,31,-4,5,-54,handRock
-13,65,127,49,93,127,77,24,127,127,127,26,-58,-65,15,68,handRock
-103,-38,-128,6,84,51,-11,-32,127,-128,-128,-104,-43,2,-27,-37,handRock
-128,74,50,-46,13,4,14,-34,46,19,-128,-40,-28,-6,-14,-13,handRock
127,13,-9,20,-14,-10,-2,55,51,-2,-22,10,6,13,15,40,handRock
-66,-60,-128,1,-43,-66,-51,-50,-114,41,127,50,22,4,2,-9,handRock
-24,-21,-13,19,38,49,39,8,127,-25,53,-4,-40,-12,5,14,handRock
17,25,115,34,10,-24,-16,-10,-83,-34,-56,34,28,80,3,8,handRock
10,22,-59,-11,5,27,16,19,25,-128,45,-24,54,116,48,-19,handRock
47,90,121,-42,-32,-15,-5,-2,113,51,44,29,33,-5,3,45,handRock
94,-4,-128,-47,-66,-38,-16,66,-58,7,25,-9,-36,-24,-19,-19,handRock
-33,-27,-128,-23,-39,-59,-41,-35,-118,-33,-1,-21,-32,-8,-19,-72,handRock
-64,-21,45,2,-70,-70,-25,0,47,127,127,111,30,-20,14,43,handRock
113,53,-50,-21,75,88,53,36,113,-128,-128,-64,30,84,18,50,handRock
8,4,-41,-37,-7,-1,-12,-6,-40,19,51,-2,7,-22,-1,1,handRock
-11,20,69,15,11,60,35,-2,127,25,-54,80,121,127,114,81,handRock
53,28,63,18,-23,-34,-13,-12,-62,-25,-32,-1,-1,-43,-15,-11,handRock
-35,3,47,18,-15,3,-4,-20,-92,-28,35,9,-19,-63,-34,-32,handRock
-40,-3,26,-25,-69,-122,-47,-13,30,34,-47,-73,-39,66,7,6,handRock
82,-14,-128,-14,-10,1,-3,29,-128,-57,-102,-96,5,-6,4,-38,handRock
-16,-8,14,11,-5,-17,2,-15,-114,-8,20,13,-13,-38,-23,-35,handRock
-128,-65,70,28,4,-8,-51,-128,-77,8,50,2,-25,-22,-17,-23,handRock
127,127,104,56,24,-128,33,127,-32,-49,-89,1,-6,-2,-13,-15,handRock
-6,-9,-25,25,-1,-8,-15,-7,-104,83,127,31,23,7,-13,-41,handRock
-37,44,-1,40,29,2,-13,-15,127,-23,-128,-102,-47,-20,-28,18,handRock
127,-46,-26,-24,-28,42,31,72,-30,1,16,2,-2,-32,-16,-19,handRock
17,-10,2,29,32,56,12,11,61,-20,111,-3,10,70,50,41,handRock
9,79,53,19,43,75,59,-10,72,-21,-128,2,-37,-109,-50,20,handRock
127,-83,-128,-43,-48,-61,-65,33,-128,-53,-20,15,57,68,21,-74,handRock
-80,10,70,0,-36,-8,-3,-5,-52,-81,-128,-52,-53,-33,-23,-27,handRock
-84,79,127,30,-9,1,2,-11,-45,7,33,30,17,18,6,3,handRock
-2,-21,-128,18,19,1,-16,2,2,16,36,28,17,0,14,10,handRock
-8,-40,0,25,9,32,33,-18,55,10,-3,-19,-4,39,13,15,handRock
-40,0,28,5,0,12,-16,-21,127,28,-27,-2,17,17,29,77,handRock
43,-2,31,13,22,12,-10,6,-128,9,44,32,-13,-61,-27,-45,handRock
-7,100,102,29,-30,-40,-35,-3,127,-16,-128,-62,-57,-7,15,25,handRock
-95,-13,-19,-31,-74,-49,-33,-27,-31,-8,-34,-22,-62,-45,-33,-23,handPeace
-16,37,3,1,-31,-31,-15,-7,-17,-9,17,6,-51,-7,0,-5,handPeace
-10,1,6,11,16,-39,-15,-9,-35,-38,-65,-9,32,11,-5,0,handPeace
-34,127,22,1,32,30,19,7,59,42,40,-8,-42,16,12,12,handPeace
71,-3,26,-6,39,6,-4,-3,14,-36,59,-5,17,-17,-2,4,handPeace
-12,15,-52,15,48,1,-24,-21,3,-52,4,30,35,24,16,22,handPeace
-62,-7,41,-14,31,26,1,-11,-38,-30,6,20,33,-15,-7,-8,handPeace
-62,6,36,16,-4,15,5,-3,36,5,3,17,55,25,4,11,handPeace
103,116,21,12,9,-4,10,33,-18,22,27,-4,-70,-34,-6,2,handPeace
-33,-22,-31,-8,33,33,4,-4,11,40,54,45,60,-6,2,9,handPeace
26,-5,-11,6,38,18,7,9,-38,-34,-13,-1,10,23,-4,-27,handPeace
37,-43,-26,-5,4,-38,-31,-24,-19,-1,-5,-23,-31,1,5,6,handPeace
58,-4,-26,-29,-9,22,5,14,-21,-1,10,23,55,-21,-31,-20,handPeace
-50,8,24,7,-27,84,62,14,-36,-8,-4,-29,-62,-19,-7,-8,handPeace
-1,-9,18,-20,11,-30,-25,-18,-30,-4,10,5,18,40,9,-8,handPeace
109,-4,-45,9,6,20,4,10,-26,6,8,14,2,-3,-2,-8,handPeace
127,47,24,0,-3,-24,-3,58,16,18,27,-22,-56,-6,6,13,handPeace
5,-7,-22,2,-2,7,6,2,-62,-31,-34,-28,-27,-12,-6,-18,handPeace
-15,-15,-16,16,73,-14,-14,-8,75,7,5,-8,9,16,3,17,handPeace
-8,7,-11,-60,-68,-15,-6,-5,15,1,12,21,-4,10,6,5,handPeace
-6,0,-3,21,1,-39,-23,-3,-6,29,10,12,38,6,3,-5,handPeace
-58,-24,-17,-50,-78,-23,-7,-16,21,-14,-46,26,80,-12,-20,-10,handPeace
45,-3,27,43,19,-4,-10,0,-20,3,8,3,-9,20,9,2,handPeace
-26,3,-17,1,3,2,-9,-10,13,-10,6,-15,-13,14,7,-2,handPeace
-22,0,6,-19,-70,4,11,-3,-5,1,-5,-15,-53,15,8,5,handPeace
-9,8,34,34,76,1,-6,-4,13,1,18,-12,5,13,6,3,handPeace
-20,-2,-17,7,12,-5,-8,-13,-7,-1,-7,-4,-31,-3,5,3,handPeace
-5,4,-11,-31,-32,13,9,10,-3,-3,-32,13,-3,2,-6,-11,handPeace
0,-4,15,26,-1,-28,-9,1,-98,5,31,-36,-32,-7,-5,-16,handPeace
126,-26,-56,9,-16,-9,-3,16,4,-3,5,0,8,15,16,5,handPeace
20,20,20,15,16,4,8,18,2,-13,8,20,10,1,12,4,handPeace
-16,2,4,-39,-49,-2,-2,-2,-13,-14,-23,-5,8,9,-6,-7,handPeace
-36,-4,20,63,62,-4,-10,-11,1,7,14,-1,-16,-16,-4,1,handPeace
-8,-2,-3,-21,-19,-3,-2,-9,-11,-23,-29,-58,-33,-5,-7,-17,handPeace
-2,-7,-24,2,14,-10,-9,-3,4,-3,-16,-4,4,3,4,5,handPeace
-28,0,-1,-27,-31,-2,3,-1,-6,-7,2,0,-31,-16,-11,-6,handPeace
-5,-1,3,16,49,-16,-10,-13,-10,-1,2,2,-1,-2,-3,-10,handPeace
43,-9,0,-23,-29,21,7,12,-24,-5,0,4,-9,-7,-1,-6,handPeace
-59,-7,14,38,93,-2,-6,-16,-22,-10,-1,16,39,26,5,-8,handPeace
127,9,0,0,-9,-18,-12,15,-14,6,6,-5,-9,-4,-2,-1,handPeace
-29,-4,-9,5,5,4,-4,-11,-6,-6,-6,-8,-25,-8,0,2,handPeace
-27,-2,-20,1,7,-7,1,0,-2,0,0,0,23,9,4,1,handPeace
48,3,20,30,37,8,2,13,0,-2,-2,4,3,-5,0,4,handPeace
-9,2,-25,-49,-23,-23,-22,-19,0,-1,-5,-20,-17,-46,-22,-12,handPeace
-12,-3,3,4,16,27,8,1,41,1,12,-20,-31,41,3,18,handPeace
3,3,-3,21,24,5,4,3,-2,1,2,-5,-15,3,3,-1,handPeace
-35,-5,-11,-13,-18,-20,-13,-10,-18,5,8,2,19,9,5,-1,handPeace
17,-9,-4,5,-5,-5,-5,1,25,-3,-7,-24,-30,-5,3,9,handPeace
-9,-5,1,-4,3,0,-3,-6,-23,-14,3,65,83,6,-14,-17,handPeace
-12,1,-1,-13,-22,-16,-17,-17,-10,-6,-5,-2,-15,-15,-10,-8,handPeace
50,4,-4,-6,0,9,8,13,-5,-6,-5,-7,-8,-1,-6,-6,handPeace
-12,0,-5,-6,0,7,1,-5,-7,1,10,40,80,23,8,0,handPeace
-2,1,1,-9,-4,-9,0,0,17,8,7,-9,-28,7,6,16,handPeace
2,-1,-8,4,0,-31,-9,0,0,-13,3,14,11,13,4,3,handPeace
-21,-14,-32,-67,-68,-35,-27,-22,6,5,4,-53,27,3,9,25,handOk
1,3,12,106,93,14,-11,-23,21,20,32,127,49,8,12,16,handOk
-17,-28,-30,-73,-103,-29,-13,-19,-1,-5,-25,-128,-121,-27,-11,1,handOk
-14,1,-4,60,94,20,-5,-8,-17,-34,-33,-100,-55,-27,-23,-19,handOk
36,31,24,32,20,14,9,14,-7,25,9,28,13,18,11,12,handOk
8,-93,-14,25,53,2,5,5,7,-26,-20,-88,-99,-27,-14,-39,handOk
2,11,5,-62,-91,-29,-8,-1,20,-27,5,55,42,10,15,27,handOk
6,7,5,31,42,27,16,9,-4,-39,-10,-38,-63,-34,-15,-10,handOk
1,53,35,112,101,53,16,5,-5,-8,0,-103,-58,-14,-8,-8,handOk
10,14,30,89,8,19,22,3,-1,23,19,127,41,12,2,1,handOk
-8,10,-25,-97,-65,-12,-20,-16,-1,7,-1,-128,-70,-32,-7,-2,handOk
1,-43,1,12,61,4,5,1,-7,-11,-16,-29,-37,-32,-15,-6,handOk
11,53,-1,13,-22,-5,-2,5,-3,1,14,-31,17,21,1,-3,handOk
-8,5,-4,28,-7,-14,-6,-1,2,0,-1,7,58,57,22,8,handOk
4,2,7,26,35,6,5,3,-3,-3,6,99,80,30,7,-3,handOk
-5,-3,-8,-56,-92,-35,-15,-6,3,0,-9,-88,-74,-30,0,7,handOk
-1,-4,-12,-29,-37,-18,-9,-1,-4,-2,9,-70,-43,-18,-12,-2,handOk
-2,-7,-19,53,-44,-31,-22,-8,-7,-10,6,12,45,7,0,-3,handOk
-3,0,12,-88,-86,-1,3,-3,-2,15,-1,-2,-11,-10,-4,1,handOk
-8,3,-11,-6,26,6,7,-1,3,13,3,-1,4,5,-1,-3,handOk
5,-23,11,35,25,1,2,7,0,-3,2,24,13,2,1,0,handOk
2,1,12,15,28,8,4,0,2,-5,0,0,28,9,3,-3,handOk
-3,-3,-1,1,7,4,0,-2,-8,-3,6,-14,-16,1,-4,-6,handOk
0,1,7,77,8,5,2,-1,-4,-13,-17,24,9,5,4,4,handOk
17,13,7,-4,-21,-9,-6,-3,1,-2,6,-41,-28,-6,-3,-1,handOk
-2,-4,-7,14,-11,-8,-5,0,0,-1,-4,23,-31,-20,-9,-3,handOk
-2,3,21,-1,8,-14,-9,-3,0,0,-5,-21,-26,-21,-11,-5,handOk
3,2,2,8,15,-3,10,5,-1,0,-4,7,-1,-13,-5,-1,handOk
1,-4,6,-72,27,91,49,9,1,-4,6,20,-2,-15,-7,-1,handOk
3,3,5,-20,7,4,3,1,2,0,-13,-24,-8,-6,-1,-1,handOk
-1,-1,5,-24,-21,-18,-2,-1,0,2,0,11,14,-5,0,3,handOk
-4,-7,-25,35,40,9,-2,-3,-7,-8,-12,-6,-11,6,-6,-8,handOk
-7,-5,0,-14,-12,-8,-6,-8,2,-2,8,4,-15,-15,-10,-2,handOk
2,0,-12,2,14,16,18,3,0,5,17,10,-1,0,4,1,handOk
0,4,10,19,-1,-33,-5,0,-3,-8,-63,-1,-7,-8,-6,-4,handOk
-1,-9,-10,-11,5,-1,4,0,-4,-9,-15,-24,0,-11,-8,-4,handOk
-1,0,-3,-3,-3,18,-9,-3,-3,-3,8,-10,-15,-16,-10,-5,handOk
2,2,6,-82,-20,-7,1,1,3,0,-2,-19,8,-1,1,2,handOk
-5,-2,-20,36,6,11,1,-1,-3,-3,-3,9,-30,-10,-11,-4,handOk
-5,0,-8,-46,0,-5,-8,-4,1,1,1,-1,8,-13,-1,-1,handOk
-1,1,14,23,10,13,13,3,-3,1,5,8,26,10,3,1,handOk
-2,2,-9,-5,-3,-18,-13,-5,-5,-6,-15,-10,-6,-23,-14,-4,handOk
1,0,-1,32,32,34,22,4,-1,-5,-9,-13,-3,21,2,-1,handOk
-3,-7,-24,-45,-25,25,7,3,1,1,0,5,3,2,-3,-2,handOk
6,1,4,-20,-11,-13,-7,-1,-1,2,9,17,2,-12,-2,-3,handOk
-2,-4,-8,-48,-4,8,-2,-3,-4,-3,-9,-7,-2,-16,-19,-5,handOk
6,4,2,-1,0,-8,4,5,3,4,15,0,1,2,20,7,handOk
-4,-5,-8,-5,-9,-30,-22,-8,-1,-6,-28,-15,-7,-10,-9,-6,handOk
1,-1,-2,1,8,27,19,6,-4,-4,4,18,-27,-28,-16,-8,handOk
4,1,10,-17,15,16,16,6,2,3,9,-8,5,-6,-6,-5,handOk
-4,-7,-40,-5,26,10,-3,-3,1,4,4,-9,15,28,13,3,handOk
2,1,3,-8,-33,-23,-8,2,-2,-8,-15,1,10,-13,-9,-3,handOk
-4,-4,9,23,-7,-9,-10,-3,-2,-2,-10,-19,-8,-4,-3,0,handOk
1,1,9,21,38,28,15,4,-1,2,7,4,-14,-12,-3,-3,handOk
