33,40,21,64,-3,25,17,6,25,22,19,-3,-44,-128,-84,-14,handClose
19,22,11,-6,-10,6,10,7,13,-7,-15,-37,-113,-72,-47,-14,handClose
24,1,5,82,11,60,31,12,-42,-2,3,-8,8,15,17,-2,handClose
-128,-17,-10,-46,94,-47,-49,-34,48,64,83,15,1,10,-22,14,handClose
-78,-48,20,-33,-120,3,31,-14,-1,33,27,-53,28,-56,-20,2,handClose
-8,-6,94,127,57,120,48,-1,55,18,-19,6,-2,0,-2,15,handClose
41,10,1,1,15,-76,-33,20,-90,-49,-94,-128,-125,-9,-8,-43,handClose
47,31,-36,-102,13,-4,-19,7,-45,-20,-30,-55,-28,-44,-30,-15,handClose
62,4,18,127,127,52,67,25,12,-4,-19,3,-9,127,46,9,handClose
-24,-7,-2,-123,-84,-21,-21,-10,4,33,53,-33,-11,-128,-55,-10,handClose
42,23,-9,-4,87,9,16,24,12,-1,0,78,-3,2,8,12,handClose
58,67,16,57,45,27,21,6,-38,15,101,127,101,-25,-22,11,handClose
-26,-53,-30,-103,-100,1,1,-34,21,9,-31,-32,8,52,19,14,handClose
-52,-15,12,90,57,48,24,2,116,70,6,1,-29,-83,14,34,handClose
18,-33,-49,-110,-52,7,9,1,-90,-28,-42,-87,-96,-47,-23,-52,handClose
3,21,14,-2,49,19,-3,11,29,8,3,39,11,76,32,21,handClose
32,22,18,-109,29,-1,-6,6,13,31,80,48,-4,16,17,12,handClose
-13,30,60,127,127,65,6,9,-15,-5,-16,7,-20,-74,-52,-22,handClose
57,59,3,-128,-63,-15,9,30,14,-20,-52,-128,-120,21,24,-4,handClose
-128,-123,-31,40,-32,22,0,-61,36,46,9,18,-3,18,-8,-6,handClose
97,38,47,-128,17,9,47,51,13,7,-2,-128,0,41,19,-1,handClose
-128,-128,-24,-109,-37,-128,-128,-109,14,7,-38,83,-57,13,-17,-5,handClose
15,37,37,127,14,53,25,11,127,127,94,127,89,70,62,71,handClose
45,24,9,-3,42,49,19,15,11,1,-41,-45,-51,9,21,5,handClose
19,-1,-25,-43,-57,-14,-1,-1,33,11,-3,44,98,71,41,35,handClose
84,-24,-26,-1,-24,127,28,-6,-12,-7,8,4,8,-28,-37,-24,handClose
-46,-36,-23,-91,-3,-101,-60,-34,14,47,23,-103,0,-14,-5,21,handClose
32,22,1,15,37,21,4,17,-34,-7,-10,61,64,-17,-24,-19,handClose
53,26,-9,-29,-18,37,37,24,-108,-54,16,127,-35,-7,-19,-25,handClose
-19,32,24,75,9,-40,7,-10,-20,24,9,-70,-10,-35,-22,-8,handClose
19,13,-84,-128,56,17,2,11,21,-28,-2,-56,2,2,-1,11,handClose
-4,-10,-19,127,24,40,11,8,-70,5,53,107,127,-32,-18,-24,handClose
5,-37,18,-57,-26,3,29,14,41,0,-25,-29,-15,11,-42,20,handClose
-128,-64,-34,-35,5,-53,-21,-46,-57,-3,-26,-23,22,48,-4,-17,handClose
-46,11,-4,-5,27,1,-8,-14,95,51,11,-82,-59,-35,16,33,handClose
58,42,5,19,43,66,40,18,58,33,15,73,35,-5,8,20,handClose
13,-28,49,-17,-24,-43,-28,-5,-55,-64,-41,-103,19,-23,-29,-28,handClose
-11,9,-42,-79,-37,103,57,10,43,25,14,72,84,43,54,28,handClose
38,-31,8,22,41,-99,-44,1,-2,0,-29,-58,-55,-21,-12,-10,handClose
-91,-59,23,76,10,20,0,-17,56,51,-20,-58,-65,78,38,23,handClose
14,14,11,-12,-15,26,13,4,-44,-20,-13,13,33,-47,-24,-12,handClose
36,18,48,-16,13,35,29,11,-51,-39,-12,-16,-100,27,25,-15,handClose
15,5,-11,-24,44,32,20,17,12,31,2,48,15,-23,-12,4,handClose
53,26,9,45,-58,-22,-25,-17,10,21,46,-13,-39,-7,19,2,handClose
-26,-14,-28,-82,23,-12,11,-9,55,9,13,64,34,-51,-79,6,handClose
26,28,25,-3,-61,-84,-55,14,-29,-9,17,52,78,34,20,-4,handClose
-21,21,71,16,47,24,15,1,9,-5,-40,-91,-84,78,39,-3,handClose
3,-1,-15,34,-20,5,6,-5,39,39,19,19,11,18,13,18,handClose
18,19,-28,70,124,72,35,21,-124,-104,-39,-55,-39,-35,-45,-48,handClose
32,34,-69,-74,28,-68,-39,-14,-41,-8,24,86,3,-33,-22,-9,handClose
-81,-64,52,72,100,-24,-44,-14,42,2,-9,-24,33,53,38,23,handClose
28,30,21,11,-10,31,20,18,44,32,28,66,-2,13,13,12,handClose
16,-1,-43,-37,-47,17,12,6,17,-2,36,-1,-22,-26,-27,-1,handClose
1,5,-4,-87,4,82,41,10,-25,-10,-26,6,-11,-17,-8,-8,handClose
-7,-11,-5,-28,-126,-121,-65,-16,-1,-3,-12,4,-4,0,-2,0,handClose
1,-10,-37,-19,-9,-6,2,3,0,-22,-81,12,5,-1,0,0,handOpen
20,18,21,56,5,35,1,4,11,12,27,-26,-17,3,1,4,handOpen
-36,5,8,16,2,-6,-7,-18,26,51,113,82,29,-5,5,15,handOpen
26,34,-44,-10,-6,34,18,20,-4,-20,-122,-80,-11,-7,-1,-5,handOpen
20,29,16,97,-89,-18,8,18,6,19,98,90,-1,-7,-4,-1,handOpen
-8,-57,-115,-128,107,-37,-12,-14,40,27,-78,-21,-14,-6,-5,-1,handOpen
7,19,49,22,50,60,9,10,-94,-83,-25,-4,-9,-13,-5,-23,handOpen
79,69,10,-14,-1,-19,11,37,15,-5,11,48,4,-4,0,3,handOpen
-48,-14,24,-1,-6,-8,-12,-39,-11,19,-44,-29,9,-8,-8,-7,handOpen
-32,-18,1,5,8,0,1,-8,23,-58,-70,-1,-6,0,-3,5,handOpen
25,9,19,-5,-2,0,2,12,-6,127,127,43,27,13,3,2,handOpen
10,10,34,19,-9,37,4,5,8,-19,-57,-34,-12,2,1,6,handOpen
-13,-37,-48,0,-4,-16,-5,-6,4,-3,19,14,16,3,0,-3,handOpen
-4,-79,-100,-53,-9,5,6,1,1,-15,-52,-8,-14,-13,1,-4,handOpen
11,25,28,-36,48,19,9,5,3,14,17,2,12,9,5,1,handOpen
20,-13,21,46,10,5,4,9,-4,-21,-20,-1,-20,-7,-4,-2,handOpen
-33,21,-32,50,5,-2,-7,-21,-24,-77,-47,-42,-9,-7,-8,-14,handOpen
-2,9,27,-64,-9,-4,0,-2,-9,-49,-30,27,12,19,7,4,handOpen
-2,-38,6,16,0,-3,-6,-1,3,16,11,14,-13,-13,-2,-2,handOpen
-8,-2,25,47,45,10,3,-4,25,-13,-62,-87,-17,-6,-5,2,handOpen
-23,-55,-128,7,-34,-31,-13,-14,-5,-4,-21,2,-12,-5,-12,-13,handOpen
35,94,127,-21,-22,-21,12,24,-14,-4,-10,9,-1,-1,-2,-9,handOpen
19,39,116,5,-7,-8,-6,2,6,1,-8,25,-1,5,4,1,handOpen
3,10,15,25,-3,1,3,1,-17,-128,-99,-43,1,6,-6,-10,handOpen
24,-16,-39,-9,-9,-3,-5,0,11,87,66,47,15,11,9,9,handOpen
-69,-4,-18,20,11,-6,-8,-24,5,-37,-81,-39,94,13,-1,0,handOpen
10,-12,40,14,-56,-12,-3,7,27,-5,-16,-35,-1,5,3,9,handOpen
7,72,42,-20,-11,-6,-4,-6,-6,-53,13,127,38,45,10,-5,handOpen
-38,-69,16,6,-2,-5,1,-7,42,1,-59,-62,34,29,14,26,handOpen
-5,-38,-29,-21,-27,-21,2,-1,1,-38,-100,-25,-9,7,-7,-5,handOpen
32,44,14,78,65,51,20,18,-16,28,122,37,3,-6,-4,-7,handOpen
5,-24,3,-47,-24,-10,0,1,6,1,17,-12,7,2,0,4,handOpen
-55,-62,-80,-46,-12,-4,-15,-38,44,72,29,-26,-4,-3,-1,9,handOpen
-16,28,-18,2,1,-2,-5,-6,22,1,-23,68,4,12,5,7,handOpen
22,35,-36,-6,37,-14,8,13,17,19,40,-33,-13,-14,-5,3,handOpen
-15,-37,-81,-7,66,4,-3,-8,-7,-93,-34,26,28,6,2,0,handOpen
5,6,-42,-33,-91,-16,-2,-1,11,73,61,-13,-8,0,-3,0,handOpen
-6,-2,81,12,7,3,-1,-3,-31,-6,-1,-20,-9,-3,-5,-11,handOpen
19,-30,-37,-19,-12,-2,2,6,-6,-28,-62,35,-6,-4,-1,-5,handOpen
10,15,-4,-53,-16,-8,-7,-1,1,-20,-67,19,13,15,-1,-3,handOpen
-42,-49,-4,49,-12,-4,-5,-14,28,56,85,0,-4,-8,4,7,handOpen
5,-29,9,-41,14,-1,1,6,-6,-15,-69,-28,-37,-13,-10,-7,handOpen
13,16,19,-7,7,49,0,1,74,55,127,9,2,14,8,26,handOpen
26,36,6,-10,5,10,7,13,-117,-2,34,-29,-21,-6,-10,-38,handOpen
3,-12,6,0,4,13,-5,-1,4,-67,-55,47,32,2,3,4,handOpen
7,-13,-51,10,3,-3,-4,-1,-23,-65,-102,-11,-5,-2,-12,-13,handOpen
3,33,104,23,6,-6,-2,-1,18,47,93,35,-1,0,12,11,handOpen
-5,-28,-43,2,-3,7,-3,-7,-9,-46,-128,-26,7,0,-3,-4,handOpen
4,-22,-52,-26,-25,-12,-6,-4,20,87,127,58,0,1,6,12,handOpen
7,-32,-36,7,-7,1,6,6,18,29,-21,6,-5,-5,4,11,handOpen
-56,-41,-23,-1,6,-6,-10,-18,7,-13,-55,-46,-10,-20,0,2,handOpen
11,-32,-65,-8,-7,-6,-4,0,5,1,51,46,-6,-1,-1,-1,handOpen
-43,5,27,0,0,-6,-5,-19,8,8,34,-13,-8,-4,3,4,handOpen
-1,11,16,4,1,-7,-4,-4,-5,-31,-37,0,6,-9,0,-1,handOpen
20,-15,4,20,8,10,10,14,-8,-20,-40,-12,-9,-11,-7,-6,handOpen
1,21,0,14,10,6,2,1,3,14,22,33,2,-12,-8,-4,handOpen
0,-7,-23,-15,-2,0,-2,2,5,2,-8,-9,1,-2,-1,1,handRelax
17,8,22,-3,-1,-1,4,6,-16,-12,18,0,-1,-1,-1,-6,handRelax
-6,-1,-6,-2,2,0,-1,-3,3,0,-5,1,-3,-2,0,-1,handRelax
-5,-4,-35,-2,-2,-3,-4,-7,6,-4,-4,-3,-2,-3,-1,-2,handRelax
-13,-3,26,-1,-1,3,-2,-1,5,3,5,0,0,0,0,3,handRelax
5,5,4,1,0,-1,0,1,0,14,-1,-5,-4,-1,-1,-5,handRelax
-13,-7,6,0,-1,-3,-3,-5,3,-3,-3,1,2,-2,2,0,handRelax
-21,-2,12,13,1,-2,-3,-9,1,-12,-1,-4,-2,0,-2,-1,handRelax
16,2,-19,-14,1,0,0,4,2,11,-5,8,0,1,-3,-1,handRelax
-20,-13,-6,-19,-7,-5,-4,-2,6,3,-2,-16,-1,1,-1,1,handRelax
6,-3,13,32,3,0,1,1,5,-14,-10,-6,-6,-3,-5,-3,handRelax
-5,-3,-4,1,0,-1,-3,-7,-3,-19,-19,-2,1,-2,-1,-5,handRelax
3,-1,-17,-5,-1,-3,-1,3,1,20,9,-2,-1,-2,-2,-1,handRelax
3,-12,5,-6,1,-1,1,0,6,-4,-4,-1,1,-3,0,1,handRelax
4,2,0,-1,-4,-1,-3,2,8,1,-7,-8,-5,-1,-1,4,handRelax
-1,-15,-8,-5,-4,-3,-1,-2,9,10,-4,6,-4,0,0,-1,handRelax
7,2,-13,-1,-1,1,2,3,-18,-25,21,-4,-3,-4,-1,-4,handRelax
3,5,14,2,-1,0,-1,5,6,5,-10,9,0,1,-1,-1,handRelax
-11,0,-4,1,-2,1,-1,-6,5,5,-4,-1,-5,-1,-3,2,handRelax
-4,-4,-4,2,2,2,-2,0,7,11,7,-4,-1,-2,-2,-3,handRelax
-4,0,10,-1,1,0,-3,-4,-4,-4,9,-4,-4,-2,-3,-2,handRelax
7,12,19,6,0,0,-1,2,3,-2,-8,9,1,0,1,0,handRelax
0,2,1,-1,4,-2,-3,1,3,-2,-6,-14,-1,0,0,-2,handRelax
-20,-6,-12,-18,0,-2,-3,-10,-5,-8,-10,3,-3,-3,-2,-6,handRelax
-11,-7,20,11,-2,-1,-1,-4,-6,-7,2,-8,-2,-1,-2,-5,handRelax
4,4,-19,-3,-1,1,1,1,-1,-5,-14,-10,-4,-2,1,-1,handRelax
-1,0,-5,0,0,4,-1,1,11,-5,6,6,2,4,1,4,handRelax
-3,-4,2,6,-5,0,-1,-3,5,-2,3,0,1,-2,-5,1,handRelax
9,-6,6,-23,-2,-2,2,1,6,5,-16,-3,-1,2,-2,-1,handRelax
-25,-5,7,3,-1,-1,-5,-3,-14,-5,3,-14,-1,-1,-1,-1,handRelax
0,3,-3,2,-2,-2,-5,-2,1,26,24,13,-1,-1,1,-2,handRelax
-15,-12,-22,-5,1,-2,-1,-2,0,-12,-10,-5,-4,0,-1,3,handRelax
4,4,2,3,3,-2,-1,2,11,-5,-15,-1,-1,2,2,0,handRelax
1,1,9,2,-2,-2,-3,-1,-12,7,17,3,0,-2,-1,-4,handRelax
3,-1,-5,-1,-2,0,-3,-1,18,6,6,0,-1,1,0,5,handRelax
-2,14,-7,2,0,-3,-1,-1,2,1,0,-1,-1,-2,-1,-1,handRelax
3,-2,-5,-3,1,-1,1,3,3,3,-1,15,-1,0,-5,1,handRelax
1,-8,-15,-3,-4,-2,0,0,-5,-12,-45,-53,-13,-2,-3,-6,handRelax
-2,9,4,-1,2,-2,-4,0,-8,-15,68,19,3,0,-1,-1,handRelax
-16,-6,-1,0,0,0,0,-4,-1,-7,-3,11,2,-2,-1,-2,handRelax
-20,-8,0,-2,0,-2,-2,-6,1,3,-2,-20,-1,-3,-2,1,handRelax
15,6,2,1,2,3,4,5,-9,-12,8,-10,-3,1,1,-3,handRelax
0,3,4,-1,0,0,1,1,7,15,5,12,1,-1,-3,0,handRelax
-7,5,17,-7,-3,0,4,-2,-6,-10,-19,-3,-3,-5,-2,-5,handRelax
10,-1,4,2,2,-2,0,2,3,6,26,2,-1,-2,-1,0,handRelax
12,1,-7,3,-1,2,0,-1,4,11,-5,-4,0,-1,1,-1,handRelax
-26,-6,-12,-5,-1,-6,-11,-17,-1,-10,-10,4,-1,-3,-4,0,handRelax
-4,-7,-9,-20,-4,-1,-2,0,3,-8,-18,-13,-2,2,1,1,handRelax
2,5,2,2,-4,-4,1,-1,12,2,2,-4,-1,-3,-1,4,handRelax
-3,5,-4,-4,1,0,-1,0,-15,-3,-10,-6,-1,0,-2,-3,handRelax
6,-4,-14,-9,-5,-4,-5,-2,8,7,23,14,-2,0,-1,2,handRelax
6,3,-31,-3,4,0,2,6,8,10,6,4,0,-1,3,2,handRelax
-5,-8,27,3,-2,-1,2,-3,-7,-2,-3,-1,0,-2,-1,-2,handRelax
1,3,22,-8,-3,0,-2,2,1,-10,-10,-2,-4,-1,-2,-2,handRelax
-38,-99,-128,-65,-72,71,4,-20,45,-30,-128,-82,8,127,47,22,handRock
43,104,127,59,62,59,49,48,51,54,85,6,41,127,119,49,handRock
-13,-24,-128,12,-7,-16,-76,-67,-14,22,127,15,-28,-128,-128,-15,handRock
-10,-99,-128,-60,-36,38,26,-9,2,-27,-128,-19,-3,47,9,7,handRock
-3,127,127,68,37,-49,-12,9,21,62,127,37,19,32,-2,13,handRock
-24,-95,-128,-43,1,127,-5,-26,67,56,48,30,22,91,56,37,handRock
42,90,127,53,-15,-128,96,65,-75,-41,-33,10,22,84,48,-27,handRock
21,91,74,44,78,84,27,-6,14,-74,-78,-46,-11,-128,18,38,handRock
-39,-126,-128,-57,68,15,3,-13,2,-19,-8,22,-10,26,-47,-16,handRock
30,88,51,-13,16,68,47,-3,-3,-25,-117,-13,-51,5,39,13,handRock
45,34,-11,17,27,101,-9,8,-14,-49,-128,-53,0,-22,-73,-42,handRock
1,-94,-128,-69,-22,-29,25,-10,3,-11,19,13,-39,-28,-5,12,handRock
-31,13,126,49,22,-50,66,29,3,-22,-128,-28,-14,-11,-20,-14,handRock
8,35,117,32,-64,-7,4,10,38,111,127,84,12,-80,-54,6,handRock
1,-9,-120,-7,-2,33,7,5,-15,-60,-125,-24,-9,6,11,1,handRock
-10,-12,1,-1,-18,-116,-55,-15,-2,28,85,-3,-8,5,10,-3,handRock
-38,-112,-128,-78,-33,49,8,-20,-10,-3,-40,3,9,50,11,-3,handRock
-5,-48,32,-45,-30,-85,-98,-23,1,-17,30,15,12,70,42,5,handRock
-49,38,98,42,15,-13,47,-12,-2,-3,-128,-14,17,-24,31,7,handRock
3,-3,-32,1,-20,11,21,10,-6,17,-15,36,37,-85,-67,-47,handRock
0,4,6,-24,-1,6,-6,-3,-9,-5,80,-31,-7,72,-21,-20,handRock
30,41,105,44,10,8,-4,35,24,50,127,22,22,-10,-2,11,handRock
-20,-21,36,-14,-7,5,-29,-11,-13,-49,-105,-26,-9,26,-51,-25,handRock
-27,-31,-66,-11,-5,-4,-6,-16,25,43,127,29,7,-76,38,25,handRock
-18,-48,-128,-31,-14,-27,-22,-18,-39,-100,-92,-59,-94,-33,-25,-21,handRock
8,96,127,19,-1,95,48,26,-32,-105,-128,-49,3,9,23,-13,handRock
24,100,127,64,52,-38,-40,-26,5,40,127,28,-14,23,7,0,handRock
-28,-113,-128,-60,-46,-126,-106,-29,8,-7,-52,-13,16,71,1,2,handRock
33,70,127,44,23,13,12,26,-29,-34,12,-20,-24,-128,-64,-16,handRock
-16,-48,-128,-7,0,14,-1,-7,54,127,127,81,30,71,36,28,handRock
22,97,127,13,-31,30,5,2,-71,-100,-128,-17,-4,10,5,-11,handRock
8,-20,-120,12,39,-53,-18,6,37,80,100,3,-7,55,26,18,handRock
-24,-83,-128,-62,-28,-5,-9,-25,11,-25,43,-5,-14,-128,-68,-8,handRock
-41,-14,20,3,-9,-42,-99,-31,-15,-75,-128,-28,-13,-4,-50,-26,handRock
22,9,-20,-9,-1,41,120,20,7,84,127,16,-9,-27,43,15,handRock
-15,-99,-128,-63,-13,10,0,-12,5,0,48,17,9,10,0,7,handRock
28,85,127,62,29,12,2,14,-13,-44,-50,-35,-13,-5,-13,-9,handRock
2,-11,0,5,-18,-10,-9,-3,-10,-8,41,-12,-19,-128,-57,-6,handRock
4,-24,-89,-41,-9,-10,-17,-7,12,51,122,45,16,32,6,7,handRock
24,63,127,49,2,45,27,16,-9,-51,-128,-24,-8,23,13,-2,handRock
-13,-56,-128,-29,-7,56,14,-5,21,52,101,13,6,23,12,8,handRock
-18,-68,-128,-32,-10,32,31,-7,13,51,127,42,5,-8,9,8,handRock
7,94,127,39,15,-17,-14,9,-12,-61,-128,-47,-19,-15,-18,-13,handRock
0,-22,-47,-3,-20,-13,2,4,16,79,127,41,13,36,20,15,handRock
-20,-64,-128,-30,32,30,-1,-11,-7,-10,-76,-6,36,44,12,-6,handRock
-26,-76,-128,-44,-24,-38,-30,-19,7,-11,-66,20,10,15,11,9,handRock
36,127,127,52,-3,-65,-29,19,1,-59,-128,-31,-12,-2,4,0,handRock
-10,-47,-128,-25,-4,29,6,-5,-41,6,125,-15,-6,-14,-13,-26,handRock
12,60,127,20,14,26,12,8,15,6,-1,19,7,1,8,12,handRock
1,3,6,-5,-4,-7,-3,-2,-43,-47,13,-10,-45,-116,-42,-38,handRock
1,-9,-27,-7,-7,-10,-7,-3,12,-15,-128,-14,2,27,27,10,handRock
13,-8,-35,-8,1,21,14,4,20,55,25,15,-6,40,16,3,handRock
2,13,30,-1,10,5,-5,6,-8,-39,13,-11,22,-13,-36,-13,handRock
26,75,127,38,10,-6,26,21,-2,-12,-128,5,4,-4,-8,-11,handRock
28,64,-12,-6,-4,48,58,54,-1,-19,9,-1,-41,-128,-9,-9,handPeace
22,38,26,-13,-12,-4,-4,14,12,-113,88,24,54,60,14,3,handPeace
33,9,33,32,-64,-15,-20,8,-86,127,-58,7,11,9,14,1,handPeace
-6,25,50,22,127,93,65,-3,-1,104,21,11,-17,46,27,16,handPeace
-21,-33,22,63,0,-87,-60,0,12,-78,-70,-24,113,55,23,17,handPeace
-64,-128,-24,-56,24,33,-2,-9,2,-17,6,-7,-4,96,50,2,handPeace
35,112,-102,-20,65,28,7,12,32,59,67,9,-62,-128,-63,-6,handPeace
8,-128,-59,-16,-24,44,34,13,-9,-24,24,-22,-33,74,20,-9,handPeace
5,116,41,29,127,-128,-8,-1,-5,-128,-100,-10,8,-100,-37,1,handPeace
-3,-43,23,18,-24,-36,-19,4,-2,97,24,-9,-65,-2,-5,-18,handPeace
-16,34,39,18,-7,-47,-43,-18,-4,0,-56,-25,22,96,26,-13,handPeace
28,-39,-101,14,-10,12,6,17,-49,-128,-92,-5,-64,51,8,-5,handPeace
11,-23,48,-3,0,34,27,7,25,127,-76,-75,-12,-88,-38,-8,handPeace
-7,27,90,86,-85,-5,0,-8,30,24,46,38,5,-11,-26,9,handPeace
57,39,-15,55,25,3,23,29,-15,-21,-10,-51,-42,-12,6,1,handPeace
32,36,122,-128,10,70,26,14,-3,96,45,28,23,6,5,0,handPeace
-28,-119,-117,-11,3,-53,-32,2,18,64,-31,-20,-76,7,7,0,handPeace
-49,-128,-106,-7,-112,127,27,19,-6,-63,32,16,21,8,9,-7,handPeace
27,-38,21,31,53,-21,9,11,9,100,49,9,-7,-50,-40,-18,handPeace
27,127,67,2,-20,11,17,-1,-8,-64,17,-47,-14,-21,-11,-8,handPeace
-32,-121,-99,-6,-4,-38,-5,-3,-14,-28,3,7,9,-22,-18,-9,handPeace
-34,70,-27,-33,-13,3,-4,-12,-18,36,72,26,-17,-7,4,5,handPeace
-9,18,31,40,7,15,9,-1,54,-97,-103,-20,21,47,32,32,handPeace
7,-37,19,19,13,-8,3,9,28,127,87,104,-11,-103,-30,14,handPeace
13,-54,-27,-30,-12,18,-12,1,-2,-128,-54,-23,16,11,17,2,handPeace
-12,-30,-32,0,41,-33,-23,-6,13,76,-2,-7,25,20,0,3,handPeace
1,58,44,-6,-31,-77,-4,-9,12,24,30,17,16,56,17,-3,handPeace
40,2,-28,-12,-21,7,-3,16,-24,-99,-4,6,-2,1,0,-9,handPeace
-10,-106,-45,-11,4,19,23,6,26,63,30,14,65,2,6,13,handPeace
5,-6,-2,-1,-11,-127,-72,-5,25,50,11,-5,3,56,38,6,handPeace
-6,10,-9,-19,-14,14,7,-5,14,-2,30,11,12,25,35,18,handPeace
-7,45,37,8,-1,-4,5,-7,-15,-77,-54,-7,-5,25,9,-5,handPeace
1,-52,-11,16,-4,-69,-50,-5,55,98,45,21,19,35,27,33,handPeace
-7,-89,-47,15,-23,21,0,-2,0,-27,1,-16,-2,21,10,3,handPeace
18,65,70,32,-84,-45,-2,7,-29,-68,-21,-13,-16,-51,-9,-11,handPeace
19,6,7,-36,-12,1,4,9,-4,-56,-16,-16,3,1,-8,-1,handPeace
3,56,5,-11,-2,-5,-9,-10,-24,-14,14,32,0,-8,-10,-14,handPeace
18,37,-13,-22,-10,1,4,5,10,17,0,-1,0,11,10,-1,handPeace
-6,-57,-10,-19,-2,61,56,7,-7,-27,12,20,23,-1,-17,-10,handPeace
7,20,24,16,-12,-67,-35,6,1,-5,-47,-40,-24,10,-6,-3,handPeace
-16,29,44,17,1,-12,-11,-12,23,45,20,19,12,20,8,10,handPeace
-24,-74,-42,6,10,10,2,-7,2,12,28,2,-1,-7,-11,-4,handPeace
-17,55,48,-4,-11,-12,-14,-20,-12,-4,-12,-8,-3,1,-5,-9,handPeace
11,-66,62,-32,49,25,31,32,-7,46,59,6,-21,-23,-9,-13,handPeace
32,34,-42,43,32,34,21,23,3,2,45,-6,-11,23,12,3,handPeace
-8,10,7,-3,75,59,21,-1,-7,37,3,-34,0,-12,-11,-4,handPeace
14,-27,-12,8,-7,-26,-9,11,-1,66,18,-3,-128,-15,-13,-10,handPeace
-33,13,44,-4,-18,-1,-10,-22,4,61,7,4,-3,22,10,-4,handPeace
38,-65,-35,18,18,21,19,21,-10,-90,-34,2,11,6,12,-4,handPeace
-12,-34,40,0,-40,4,4,1,-8,11,26,11,3,-57,-33,-6,handPeace
1,-4,-46,-19,2,-23,-7,-4,27,16,-11,-2,0,17,10,4,handPeace
5,-20,-6,-5,5,3,-4,2,7,-31,-3,88,9,0,3,12,handPeace
-11,28,-8,-12,12,-13,-9,-15,-16,-71,-21,-25,-16,-6,-9,-15,handPeace
-12,-4,36,-5,-13,-13,-11,-13,30,99,16,26,12,20,5,6,handPeace
-8,37,-5,-11,-5,-10,0,1,3,-42,-39,-9,-6,-1,10,9,handPeace
18,47,33,5,3,1,3,10,1,39,22,24,11,1,2,-5,handPeace
2,6,-20,15,127,58,6,-2,7,9,9,12,47,21,5,-3,handOk
-7,32,-25,-36,3,5,-8,-5,17,38,9,-10,-114,-84,-16,-8,handOk
27,105,117,55,1,5,36,34,-7,-3,-18,19,127,49,31,22,handOk
0,-11,-8,-6,35,48,-41,-27,-5,-127,-79,4,16,43,26,30,handOk
-6,-9,30,1,98,45,0,-8,-6,21,-49,-18,-122,-88,-16,-27,handOk
7,32,70,17,8,-4,-12,1,31,75,127,33,-96,-76,-9,10,handOk
-18,-81,-81,-9,-7,-62,-22,-23,-27,-2,-36,12,127,127,13,-12,handOk
-11,-15,-3,-27,-50,18,-14,-5,-14,-82,-85,4,-7,-21,4,3,handOk
-24,-81,-128,-17,54,42,20,5,20,31,-20,-7,3,15,-12,0,handOk
-32,-28,-119,5,3,-14,-17,-33,7,32,-38,-48,-80,-42,-14,-6,handOk
5,38,103,-10,-60,-53,-3,12,-8,-39,-74,-28,-31,25,-14,-14,handOk
8,-27,39,12,66,104,26,19,25,127,127,38,-32,16,14,18,handOk
19,115,127,65,41,76,1,-5,-15,-19,-24,-12,-90,-26,-9,-16,handOk
-9,-30,-28,17,40,94,-1,-1,6,-3,28,14,127,-3,4,8,handOk
13,58,33,21,52,-128,-7,0,-6,-28,75,-31,-84,-34,-21,-20,handOk
-32,-128,-128,-42,28,32,9,2,-10,-5,-8,10,-5,-53,-4,-3,handOk
28,32,112,29,-43,-4,8,15,-1,86,98,-12,-28,-11,-8,-9,handOk
-21,-128,-128,-8,-1,-3,-2,-10,4,-40,127,14,-23,21,8,10,handOk
14,24,40,28,12,-45,-22,-4,19,116,66,13,8,-1,1,6,handOk
2,-39,-69,-24,-32,27,10,7,-1,-17,-18,8,3,-33,-10,-10,handOk
-1,18,-128,-24,-12,-28,-6,0,-2,57,6,-23,-37,-21,-16,-11,handOk
-6,-128,-128,-2,32,20,12,11,-45,-47,-36,-6,-3,7,-7,-13,handOk
13,32,99,26,-23,31,12,6,-31,35,2,-11,-9,-11,-9,-19,handOk
3,-11,-13,8,52,-41,-3,-1,13,-11,-1,-10,-8,-2,-2,3,handOk
41,40,9,-4,2,-5,8,9,-20,-128,-128,-6,-9,15,0,-4,handOk
8,-7,-39,-15,-29,7,3,8,8,57,81,3,-39,-11,3,13,handOk
28,83,127,30,-3,-1,8,15,-12,-48,-71,-31,8,-19,-6,-5,handOk
0,14,7,-7,-5,-3,-1,-3,-1,-36,-13,9,6,-1,-7,-7,handOk
-11,-23,-65,-16,-15,-12,-8,-9,-7,-17,-110,-2,6,14,-3,-4,handOk
0,-6,13,-8,-10,1,4,9,9,-12,-22,-4,16,-4,6,9,handOk
-4,-46,-51,-3,20,8,0,1,14,-66,-72,-8,-2,-9,6,8,handOk
11,5,11,3,-48,6,-5,-3,-59,-29,-38,-5,-6,-4,-13,-29,handOk
-23,-108,-128,-10,-20,13,-1,-9,3,-3,-28,-21,-8,-1,0,2,handOk
7,44,127,13,-5,16,3,6,24,30,4,6,58,95,11,7,handOk
5,-45,-59,16,3,-33,-5,0,-3,-34,-42,18,31,11,11,10,handOk
7,-37,-24,9,-26,-7,9,10,4,-8,27,8,-3,-1,-8,-6,handOk
-14,19,37,-10,13,6,-11,-7,-13,-13,-33,-11,-19,-15,-4,0,handOk
3,79,33,-12,-28,-8,-10,-9,6,5,-52,-5,0,8,6,12,handOk
-8,-16,48,13,17,1,-1,-5,-11,-12,28,-11,-12,1,-11,-14,handOk
6,-10,-53,-3,2,12,-1,-2,-12,-128,-128,-11,14,13,6,1,handOk
-10,-10,-17,1,0,-28,3,-5,11,96,28,11,-14,-35,-1,-5,handOk
-12,-33,-55,-17,-20,-12,-8,-10,23,35,-43,33,68,5,6,11,handOk
0,-39,-38,-5,12,19,8,5,-10,-110,-55,-13,1,17,9,7,handOk
-3,-32,-57,-9,-14,-2,1,-2,-12,11,-10,-9,-12,9,-4,-7,handOk
-3,65,15,-36,-74,-24,-10,-9,4,2,1,5,4,-5,4,2,handOk
-9,-12,-16,-9,-9,37,1,-7,0,-3,-1,-7,39,21,-6,-4,handOk
0,29,-32,-13,-13,-55,-10,-5,5,81,113,9,24,82,15,8,handOk
-3,-73,-26,-9,-4,8,8,8,2,-28,4,10,-34,11,2,1,handOk
5,15,-7,19,-42,-24,-1,4,11,12,6,3,-33,18,7,11,handOk
9,10,-23,-3,-57,-19,9,6,8,20,54,7,-1,1,5,4,handOk
-1,18,61,-6,-12,-4,-3,-4,0,19,26,3,-2,4,0,-1,handOk
-3,16,16,3,-6,-9,-6,-5,-7,-9,-11,-11,1,-1,-1,-4,handOk
-15,-43,16,-1,-4,-6,-2,-6,12,-35,-23,-13,2,8,0,3,handOk
-28,-128,-128,5,6,-7,-6,-11,4,-39,-49,-4,0,2,1,4,handOk
-28,-5,-30,-128,-122,66,50,-2,-15,-8,-16,-35,-119,66,30,-3,handClose
127,127,72,110,104,127,127,127,-94,-8,12,127,117,35,7,-37,handClose
-128,-128,-68,-128,-128,-128,-128,-128,21,34,-7,-39,-128,127,125,14,handClose
76,126,-18,-35,-23,78,86,59,66,37,67,127,127,19,-28,33,handClose
-128,-128,24,-28,43,0,-69,-127,104,42,6,8,5,-66,17,50,handClose
21,56,7,-43,-42,-94,-74,4,56,54,77,127,108,127,91,29,handClose
27,22,13,-96,127,-64,-37,-5,-26,4,-15,31,103,127,110,2,handClose
33,53,-19,127,3,127,119,46,61,127,-66,-128,127,-128,-78,8,handClose
-50,-27,48,46,127,-24,20,-30,-128,-128,-29,-128,-67,-128,-128,-111,handClose
-122,-85,-32,-128,-88,-128,-128,-43,89,41,73,127,117,-128,-113,12,handClose
20,9,-62,-128,-128,127,127,11,-9,-2,10,71,44,83,57,21,handClose
-44,4,10,-128,-128,-128,-78,-50,-2,57,-15,-128,-107,41,32,4,handClose
0,-7,13,127,127,50,20,-36,36,57,-28,127,103,43,66,17,handClose
40,-1,31,-128,-38,35,49,71,-63,35,-11,104,127,-18,-15,-37,handClose
50,85,-1,-63,-39,81,62,20,45,44,-37,-128,-128,-39,-74,-5,handClose
-33,-47,14,122,0,-14,-74,-4,46,-8,69,14,-92,53,-13,9,handClose
35,54,13,-127,91,-108,-20,21,53,6,-10,-13,16,33,52,32,handClose
49,-1,-27,-128,-75,31,37,7,-105,-88,-91,60,17,-128,-128,-77,handClose
73,97,-7,89,97,127,49,2,14,17,50,-128,0,-47,-63,8,handClose
-128,-77,-19,-83,-54,-111,-38,-39,18,11,24,5,6,82,43,7,handClose
8,-7,-23,12,72,-14,-24,-17,-16,-15,15,71,127,-59,18,4,handClose
3,23,-28,-67,-85,127,82,14,-64,-21,-23,-128,-41,127,111,36,handClose
39,51,54,127,-85,-128,-128,-25,13,-5,-23,-71,-92,-128,5,7,handClose
26,-19,21,127,25,-128,-127,-9,25,20,16,127,74,54,3,8,handClose
0,10,18,127,127,107,58,-14,-4,-1,-15,-70,-66,113,90,11,handClose
19,35,-4,-23,43,-117,-109,3,86,64,101,127,127,-101,-77,13,handClose
-25,-38,-47,-128,-110,119,101,-43,22,-2,-36,-14,-55,66,40,8,handClose
33,-7,-19,-38,-6,127,50,1,6,3,-3,6,-83,18,12,2,handClose
-39,-19,-12,-1,-42,-128,-90,-14,25,31,-4,-35,12,39,31,26,handClose
-29,-33,4,20,76,85,25,-3,14,12,-7,-17,-33,-56,-28,-3,handClose
-9,-3,-3,-9,-14,-9,5,0,59,33,-17,-28,38,-20,-7,3,handClose
7,13,17,21,19,12,8,7,-114,-82,-8,56,29,8,4,-23,handClose
28,10,-6,10,13,1,3,5,18,12,-4,-46,2,2,3,7,handClose
-19,0,-5,23,-53,-12,-4,-6,-33,-14,-6,13,9,114,18,-21,handClose
38,35,10,37,23,37,32,13,96,-38,40,127,127,-128,-123,-21,handClose
15,13,2,-66,-128,-61,-15,1,15,23,-7,-128,39,79,46,26,handClose
-14,-5,3,119,34,-20,-16,-5,6,1,-8,-9,17,62,45,-1,handClose
-13,-14,-15,24,-25,-15,-1,-10,11,22,2,98,118,90,52,15,handClose
3,2,1,-128,-16,0,12,0,-44,-61,-44,-113,-128,-66,-30,-16,handClose
3,-28,-21,27,35,10,3,-11,37,43,32,66,-41,-76,-41,6,handClose
39,12,-17,-128,-46,26,57,31,-2,27,20,97,3,37,17,7,handClose
-42,-20,2,117,116,62,19,-1,-98,-17,-10,-61,96,-25,-51,-16,handClose
11,-30,-33,-84,-88,-128,-71,-24,-1,4,-2,8,-14,34,26,4,handClose
5,0,-9,-31,-17,13,14,3,25,20,-29,-124,-76,13,-4,-14,handClose
-17,-1,-4,-41,-39,-12,-4,-1,14,18,63,127,64,-2,21,39,handClose
-12,-11,-6,-44,-50,-6,-17,-12,19,0,4,-75,-21,-23,-30,1,handClose
-43,-20,0,96,104,-35,-5,-13,24,3,-16,-17,-7,7,13,7,handClose
-3,1,-11,19,17,10,16,5,-13,-1,-6,5,-2,7,4,-4,handClose
35,28,-54,-128,-50,127,110,19,-5,-2,-8,-2,-4,5,2,-3,handClose
-128,-128,34,-46,111,-128,-128,-66,14,13,-8,-29,-24,40,30,7,handClose
14,14,44,-22,-5,57,48,-8,4,4,-14,-27,-23,13,12,2,handClose
-20,12,-27,-82,49,76,56,6,0,-1,-18,-16,-21,-6,-2,2,handClose
-60,-54,23,92,2,-127,-81,-26,8,11,-11,20,1,22,2,2,handClose
-3,6,-2,10,-4,4,1,-1,2,-2,-3,1,-3,6,3,-1,handClose
-4,1,-1,6,-3,5,5,0,-1,-6,-1,-3,12,10,6,1,handClose
-14,-4,-79,-41,6,7,-12,-16,-11,-23,-15,2,3,-8,-5,-5,handOpen
11,34,118,127,11,5,14,13,17,-24,33,18,-27,-15,-9,-9,handOpen
84,41,-107,-51,39,1,9,24,-43,6,-58,11,24,-11,-13,-20,handOpen
-69,-67,33,115,12,0,-12,-29,44,44,-6,-5,65,39,20,33,handOpen
-49,-128,-128,-68,-71,-46,-33,-34,6,42,97,16,-46,10,-5,-7,handOpen
3,6,55,-4,13,13,4,6,3,19,-5,23,12,-29,0,2,handOpen
-40,-52,-60,-20,-35,-37,-23,-26,28,39,127,9,22,13,6,12,handOpen
15,-11,-128,-76,-92,18,13,15,3,7,-1,-7,3,4,0,3,handOpen
17,53,-14,3,-4,-7,-7,4,-28,-20,-15,-7,-16,-4,-4,-13,handOpen
36,124,127,62,34,10,20,28,-22,-34,-16,22,-13,-12,-10,-9,handOpen
24,11,-22,127,3,7,16,19,-70,-90,-128,-71,-13,-21,-24,-35,handOpen
2,-10,-35,-83,14,-31,-20,-12,15,-6,-128,-53,1,-14,8,7,handOpen
13,76,127,95,5,2,9,12,-5,10,5,31,104,43,5,-5,handOpen
41,-12,-11,-12,-14,-10,-12,-3,-13,-68,-58,-18,-45,-32,-11,-11,handOpen
-70,-44,-42,-10,-19,-15,-16,-18,-3,48,55,3,10,10,10,7,handOpen
-6,-22,47,32,-11,-8,-8,-9,3,-40,-7,38,-2,5,-4,0,handOpen
-11,-48,-60,-98,10,-1,4,3,5,101,127,-10,-2,4,5,7,handOpen
2,27,40,-40,-21,8,-2,-2,17,-40,-96,-12,8,8,3,4,handOpen
7,23,79,45,24,36,20,14,-35,-21,-36,4,90,-16,-18,-23,handOpen
33,-14,38,9,-3,-6,-6,-2,-7,-13,13,19,-72,-9,0,-2,handOpen
-47,-74,-80,-11,-22,4,-6,-13,-12,-1,-23,-37,-44,-5,-1,-5,handOpen
-8,-43,-62,-32,-12,-4,-1,-1,9,9,27,-8,4,3,-3,0,handOpen
7,32,-53,-57,-50,-1,-2,3,7,22,46,127,25,7,-2,0,handOpen
3,3,127,14,8,-26,7,11,-3,-4,-26,-12,-19,-3,0,-1,handOpen
7,6,-76,8,44,17,5,5,-10,-101,-77,-2,-7,-6,-8,-6,handOpen
-1,-27,1,4,2,-8,-4,1,56,46,44,-19,-6,-2,8,20,handOpen
-5,-6,23,-29,-32,-5,-8,-11,-128,-128,-128,13,6,-3,-13,-47,handOpen
-4,39,80,15,-5,-19,-17,-11,12,-30,-104,-9,113,13,3,2,handOpen
12,5,-37,24,-41,-5,-2,4,-47,10,127,48,13,10,5,-3,handOpen
1,30,-102,42,-16,-12,-9,-10,-17,-119,-128,-128,-128,-33,-18,-16,handOpen
-11,-44,-29,5,-16,-6,-6,-13,20,-2,114,120,33,-10,11,20,handOpen
12,69,103,4,-8,-3,2,7,36,101,127,53,23,-3,11,19,handOpen
-20,-76,-74,49,-3,-6,3,-1,1,-5,-36,-17,-8,13,-3,-1,handOpen
7,22,12,15,81,17,-9,-6,-13,-16,-38,-19,-3,-43,-10,-12,handOpen
25,52,117,25,15,6,4,6,5,-6,-46,-9,-32,39,6,4,handOpen
-12,-6,7,26,1,4,3,-3,3,-19,-25,55,3,10,3,6,handOpen
-2,25,-16,-92,-18,-14,-9,-10,16,11,29,-5,-8,-6,1,-2,handOpen
2,-3,-48,16,0,17,4,2,-52,-51,-33,-14,-19,-11,-11,-20,handOpen
-10,-6,43,-6,-24,-18,-6,-7,19,-4,-4,-22,0,4,2,10,handOpen
-1,6,-30,3,127,28,-2,-1,4,36,39,10,3,3,5,-1,handOpen
-3,-8,51,23,14,3,-6,-3,-3,1,1,-17,-11,-4,-4,-4,handOpen
-11,-48,-60,-49,3,13,-2,-5,2,-59,-74,-11,-3,-6,-8,-6,handOpen
14,39,41,3,-14,18,4,6,-7,14,38,3,-1,-2,0,0,handOpen
-8,-2,0,3,-3,-7,-8,-7,1,-6,-8,-7,-4,-4,-3,-1,handOpen
-5,-7,-10,-2,-4,0,0,-3,6,8,8,-1,-1,4,-1,2,handOpen
6,4,9,-4,3,0,-5,4,-24,-6,-4,-9,-5,-1,-4,-10,handOpen
1,-3,-10,0,-1,1,1,-1,-2,-4,-2,5,8,11,2,2,handOpen
-1,-4,-1,-4,-2,-2,0,2,-1,-7,-45,-38,-9,-1,1,1,handOpen
2,-3,-1,2,-2,-5,-5,2,11,31,37,19,12,8,7,6,handOpen
-6,-1,-31,-15,-6,-5,-1,-2,1,1,29,6,-6,-2,2,-1,handOpen
-7,-10,-23,-8,-7,-1,4,-6,-4,-8,-2,-5,1,-4,-1,-1,handOpen
7,-5,-6,1,5,-3,-7,-5,-3,8,2,-2,1,1,1,-1,handOpen
-4,-3,2,0,1,-1,-1,-3,-15,-30,-49,-9,-5,-7,-5,-12,handOpen
5,3,0,0,0,-1,-1,1,6,26,64,6,0,0,-3,-1,handOpen
0,3,-6,-5,-1,1,2,1,1,-4,-3,4,2,0,1,0,handRelax
3,0,6,2,-5,-4,-4,0,-3,6,3,0,1,-2,-1,-3,handRelax
-4,1,6,0,-3,2,3,0,-8,-3,0,0,5,-1,-3,-4,handRelax
-2,-3,-10,-2,0,1,2,-1,6,2,5,6,0,2,-3,3,handRelax
1,-2,2,1,0,0,-7,-2,7,4,7,-2,-7,1,1,3,handRelax
-4,-5,-16,-7,-4,-1,1,-4,-2,4,5,-2,1,-2,0,-2,handRelax
-3,-6,-5,0,-1,1,0,-2,5,-3,-2,-2,-4,-7,-3,0,handRelax
-6,-15,-28,-5,-2,-3,-5,-3,-4,-11,-7,1,2,0,0,-3,handRelax
-4,10,12,1,0,-1,-1,-9,-4,1,-4,-3,-1,-2,0,0,handRelax
1,-2,5,-3,-3,-2,-2,-3,6,-11,-12,0,1,-2,-4,1,handRelax
1,11,24,6,1,3,1,2,2,10,19,9,7,4,4,4,handRelax
-7,-7,-6,-3,3,2,1,-3,-7,6,-3,-2,-1,-1,0,-1,handRelax
-3,5,-6,-5,-5,-4,-2,-4,6,-7,-5,1,-1,-1,-4,-2,handRelax
-5,-10,-22,-5,-3,-2,0,-1,-3,-13,-8,3,1,1,0,-3,handRelax
-2,17,35,-4,0,2,-1,-5,2,-1,-1,-2,-2,0,-3,0,handRelax
2,-2,0,-1,-3,-4,-1,-4,-3,-7,-6,-3,-1,-1,-3,-6,handRelax
-2,0,-6,-1,-2,-3,-2,3,-3,0,-2,-1,-1,0,0,-4,handRelax
-5,-1,1,-1,-1,2,-1,-1,7,1,-5,-3,-1,0,0,-1,handRelax
5,-1,-7,-3,-2,2,-2,2,-2,5,9,-1,-1,0,-2,-1,handRelax
-2,3,2,2,-3,-3,-1,1,-2,-4,1,2,1,-1,3,-3,handRelax
-8,-5,6,4,5,0,0,-5,-1,-7,-18,-6,-3,-3,-3,0,handRelax
-2,5,25,2,-1,-1,-4,-1,0,3,-3,0,2,2,2,-3,handRelax
-3,-6,-35,-3,-1,1,1,-1,-4,3,6,0,-2,0,0,-3,handRelax
-5,4,25,-1,1,-4,-3,-7,0,-18,-28,-7,-6,-4,-1,-2,handRelax
4,3,8,-1,-3,-6,-6,-2,-3,-9,-9,-6,-2,2,0,1,handRelax
-3,4,16,11,3,2,3,0,2,1,-1,0,0,0,2,-1,handRelax
4,0,-7,-2,-3,-1,-1,-1,1,1,7,0,-4,1,-4,2,handRelax
-1,-6,-3,-1,1,-1,-3,1,-10,-9,-2,-3,0,1,2,-1,handRelax
-5,0,-3,-1,-3,-3,2,-6,1,9,0,4,2,2,3,2,handRelax
7,5,11,2,-2,-1,-1,0,-1,-2,-5,0,-3,-2,-4,-1,handRelax
-7,-13,-10,0,-2,2,0,0,-6,1,0,0,0,-3,4,-1,handRelax
-2,4,8,0,1,-3,1,-2,0,1,-17,-1,1,-1,-2,-2,handRelax
4,0,1,0,-2,-1,-4,-1,2,-6,0,2,-1,-1,-5,-4,handRelax
-3,8,22,6,0,3,2,1,-4,4,-6,2,2,0,0,-5,handRelax
-2,-3,-2,0,-1,-2,2,-2,-9,-19,-17,-11,-5,-3,-5,-4,handRelax
3,-1,-1,-4,-2,-2,-7,-4,10,14,19,6,-1,0,2,2,handRelax
-1,-3,-8,-2,1,0,2,0,-1,-6,-6,3,1,3,2,-1,handRelax
1,4,3,-4,-2,0,0,1,3,-1,1,-2,-1,-6,-3,-2,handRelax
3,-3,1,-2,-3,-1,-1,3,-1,0,-3,-2,-1,0,1,-2,handRelax
-4,-2,-6,0,-1,-1,-2,-1,-2,1,3,0,-3,0,2,-2,handRelax
-1,-3,0,-3,0,0,-1,0,-7,-12,-14,0,-5,-3,-7,-4,handRelax
9,14,19,7,2,4,-1,3,-7,-2,-6,-2,-1,1,1,-3,handRelax
-5,0,14,3,1,-1,0,-5,0,-4,-3,-3,-3,1,1,-2,handRelax
-3,-3,-4,-5,-3,-3,-2,0,2,-2,-2,-3,-1,-4,-2,0,handRelax
1,4,3,1,-2,-2,-5,2,-3,3,0,-2,-2,-4,1,-2,handRelax
0,1,0,-1,1,0,1,-2,-3,-7,-11,0,-3,0,-2,-1,handRelax
5,-2,-2,-2,-3,-4,-1,0,6,0,-3,2,-2,0,-3,-1,handRelax
-1,-1,0,3,-3,-2,-6,1,-5,1,-2,-1,3,-1,1,-1,handRelax
-3,-3,-3,2,-3,0,1,1,-1,-4,2,0,-4,-2,2,-1,handRelax
3,-5,-3,-3,-3,-4,-4,1,-2,-3,-2,-2,-4,-1,1,-3,handRelax
-6,-3,-4,-3,1,1,-2,0,1,8,20,3,4,1,6,6,handRelax
-4,-6,-11,-5,-3,0,0,-2,-1,3,3,3,0,-1,-1,-3,handRelax
2,0,-1,-2,-1,-2,-3,0,6,-2,-5,-1,-1,-5,-3,0,handRelax
-4,0,-5,1,0,1,1,-2,-2,2,-2,0,-3,1,-1,1,handRelax
4,86,127,62,-10,-128,-128,-25,0,-13,56,35,15,22,-35,-19,handRock
-6,-37,-100,-11,4,78,67,9,-24,-76,-128,-68,-75,-86,-78,-23,handRock
23,45,127,64,36,70,82,23,27,50,127,50,66,69,60,31,handRock
-12,2,-28,6,6,109,77,3,10,28,101,44,37,69,-9,3,handRock
9,32,127,14,-1,-61,-34,10,20,42,123,9,-12,-128,-93,5,handRock
5,1,73,-10,1,16,-35,-7,-21,-67,-128,-34,25,-33,5,-18,handRock
6,11,-38,2,10,102,100,19,34,82,127,39,3,-82,-80,5,handRock
-7,-55,-128,3,27,127,127,15,-64,-118,-128,-73,-85,-104,-119,-40,handRock
40,105,127,54,33,-128,-128,20,2,81,124,46,20,-10,-4,1,handRock
-7,-27,-100,-16,-34,-44,31,-8,-6,-5,48,-3,10,16,-25,-5,handRock
-14,-40,-77,-55,-10,61,43,-12,-9,-27,-66,-11,-2,31,25,18,handRock
1,-19,-73,-14,12,27,42,3,8,27,-30,-9,-6,45,-37,4,handRock
3,0,-9,-3,1,-46,-69,3,-11,8,114,-7,-27,-73,-39,-13,handRock
-21,-66,-128,-62,-31,-20,-30,-21,-8,-9,-50,-10,-4,40,-21,-30,handRock
21,34,115,49,21,-27,17,17,-11,-33,-29,-15,-34,-128,-56,2,handRock
13,48,66,37,34,-10,77,19,12,4,-96,-19,4,26,43,19,handRock
1,-6,-69,-11,-24,-58,-77,-16,-25,-25,-43,-8,38,40,10,-20,handRock
-13,-14,14,-16,-9,16,-4,-10,6,9,36,16,12,25,11,3,handRock
-6,-38,-128,-31,-8,17,19,-2,5,-13,-36,-6,-23,-23,-16,1,handRock
-9,-31,-77,-23,-17,-76,-44,-11,3,-6,-27,4,3,4,8,-2,handRock
-5,13,89,31,16,21,-1,-3,12,42,115,-9,-8,-13,-1,22,handRock
6,9,-46,-10,-30,14,16,-1,-9,-26,-105,-9,-24,-113,-76,-8,handRock
8,9,67,4,36,68,23,-1,-3,14,52,2,3,5,39,7,handRock
-14,-26,-55,-21,-53,-128,-128,-41,-22,-50,-128,-29,-12,5,-20,-21,handRock
-9,-19,-14,-16,-1,51,40,-5,22,51,127,48,31,95,28,19,handRock
24,34,86,35,29,54,42,19,-15,-17,-12,-7,-18,-128,-128,-20,handRock
-9,-7,-39,-6,16,127,127,6,9,19,79,4,-8,3,2,0,handRock
2,16,16,-12,2,-6,1,7,4,33,63,22,11,19,26,13,handRock
3,-13,-61,2,3,19,6,2,-8,-12,3,-13,-17,0,-1,-9,handRock
-17,-26,-21,-26,-14,-38,-25,-16,0,-3,-13,0,-3,-21,-15,-6,handRock
17,32,77,23,14,29,38,23,-6,-13,-23,-11,-7,-3,-6,-4,handRock
-6,-10,-22,-7,-12,-17,9,12,-6,-10,-17,-15,-32,1,12,-8,handRock
-2,-4,-12,-4,-4,5,8,1,6,0,-2,4,15,-34,-75,-13,handRock
-16,-41,-71,-43,-17,38,-12,-18,-15,-38,-118,-32,-23,-34,1,-6,handRock
-6,10,36,25,-4,-65,-71,-22,11,35,127,35,-7,9,5,11,handRock
3,9,43,19,22,11,11,5,-10,-44,-128,-39,-13,8,-1,-5,handRock
-1,-9,-33,-11,-36,-16,-4,-7,3,9,22,23,13,20,19,6,handRock
-8,-15,-37,-9,-8,2,1,-3,12,14,34,13,7,68,20,1,handRock
-3,-21,-21,2,18,48,50,6,-6,-36,-128,-25,-29,-128,-128,-15,handRock
3,-3,43,8,4,28,19,-1,11,66,127,31,-3,27,9,5,handRock
-16,-40,-87,-44,-17,-18,0,-6,0,-4,-98,-13,0,40,35,0,handRock
-1,18,58,25,8,-2,-6,-21,-5,-9,-8,-12,-10,-8,-8,-7,handRock
7,8,21,-10,-4,-9,-4,4,-3,-5,-39,2,4,8,1,-4,handRock
0,-12,-74,-8,-22,14,76,1,3,12,45,8,-11,-38,-20,-4,handRock
-8,1,74,-11,-13,-79,-128,-22,1,-4,-15,0,5,53,31,6,handRock
24,48,63,38,22,94,55,19,-6,10,16,3,-4,13,1,-8,handRock
-18,-30,-31,-14,-8,-61,-6,-9,31,48,127,26,17,28,30,22,handRock
-2,-9,-3,-15,-10,-3,-3,-12,0,-3,-15,3,-1,5,-4,7,handRock
-1,-11,-39,0,2,2,1,3,-3,-1,-25,-2,-2,4,10,0,handRock
6,25,20,-1,-4,18,10,7,-10,-28,-51,-11,-9,-6,-12,-12,handRock
1,-1,8,7,11,-22,-13,-1,1,19,36,9,5,11,-8,2,handRock
1,9,16,15,-6,-3,-29,5,0,1,6,-3,6,11,23,-6,handRock
-6,-9,-97,-29,-2,35,14,-1,-5,-7,36,-5,-3,-3,24,-3,handRock
2,-9,15,-14,-15,-62,-42,-7,-5,-9,9,-1,-3,-47,6,3,handRock
-7,-27,8,1,-5,22,29,34,-28,-42,27,29,10,47,10,-4,handPeace
1,71,13,-4,58,9,-8,-10,-4,-5,-17,-3,-9,13,5,3,handPeace
1,-62,-11,-16,-77,19,0,-1,2,-9,2,-21,-6,-21,-10,-2,handPeace
25,54,25,-4,8,-4,12,32,-7,-28,-5,2,-8,-9,-15,-14,handPeace
-28,-37,-17,-14,-39,-8,-7,-27,-7,-54,-20,-18,-12,6,8,-3,handPeace
17,0,-6,7,40,-35,-20,8,16,25,20,6,30,12,9,21,handPeace
-1,72,-8,0,-3,-23,-16,-5,-6,-14,-38,-8,1,2,5,-2,handPeace
-9,-68,-19,-15,-35,26,11,1,-5,-15,7,-20,-21,-8,-4,-3,handPeace
-21,-16,-24,-1,-16,-23,-4,-18,7,-30,-17,6,8,8,6,9,handPeace
-9,36,9,-2,-11,11,-11,-18,-8,-51,-45,16,127,-1,-30,-16,handPeace
-3,-34,-13,12,21,17,15,-2,6,5,21,3,0,-4,20,9,handPeace
-8,10,-23,-28,-24,-40,-17,-2,-13,12,7,-9,-6,-1,-6,-17,handPeace
-14,-11,18,-7,-77,-29,-24,-20,-8,-15,7,8,4,16,20,23,handPeace
5,24,1,4,-24,-1,2,1,2,2,16,12,11,3,-1,5,handPeace
-15,-6,-4,-22,9,4,-14,-19,4,22,-4,33,2,6,6,1,handPeace
-3,-12,6,23,38,7,7,7,-11,3,19,4,-1,-4,0,-6,handPeace
-8,-11,1,-11,-58,-13,-8,-12,9,-34,-32,-17,-7,-3,0,5,handPeace
4,12,12,38,12,5,5,3,-1,-36,-9,-1,-3,16,15,2,handPeace
-13,-32,-7,-10,0,56,28,3,-4,-11,-38,-9,-10,-3,-6,-7,handPeace
35,60,13,-3,0,-21,-1,14,-5,-24,18,0,-6,0,-7,-6,handPeace
-17,24,20,-7,-30,-51,-35,-19,1,28,16,-4,8,8,0,-3,handPeace
17,37,-3,-12,-23,-16,-3,2,-19,0,-8,15,-14,-39,-2,-1,handPeace
12,-29,-15,11,1,-3,-5,3,9,43,33,-3,3,-6,-6,-3,handPeace
-5,20,1,-16,-3,-3,2,-5,-9,2,16,2,1,-6,-4,-3,handPeace
-7,-25,-17,-15,-1,5,-5,-10,4,-27,-26,9,14,38,22,5,handPeace
-8,-20,-18,-14,-13,-25,-31,-18,-6,-24,0,8,-5,-15,-2,-3,handPeace
-10,-29,8,3,6,5,12,2,-11,-42,-30,-13,-17,-26,-19,-7,handPeace
-10,5,-24,-16,-13,-1,3,-5,2,11,5,-3,43,8,-2,-1,handPeace
0,-18,7,-13,18,16,2,-1,6,72,0,-13,-5,3,-3,4,handPeace
12,-37,-13,9,-4,8,12,10,-12,-31,-17,6,7,9,8,-3,handPeace
-7,-2,19,0,-2,-1,-8,-7,9,-4,-30,-22,-12,-2,6,4,handPeace
11,27,2,-3,6,-6,4,15,-5,18,46,16,12,2,-3,-5,handPeace
0,2,-3,-16,-11,3,4,3,-6,-8,1,14,21,54,19,10,handPeace
-11,-20,-13,-17,-39,-89,-65,-21,5,43,40,23,3,-3,-4,-4,handPeace
-6,-29,-16,3,23,17,16,1,3,-4,-28,-6,-45,4,16,8,handPeace
-4,7,-14,-16,-10,9,8,-3,1,-17,-18,4,11,1,2,-3,handPeace
6,23,13,1,-10,8,9,7,-6,13,12,-6,-15,-9,-4,-12,handPeace
2,-3,2,-10,-5,13,3,5,-13,-24,-19,-8,-8,-24,5,-3,handPeace
6,-7,13,-5,7,-9,-2,3,6,44,-1,-5,3,-10,-12,3,handPeace
-2,15,8,-4,-18,-22,-5,-3,-6,-24,22,14,-2,-15,-11,-6,handPeace
-3,-17,-2,10,34,26,-1,-2,-3,-4,-38,-2,2,10,8,1,handPeace
1,1,15,-2,-4,4,6,0,-9,-45,-7,7,-2,-5,7,1,handPeace
4,3,14,3,-8,-5,-4,-2,10,10,-13,13,-11,3,1,3,handPeace
-6,11,27,0,10,12,2,-1,10,57,27,-1,15,-1,-1,1,handPeace
-5,21,-14,-14,-21,-14,-12,-14,-1,-11,-10,-5,-8,21,6,2,handPeace
-3,-10,-14,9,-2,-9,-5,-5,-9,-19,-16,-6,-10,8,7,-2,handPeace
-6,18,17,-9,4,23,3,-4,-9,-9,8,9,-4,-16,-13,0,handPeace
-9,-25,-28,-7,1,-13,0,-4,14,21,-26,-17,1,-5,-4,4,handPeace
8,27,57,17,10,3,-3,3,-1,28,6,-3,-5,3,-1,-2,handPeace
-6,-34,-17,2,9,10,8,5,-3,-3,-15,9,9,1,1,1,handPeace
-3,-11,7,1,-1,13,0,-3,1,15,-2,-11,-9,2,-5,-7,handPeace
0,-10,7,29,4,-8,-2,-3,-10,-14,-4,-7,-16,-22,-7,-11,handPeace
-2,11,4,-6,-30,-9,-6,-1,8,10,-4,13,21,18,9,3,handPeace
-1,3,1,-11,-5,-12,-11,-4,-2,2,-8,-2,0,1,-10,-5,handPeace
0,10,-14,-10,-30,-18,-13,-9,21,-7,34,37,43,22,7,16,handOk
2,16,-1,-2,13,4,2,0,-4,-5,16,-10,1,-38,0,2,handOk
-3,-21,-39,-2,-3,11,-3,-5,-3,2,-12,4,-9,-27,-3,0,handOk
-4,6,40,0,-12,-8,-3,-3,-2,8,66,-6,-4,-1,-1,-3,handOk
-5,19,17,-12,1,-11,-3,-4,7,-5,-12,11,49,14,2,4,handOk
2,-8,-20,-5,2,-9,-1,0,3,-11,-38,0,-5,-18,-3,1,handOk
1,17,2,-7,-3,-1,1,-1,6,-6,67,20,12,5,4,7,handOk
-4,18,15,23,-6,1,-13,-17,3,8,-10,-11,-70,-18,6,0,handOk
5,0,20,10,2,0,2,6,-7,8,-3,-2,47,-15,-6,-5,handOk
7,41,41,13,7,1,1,0,-7,-17,-11,-9,-7,6,-11,-5,handOk
-9,-20,-30,-4,5,11,12,7,-3,49,13,-8,-11,-13,-3,-4,handOk
5,-9,-10,-8,45,-7,-2,2,-7,-12,-2,-2,4,-3,8,1,handOk
23,48,71,25,16,-39,12,18,17,70,63,10,-8,-32,-8,3,handOk
12,1,19,22,7,6,11,15,-5,-10,5,-3,-5,1,-2,-4,handOk
5,-1,-33,-2,-4,-12,-9,2,-3,15,-50,-12,-9,-4,-4,2,handOk
-6,11,2,-9,-7,-8,-8,-8,4,21,57,-2,-5,4,2,1,handOk
-3,-1,4,0,1,3,0,-4,-9,16,12,-4,6,-4,-5,-9,handOk
7,16,33,6,1,2,-3,3,-3,-3,-10,-8,-9,-5,-8,-4,handOk
-11,6,15,2,-7,3,0,-6,-3,-9,5,7,7,1,2,3,handOk
4,1,10,3,2,-4,3,0,-4,-14,-60,-8,-1,1,5,1,handOk
9,-7,-13,-3,-2,1,-8,1,-2,-6,-39,-4,-2,-5,-2,2,handOk
0,-5,-19,-7,-3,1,0,-2,-6,-10,-30,-10,-2,26,-1,-1,handOk
1,16,-10,-5,-7,-11,-9,-4,-11,-12,-8,-6,-7,-48,-5,-5,handOk
2,-9,-14,-4,-4,-2,-3,-1,-8,-4,-99,-28,-19,-11,-13,-12,handOk
-10,-12,-15,-9,-3,4,1,-1,19,70,127,42,20,16,12,14,handOk
2,0,-1,1,0,2,-2,0,-6,-2,-3,-7,-4,3,-1,-4,handOk
6,8,6,-1,1,2,2,4,8,2,3,14,8,13,3,7,handOk
-3,15,11,1,-3,-1,2,0,-4,6,-20,-6,-4,0,2,-3,handOk
-7,-45,-42,-5,8,1,-2,-1,0,-17,0,3,3,2,4,3,handOk
-14,21,6,-8,-9,-4,-3,-4,1,-5,-9,2,4,-8,-5,2,handOk
-3,-32,-23,5,5,5,1,1,0,2,-11,1,-7,8,6,0,handOk
3,6,-42,-8,-6,-21,-2,-2,-1,5,46,6,6,2,0,-3,handOk
5,4,1,-4,3,-8,-2,1,5,3,-2,0,-2,-5,-5,-2,handOk
2,-5,5,-11,-21,-6,1,1,0,-6,-3,-1,-6,-11,-2,-1,handOk
-2,-6,2,9,41,41,-3,-1,0,2,-4,-1,-1,-5,-2,-1,handOk
9,47,46,7,6,6,-4,-2,8,2,-4,-4,-3,0,-3,1,handOk
0,-27,-4,-2,3,7,9,4,-6,-3,-5,0,3,2,-2,-5,handOk
-6,-35,-24,5,5,3,-1,2,-3,-14,-22,-5,-4,-2,-2,-2,handOk
-1,9,10,0,-1,-2,1,0,-3,9,-4,-5,-6,0,-3,-2,handOk
-1,1,8,1,-1,24,-3,-2,-3,-8,-1,1,-10,0,2,-2,handOk
3,-14,-38,-14,-8,-36,-12,-3,-7,3,-8,-11,-7,-10,-7,-11,handOk
-4,-2,-8,-4,-1,-1,-1,-5,-1,7,19,8,6,3,3,3,handOk
-2,7,13,-4,-3,-2,-4,-5,9,22,21,6,5,7,4,0,handOk
-3,-30,-29,0,-3,-3,-1,-1,4,-8,-19,-6,-4,-2,-3,3,handOk
2,10,-2,5,11,9,7,2,-1,-6,7,3,3,3,2,-1,handOk
4,17,16,0,-5,-6,-4,-2,3,3,10,1,-1,1,-1,3,handOk
-3,-17,-16,4,7,8,9,8,0,-2,5,-1,-4,0,-3,-3,handOk
-3,-7,-43,-2,0,-1,0,0,-6,-3,0,1,0,1,2,0,handOk
14,25,58,13,0,1,2,3,-3,4,-2,-1,1,-1,-5,-2,handOk
-9,-28,-36,-2,-5,-1,-2,-3,2,-16,-61,-5,11,5,0,1,handOk
-2,-6,0,0,2,-14,3,2,-4,2,31,1,-1,-1,-2,-7,handOk
-6,-32,-50,-12,-8,-9,-6,-5,-1,-4,-13,-4,-5,-2,-1,0,handOk
3,17,18,3,5,7,3,3,3,19,31,-2,-7,-4,-8,-2,handOk
3,1,-4,-7,-3,3,1,2,-7,-2,-7,-3,-3,1,4,-2,handOk
-60,-42,26,127,127,-63,-15,24,106,19,-3,-74,102,30,56,51,handClose
34,61,-68,-128,-44,-30,-50,18,6,-11,80,9,8,39,-3,-17,handClose
-70,-94,-58,29,-78,78,80,1,50,21,-1,-108,-128,-69,-22,-6,handClose
-47,31,-45,-58,10,-65,-49,-23,88,98,43,127,127,127,100,47,handClose
-4,-7,-7,-32,-128,-37,-29,-16,-128,-110,-39,-128,-128,-120,-105,-79,handClose
-21,-23,0,-20,-102,-50,-18,-17,81,37,-14,-80,59,-69,-37,28,handClose
24,12,-17,-29,119,15,-12,4,-4,0,-16,11,31,71,35,0,handClose
-34,-73,-17,127,83,127,45,12,-4,4,-50,-128,19,-13,9,-16,handClose
-84,-46,-16,35,56,-128,-38,-38,102,21,60,127,127,28,72,58,handClose
8,27,21,57,-117,127,56,2,-30,-36,-47,-70,-128,-67,-61,-29,handClose
51,-6,-4,63,38,-128,-109,10,-55,-75,-12,-32,-3,61,15,-23,handClose
-36,15,-14,-83,-56,-13,-10,-23,-69,-20,31,127,73,59,22,-1,handClose
-128,-66,14,-76,-1,-128,-38,-37,69,27,-4,10,-78,20,34,17,handClose
66,82,-83,-35,-67,-101,28,17,-7,31,-7,-20,28,-32,-27,1,handClose
-121,-101,22,127,127,-49,-73,-9,-47,-5,30,-54,-12,122,55,-8,handClose
9,16,8,18,2,32,35,7,-44,-8,64,50,-69,-128,-87,-19,handClose
46,0,-92,-55,-104,127,23,-6,47,24,5,23,36,127,60,26,handClose
14,-21,-40,-49,-25,49,31,8,-98,6,-6,-43,-44,-128,-128,-74,handClose
32,6,5,-65,-18,2,-6,-2,40,7,-1,23,93,39,35,33,handClose
-24,-37,-6,63,-54,-124,-82,-25,-116,18,-9,-61,-24,-128,-34,-34,handClose
85,9,-27,56,-13,51,37,11,-93,-88,1,-53,-7,29,14,-24,handClose
54,-4,-8,127,58,111,37,19,89,3,-38,-63,-128,91,51,41,handClose
51,14,-9,-19,-52,30,20,11,13,71,118,127,118,-104,-107,3,handClose
20,3,-14,103,-17,37,11,7,-14,-14,-37,7,15,26,3,-9,handClose
-5,2,2,-20,-24,-39,-13,-9,3,12,49,-81,-128,-57,-29,-6,handClose
45,13,-75,-128,-39,-128,-93,-38,12,-2,-13,-80,17,-57,-4,9,handClose
-100,-51,82,53,-17,90,11,-1,11,-14,-32,-14,47,78,44,7,handClose
-22,4,20,-10,-12,127,28,-3,54,15,-18,-16,25,31,39,26,handClose
31,6,-15,44,8,-59,-12,-1,-28,8,30,-19,-30,-81,-33,-21,handClose
-29,14,-2,-23,-24,49,6,-11,-79,-29,-16,83,20,-5,24,-25,handClose
55,-8,-29,-64,-30,-24,11,13,42,21,-11,1,4,-108,-40,4,handClose
-84,37,40,-47,2,-114,-48,-27,62,48,91,127,127,90,56,40,handClose
-52,-50,-51,-41,-127,27,4,-16,-20,16,3,-21,40,-12,-11,-12,handClose
-8,-14,-18,-30,-27,37,27,-14,44,5,-27,-9,-38,-11,-7,6,handClose
7,10,23,15,-5,80,20,5,-7,-13,37,75,46,-8,-14,-7,handClose
-15,0,-9,-1,22,-8,-9,-4,-67,-73,7,-128,-84,-128,-128,-53,handClose
76,39,-15,26,-24,111,46,21,16,3,-19,47,91,62,1,5,handClose
-80,-3,-31,-79,-35,-128,-97,-41,-3,25,1,20,7,49,8,-3,handClose
1,5,46,127,102,127,49,13,61,3,-16,14,2,99,55,24,handClose
-55,37,26,-78,-98,-120,-41,-12,4,5,-71,-19,-38,-93,-86,-8,handClose
-35,-32,-14,-6,32,73,28,1,-79,-67,63,127,-60,17,29,-59,handClose
-128,-79,12,73,73,-9,-6,-54,-33,9,-22,25,36,-28,-21,9,handClose
36,17,27,36,-41,50,18,10,103,48,-20,6,-16,6,11,30,handClose
39,-7,-5,18,-26,-92,-24,13,-59,12,71,84,54,-5,10,-15,handClose
-4,22,-47,-86,8,19,-7,-11,8,-37,-11,-55,-44,-15,23,5,handClose
-59,-32,-19,-7,-100,-3,-35,-21,19,47,26,-26,-21,-32,-46,-14,handClose
59,40,23,67,120,35,52,32,-32,-25,-40,-76,-44,-33,-7,7,handClose
-33,-24,-10,1,-33,-22,-21,-22,10,-4,-86,14,7,-62,3,-9,handClose
36,5,8,-95,-6,29,12,23,-68,-22,66,-90,-33,45,3,-9,handClose
10,8,5,-14,-100,-22,-43,-18,11,16,23,36,23,10,-9,1,handClose
30,2,-22,-48,25,-33,-1,17,25,-30,-26,8,-21,23,5,2,handClose
-66,-43,-15,-3,-22,54,12,-20,22,18,1,35,38,-40,-39,9,handClose
5,7,7,-42,102,64,17,4,-34,4,58,103,27,27,4,-1,handClose
-31,3,-3,-2,-4,3,-2,-12,-45,-51,-33,-16,-2,47,17,-11,handClose
28,2,-18,-17,-128,27,40,6,33,21,31,26,44,-55,-10,8,handClose
13,2,-5,-128,127,56,2,11,42,-26,-9,0,4,34,8,2,handClose
-22,-51,-128,-38,-12,-15,-12,-14,-27,-53,-69,-28,-7,-7,-3,-12,handOpen
12,-10,17,27,2,0,1,2,0,-19,-35,-6,-33,-10,-9,-6,handOpen
-2,-18,-37,-4,10,-1,-3,-2,-15,-19,-38,-37,6,-1,-1,-2,handOpen
19,20,51,-8,62,-10,-10,-1,15,69,39,-17,-36,3,12,9,handOpen
-44,-54,-102,-22,-19,-1,1,-9,9,-83,-91,16,35,-1,-3,7,handOpen
8,13,117,5,-27,-14,-7,2,-6,-35,-128,-6,-54,-31,1,1,handOpen
7,-14,-25,6,-24,-34,-4,0,55,127,127,34,36,9,18,31,handOpen
-43,-80,14,-27,-7,-7,-9,-18,-4,-39,-24,-20,-6,-16,-6,-2,handOpen
3,-37,-37,30,61,18,6,5,12,31,-60,-2,-8,-4,-2,-2,handOpen
53,25,80,27,-2,13,4,20,-80,37,25,15,-12,-7,-12,-33,handOpen
-29,-21,-44,-102,-58,-34,-21,-25,28,91,19,23,9,6,4,12,handOpen
-26,36,101,-3,-3,-2,-6,-10,41,0,12,32,20,14,18,26,handOpen
-4,-26,-79,-31,-117,-23,-4,-6,68,127,116,58,25,16,14,32,handOpen
-4,20,8,-26,-9,-8,-12,-10,-128,-12,36,-23,2,0,-12,-47,handOpen
86,-19,-63,86,-4,-29,1,31,23,28,88,16,-11,-7,0,7,handOpen
2,-26,24,26,19,6,6,5,-21,-84,-79,-2,-31,-13,-8,-14,handOpen
10,72,9,-25,-30,-8,-5,-3,16,-15,-40,-69,11,7,5,9,handOpen
-12,-45,58,49,16,-7,-1,-1,-1,24,56,17,7,29,6,6,handOpen
-4,-1,10,-28,30,7,2,-1,18,-24,-13,-4,-35,0,-3,10,handOpen
11,11,-23,-10,-7,-8,-7,0,12,-57,-34,7,10,2,5,4,handOpen
4,41,-115,18,16,14,4,6,-70,-36,-46,-38,-11,-12,-13,-34,handOpen
25,62,74,-43,-6,-19,2,8,-19,-25,16,38,-14,-7,-10,-16,handOpen
17,-25,-104,-45,-10,-4,-5,-1,-4,-16,-48,-24,-10,-3,-1,0,handOpen
-5,-8,23,5,-4,1,1,-3,2,34,42,10,24,4,3,2,handOpen
68,46,6,6,-9,-5,4,19,8,-11,-18,-11,-4,-7,-10,-3,handOpen
-124,-44,-19,-10,-11,-12,-15,-44,16,7,38,67,22,15,8,12,handOpen
5,5,20,4,-10,1,0,1,19,3,74,11,9,-5,4,7,handOpen
-9,26,3,-17,-5,0,-9,-11,0,15,73,6,7,3,-7,-4,handOpen
4,-9,-61,5,-12,-10,-8,-2,-5,-91,-107,0,16,0,1,-1,handOpen
-3,7,79,39,7,9,4,-1,-7,-40,-36,8,107,16,-2,-3,handOpen
-3,13,6,-16,7,-14,-2,-3,7,37,15,-6,3,-2,-3,5,handOpen
-32,-3,8,-3,-2,-1,-2,-5,5,14,-13,-28,-8,1,1,3,handOpen
6,-14,-42,-35,-4,-1,-1,-2,5,24,26,7,-6,-3,2,2,handOpen
6,24,85,35,7,1,2,3,8,-45,-19,-42,7,8,4,9,handOpen
5,-2,-26,9,-20,-5,-3,0,-12,-37,-69,-34,-10,-4,-2,-6,handOpen
3,4,-11,-6,-4,-3,-4,3,15,8,8,39,7,2,-2,5,handOpen
6,-19,-23,-3,-12,-10,-2,-6,2,60,76,1,2,1,6,9,handOpen
-20,-8,-18,-18,4,-1,2,0,-2,-14,-14,-11,-3,-9,-1,-9,handOpen
3,-14,-6,3,6,2,0,3,4,11,71,5,12,3,2,5,handOpen
-4,-23,-21,2,-2,0,4,-1,-1,-4,29,12,-8,-2,-3,-3,handOpen
-7,19,29,-4,-12,-9,-4,-9,0,-6,17,-22,0,-1,1,3,handOpen
10,31,-52,-68,-4,12,4,10,7,-18,-72,-7,-5,-4,-4,-4,handOpen
-16,-48,37,22,7,-1,2,-3,12,53,121,22,10,7,2,1,handOpen
-5,-48,-66,-10,-51,17,-1,-4,0,-20,-27,0,3,-3,0,-2,handOpen
3,55,113,27,11,-25,-2,0,-3,-29,-58,4,-6,-1,-5,0,handOpen
6,-4,-37,-50,0,5,5,3,6,34,127,18,8,3,6,5,handOpen
-13,-25,-8,22,0,3,-5,-5,2,19,35,6,5,3,3,0,handOpen
15,1,-28,1,13,3,6,2,-4,-7,-20,-44,-26,-9,-7,-3,handOpen
-64,-48,-91,-17,-26,-10,-11,-24,2,-11,-43,-9,2,-1,4,6,handOpen
17,34,49,44,14,8,5,9,-1,-17,19,37,13,4,1,0,handOpen
14,4,14,4,-1,0,0,1,6,20,40,-38,-8,4,-2,0,handOpen
1,-2,16,12,-3,6,2,-2,6,-38,-84,-4,-3,-1,0,-3,handOpen
9,-7,-15,-3,17,3,-5,2,-12,-15,-24,-66,-7,0,-1,-5,handOpen
-16,-21,-16,16,-1,-7,1,-6,-6,-15,-25,18,0,-6,-11,-6,handOpen
3,37,33,-7,-2,1,2,2,11,25,41,16,23,-1,5,7,handOpen
0,-30,-46,-19,5,4,-4,-5,-6,-24,-2,-32,-8,-4,-6,-8,handOpen
-4,-3,-3,0,0,1,-1,0,-1,0,-1,-4,0,-2,-2,3,handRelax
6,3,13,10,-3,0,-2,3,5,2,4,0,-2,-1,-2,0,handRelax
-9,-8,-64,-28,-4,-4,-2,-8,-4,-6,-18,-9,-3,-3,2,1,handRelax
-7,17,111,42,3,2,4,3,-17,-7,-10,7,-2,-1,-2,-4,handRelax
-1,-31,-23,-3,0,3,-1,-1,1,34,11,7,0,-2,-3,-2,handRelax
18,3,-5,1,-1,-2,0,4,19,-5,-10,-14,0,2,3,7,handRelax
-24,-3,-9,-8,0,0,-1,-5,-5,-12,-30,-8,-3,-3,-1,-9,handRelax
-4,-17,-6,10,-1,-1,-2,-1,6,7,27,2,-3,-3,-2,4,handRelax
5,0,-2,0,0,1,1,3,5,4,12,4,0,0,3,-2,handRelax
0,10,23,-9,-2,-1,0,0,5,-1,-26,2,0,0,2,2,handRelax
5,-5,-10,9,2,1,0,0,0,1,20,2,-1,-1,-3,-3,handRelax
-3,0,-2,0,2,-2,2,-1,-3,1,30,7,-3,-1,1,0,handRelax
0,-4,-12,2,-4,-3,1,-3,-8,-6,-18,-8,-3,-1,-2,-2,handRelax
6,4,-2,-8,0,0,-2,4,8,-5,-15,-16,0,1,2,2,handRelax
0,2,-5,1,-1,-1,-2,2,-34,-10,-7,-3,-5,-3,-6,-13,handRelax
3,3,0,6,-2,2,-1,0,5,0,6,7,-3,-4,-3,5,handRelax
0,1,4,-8,-4,0,-5,-2,1,7,22,15,-3,1,0,-1,handRelax
-2,-15,-7,1,-4,0,1,2,3,1,-7,-4,-2,1,-1,1,handRelax
0,6,7,0,-2,-5,-3,-2,-8,-9,0,0,1,-1,-4,-4,handRelax
13,19,-2,-12,3,0,2,4,-4,0,-2,1,0,-5,-1,1,handRelax
-11,-5,-4,22,0,-1,-2,-7,22,2,17,10,3,2,-1,2,handRelax
8,6,11,11,-2,0,-2,0,-29,-13,-15,-15,-3,-3,-4,-5,handRelax
0,-13,-1,-29,-5,-3,0,-1,0,-4,-20,-4,-3,0,0,0,handRelax
7,9,13,8,1,1,2,2,5,1,12,1,1,0,2,-2,handRelax
1,3,-6,4,1,-5,-4,-1,5,-1,-10,-1,0,0,0,0,handRelax
-10,3,-3,2,0,-2,0,-5,-26,-12,-1,-4,4,2,2,-3,handRelax
3,0,27,1,-2,1,-1,1,15,15,-8,-1,-4,-5,-3,-2,handRelax
5,-8,-22,-5,2,2,2,5,-23,-22,-12,-4,-2,-4,-3,-11,handRelax
-7,-3,-7,8,0,-2,-4,-5,-7,-4,-1,-3,-4,-1,-2,-4,handRelax
3,1,4,-5,0,-2,-1,-1,-4,-13,-29,-4,-2,-4,-3,-2,handRelax
-3,-12,-10,-3,-3,-2,-4,0,1,2,-29,-2,2,4,0,3,handRelax
-8,-2,-19,-7,0,-1,-3,-7,-4,12,67,22,1,-3,0,-2,handRelax
-11,1,15,0,1,0,0,-5,-16,-25,-14,0,0,2,1,-2,handRelax
6,-7,-2,-15,-1,0,-1,-1,1,9,-6,-7,-2,-1,0,1,handRelax
6,6,-3,12,-4,0,0,0,-2,-4,-1,4,1,-3,-3,1,handRelax
-5,0,11,3,0,-1,0,-2,6,13,11,-10,1,0,3,5,handRelax
3,-7,-23,-9,-2,-2,-1,0,4,-6,-10,-3,-3,-1,-4,-1,handRelax
7,13,38,8,0,-4,0,0,4,7,-1,-9,0,1,0,5,handRelax
-14,0,17,-6,-1,0,-1,-9,15,-5,-8,-2,-1,-3,1,0,handRelax
9,3,13,2,2,3,2,4,-30,-10,-14,5,-4,-1,-1,-6,handRelax
0,8,4,2,-4,-1,-1,1,3,14,-7,4,-1,3,2,-1,handRelax
-4,-9,-2,-10,-3,-3,-1,-2,-11,1,2,-34,-3,-3,-1,-5,handRelax
1,-13,-12,3,1,-3,-1,3,10,4,19,13,0,0,-2,0,handRelax
-5,7,-6,-5,0,0,1,-1,4,-21,-29,-6,0,-1,0,1,handRelax
-7,-8,-4,-1,0,0,-5,-6,10,5,13,-2,0,0,3,3,handRelax
2,1,-12,1,-1,-1,1,-2,-1,-3,8,20,2,0,-5,4,handRelax
5,5,0,-5,0,2,5,5,-11,4,4,1,-2,-4,-2,-10,handRelax
-4,-8,-8,-5,-1,1,-2,-1,-7,6,3,-3,-1,-1,-3,-3,handRelax
8,6,2,0,-1,1,1,1,0,0,22,30,2,0,-4,1,handRelax
6,3,-20,2,0,-2,2,-2,11,4,-7,-8,0,1,3,4,handRelax
-9,-9,3,0,-3,-1,-3,-5,-11,-6,-11,-14,0,-3,1,-3,handRelax
-7,-4,-5,0,0,-1,-1,2,-12,-8,12,2,-1,-6,-4,-10,handRelax
7,7,12,1,-1,-1,1,5,10,26,24,-2,4,2,1,3,handRelax
7,-8,-7,1,-3,-3,-3,4,-7,-5,-16,-7,0,-2,-1,-4,handRelax
-9,0,-5,1,-3,0,1,-7,-2,-6,-20,0,1,-1,-2,1,handRelax
8,3,20,11,13,15,3,0,-8,-44,-105,-21,-8,8,-3,-7,handRock
-18,-21,32,-20,-28,-128,-72,-19,-15,-20,-17,-13,-3,125,57,3,handRock
-1,-3,-33,-1,-4,28,9,1,0,-14,-85,-20,0,-128,-62,-6,handRock
65,11,-19,45,31,-34,5,38,-3,10,76,31,0,-5,-26,-6,handRock
-93,-22,-18,-15,-45,-28,-98,-57,18,22,15,22,28,107,84,16,handRock
-6,-27,-83,-26,-3,46,16,-5,11,20,18,-10,21,13,9,9,handRock
11,9,22,3,-5,32,36,13,24,64,127,17,13,2,-44,7,handRock
10,36,127,12,6,56,32,1,-3,0,-30,10,1,-40,-4,2,handRock
0,-2,-29,-1,19,7,-32,-2,-13,-34,-87,-19,-11,-18,-14,-12,handRock
0,-4,-28,-18,-22,-102,7,16,11,1,-24,-2,14,-73,-64,1,handRock
-5,-31,-58,-9,5,77,62,5,-10,24,44,-11,-22,27,-5,-4,handRock
9,21,63,27,9,-128,37,33,13,16,75,42,-4,27,22,16,handRock
-61,-29,-123,-31,-13,83,26,-21,0,-44,-128,-30,10,127,74,-2,handRock
26,51,30,23,15,39,9,13,-3,-27,-128,-29,-11,14,6,-8,handRock
11,14,64,22,15,24,11,5,4,-17,-76,-12,-6,-28,-6,1,handRock
-13,-26,-65,-16,-2,55,29,-10,0,1,-7,8,-1,10,39,-1,handRock
2,-2,65,7,8,-51,-14,11,-7,-11,-52,-14,-8,-47,-27,-5,handRock
8,34,114,2,5,52,31,4,-6,27,85,6,1,21,8,-4,handRock
-13,-11,43,-1,-6,-5,-11,-5,22,-6,-35,3,9,17,-3,8,handRock
-35,29,63,40,9,-9,-16,-12,-41,-27,-11,-10,-3,57,38,-14,handRock
4,-19,-40,-5,19,17,8,7,20,-50,-128,-49,-14,-78,-34,5,handRock
19,23,41,13,-8,33,15,10,0,4,-19,-5,-8,61,42,3,handRock
-8,-20,21,-25,-54,-50,-24,-13,-10,-24,-89,-22,-12,-71,-43,-11,handRock
-6,-47,-128,-48,-13,23,31,-6,-2,-19,-32,-4,-9,-42,-53,-10,handRock
-36,-7,51,34,5,-17,-45,-11,8,30,81,16,21,35,18,10,handRock
-4,-27,-90,-15,-9,-40,-7,-6,-1,-11,-107,-15,0,13,7,0,handRock
12,57,127,27,11,17,15,4,6,34,117,14,4,24,4,2,handRock
8,0,-12,-3,3,-43,-31,3,1,-5,8,-4,-8,-12,-9,-3,handRock
-15,-3,-2,1,1,39,-1,-9,-6,-20,-25,-9,-7,-7,-8,-7,handRock
12,-1,-46,-5,-1,9,7,4,-8,-16,-40,-13,-3,5,3,1,handRock
-9,18,87,21,6,23,8,-4,10,-14,-14,-7,-5,10,8,1,handRock
-15,-40,-128,-59,-19,3,-2,-10,14,28,43,21,11,40,19,11,handRock
13,26,72,112,30,47,32,13,-3,-30,-41,-43,-10,-51,-18,-2,handRock
-3,-27,-53,-4,-17,-73,-36,2,-3,-12,-41,-7,-4,-41,-30,-7,handRock
-19,-13,-25,-7,-3,39,21,-8,6,0,15,1,5,10,5,1,handRock
3,2,20,6,2,8,5,2,-2,-4,-4,3,3,7,0,0,handRock
12,16,93,-1,1,-15,-14,-3,-3,-3,-38,-12,-2,0,-4,-4,handRock
4,7,48,11,-3,17,15,5,9,-47,-128,-29,-10,9,6,9,handRock
-37,-14,-5,-10,-4,-12,-22,-19,14,56,127,55,26,33,17,10,handRock
6,19,57,36,14,38,20,6,7,-7,-61,-16,6,-33,11,8,handRock
-11,-39,-128,-37,-16,-25,-16,-8,-12,-22,-43,-15,-23,-38,-23,-14,handRock
4,8,23,22,2,20,5,0,-8,-25,-117,-9,-7,5,-1,-3,handRock
-1,-16,-71,-24,3,6,6,4,5,33,116,22,6,7,10,2,handRock
13,30,3,23,5,5,4,7,0,23,103,17,2,2,-9,-2,handRock
-5,-23,-57,-18,2,2,-8,-5,-12,-22,-24,-12,-6,-4,-4,-7,handRock
-4,-5,-20,5,8,14,5,2,8,-8,-13,-4,-4,-2,-3,0,handRock
-1,-1,-21,-5,-1,3,2,0,7,-7,-17,-13,-4,-8,-22,1,handRock
11,-22,-74,-21,-1,16,9,12,-51,-39,-28,2,-8,-25,14,-16,handRock
4,27,68,16,3,51,22,5,9,18,26,-6,0,-18,-25,0,handRock
-5,-12,-40,-6,1,-33,7,-3,2,0,-11,-11,0,7,1,1,handRock
8,15,80,8,-1,8,0,0,-4,-5,-11,-10,0,0,0,-3,handRock
-3,-3,-9,34,4,0,1,-4,-2,-5,20,21,-2,-5,-3,-2,handRock
-3,-4,27,-19,-1,-5,-2,-2,-3,0,-1,-18,3,0,-2,-5,handRock
6,-1,2,-9,-1,-1,1,0,8,20,59,6,6,4,7,6,handRock
-17,-26,-73,-20,-9,-6,-4,-7,17,23,111,24,6,3,2,7,handRock
5,-11,-18,-5,-1,-3,1,0,-11,4,-16,-6,0,-2,-3,-9,handRock
7,48,23,12,-15,-18,-9,1,-11,16,8,-18,-2,9,6,-2,handPeace
-10,-45,-5,10,11,12,7,-3,-9,-40,16,-6,-10,-7,-8,-4,handPeace
9,28,-5,-20,6,38,1,-2,6,26,-38,22,22,33,19,12,handPeace
-11,-40,9,4,4,-8,1,-10,14,2,-21,-7,-8,12,12,4,handPeace
19,19,19,6,13,17,9,11,-2,60,85,5,-9,-26,-5,-1,handPeace
-3,-27,15,-18,-21,-25,0,-8,-12,10,43,-13,-21,-15,-7,-6,handPeace
3,90,19,19,0,1,-7,-5,15,-22,-30,27,12,10,6,9,handPeace
-3,19,10,28,12,8,13,-3,-4,29,1,-18,-11,-13,-21,-9,handPeace
0,-62,10,-9,2,0,-1,1,-14,-8,11,-19,-17,-24,-10,-12,handPeace
3,-6,-42,-8,13,51,4,3,1,31,-42,-21,2,6,4,8,handPeace
-11,3,38,7,-13,1,-3,-11,5,-16,7,11,-1,3,7,5,handPeace
-7,-8,-20,-4,-6,-4,-7,-5,-8,-3,-8,-8,-5,-21,0,-6,handPeace
1,-7,-19,-7,6,13,9,3,-1,-40,20,16,9,6,3,-2,handPeace
6,45,7,-6,-6,1,-10,0,-14,-12,-28,-11,-9,-25,-18,-8,handPeace
-24,-13,6,0,0,4,9,-12,-1,21,34,20,3,2,1,-4,handPeace
0,45,9,-5,-5,-7,-3,-2,1,-42,-12,11,-1,-31,-12,-1,handPeace
-10,-21,-10,14,16,10,-2,0,-7,-19,18,11,6,9,10,-1,handPeace
-7,-4,4,-4,-4,-12,-20,-5,-12,-36,-31,2,-4,0,1,-4,handPeace
-7,22,5,4,0,14,11,2,4,43,9,-22,-12,10,0,-3,handPeace
-2,-36,25,7,2,-6,-6,0,4,-32,9,-4,-2,5,3,2,handPeace
6,30,-19,-4,1,15,7,3,-2,30,3,-4,-8,-9,-11,-7,handPeace
2,55,21,-13,-22,-34,-17,-6,-5,-19,-4,-3,-3,3,3,-1,handPeace
0,-14,-24,-36,-8,-2,-1,-1,-10,13,41,13,0,6,-3,-8,handPeace
-7,-8,-3,9,6,5,8,-3,1,47,-31,-20,-12,-24,-5,-4,handPeace
-1,34,-5,-9,-12,-12,-7,-2,13,-7,23,5,13,12,6,9,handPeace
2,-17,7,-8,-3,-1,-4,-5,-1,-16,-10,-7,-8,-7,-11,-4,handPeace
-11,-4,13,6,6,13,8,6,5,19,0,7,-1,3,2,-2,handPeace
2,-8,-20,-8,0,5,-10,3,-1,-14,-3,-9,-15,-23,-16,-7,handPeace
9,47,37,-1,1,-2,11,-1,-4,-28,-14,17,5,10,9,-2,handPeace
-10,-33,-20,12,5,0,1,-6,-8,-28,-13,-10,-5,10,14,-2,handPeace
6,44,2,-14,0,-5,-13,1,-5,22,-1,3,8,5,-17,-1,handPeace
-1,25,18,-10,-7,-4,-6,1,-1,-17,-28,-20,-6,-14,-8,0,handPeace
-3,-67,-48,0,10,12,12,10,2,0,16,18,2,2,5,-4,handPeace
6,44,18,-1,-4,6,0,-4,-20,3,9,4,-3,-3,-4,-11,handPeace
8,-27,-15,-4,1,-3,-4,9,7,1,-2,-8,-2,-7,-4,5,handPeace
1,29,21,0,-6,-6,5,-1,8,-6,5,2,-4,7,-1,0,handPeace
16,-2,3,-7,-2,7,4,9,-31,-8,5,3,2,-5,-9,-9,handPeace
7,15,-4,-6,-8,2,-2,1,-9,-22,-9,-11,-1,10,10,-6,handPeace
10,13,8,10,10,8,5,11,-5,2,-3,11,7,-24,-13,-7,handPeace
2,15,-11,-4,2,1,-3,4,-6,-11,16,4,4,4,2,-3,handPeace
1,8,2,-4,-1,-1,1,1,3,29,34,20,-5,0,-4,-2,handPeace
-4,6,6,0,-1,3,-4,-6,-4,6,0,-3,2,-1,0,3,handPeace
6,-19,-20,-9,-6,-11,-7,3,-4,-7,-9,1,-2,-5,-3,1,handPeace
5,6,0,-1,-16,0,1,2,-3,-28,-21,-1,3,3,3,1,handPeace
-9,-4,10,8,0,-2,-2,-6,-6,10,11,-2,-8,-5,-5,-8,handPeace
8,-11,-9,-4,-1,1,-3,5,-2,-1,-5,6,7,3,5,0,handPeace
-8,-28,-10,5,3,-1,-2,-3,0,14,-9,-1,-2,9,4,-3,handPeace
-1,-19,-49,-47,6,35,13,6,1,-14,4,1,-1,-8,-6,1,handPeace
10,12,23,4,-8,2,1,2,-2,21,27,13,-7,-16,-23,-16,handPeace
-3,27,-5,0,1,4,4,-4,10,14,16,8,-11,-40,-26,2,handPeace
-4,-10,23,-3,-20,-20,4,-1,1,27,-14,-16,-7,3,6,0,handPeace
0,-2,-21,1,-2,-66,-30,-7,-6,-12,-5,0,-4,0,-2,-2,handPeace
1,-1,3,-4,1,11,-3,3,4,-12,0,-6,6,31,17,5,handPeace
2,7,3,-2,-1,2,15,2,6,52,-3,2,2,8,9,4,handPeace
-4,-5,12,0,-9,-8,-16,-7,0,22,8,7,4,3,-2,-2,handPeace
-9,20,10,-14,-5,-15,-6,-10,4,-19,-2,3,1,11,7,4,handPeace
-1,26,48,-9,-9,-3,3,1,-3,3,-5,11,127,13,-3,-4,handOk
6,0,5,-1,-3,0,-1,4,1,-15,-27,17,-3,-2,-6,-1,handOk
0,-5,7,-1,-4,-3,0,-4,5,-5,15,-9,6,2,1,-2,handOk
-21,-31,-40,-11,-6,-2,-3,-12,-24,-23,-43,-1,-3,-5,-2,-8,handOk
11,11,41,-2,-4,0,3,5,2,11,-18,6,7,9,-7,-5,handOk
-8,-65,-96,-6,-11,-13,4,3,-9,-13,4,-5,-4,-9,-4,-8,handOk
9,115,95,16,4,7,-3,-2,-6,-43,-50,3,7,2,-1,-6,handOk
0,-75,-44,-3,1,-25,4,3,22,27,29,-9,-13,-11,-3,7,handOk
6,12,27,6,5,-7,5,7,-11,-11,9,-1,10,10,2,2,handOk
-30,-22,-29,3,-4,-3,-3,-15,-5,-11,1,-7,-6,-5,-5,-4,handOk
13,34,90,20,2,10,-3,4,-3,-65,-123,12,1,1,0,-1,handOk
13,22,-81,-63,-44,-9,3,11,15,57,127,49,10,5,5,3,handOk
-2,-1,10,4,-4,-8,-7,-4,2,-13,-59,-20,5,10,3,4,handOk
2,7,61,-35,-11,-10,-12,-7,-5,-13,10,0,1,-29,1,0,handOk
-6,-17,-76,-10,-5,0,2,0,0,13,19,6,8,22,4,-1,handOk
-17,19,98,18,-6,-6,-5,-11,-9,-33,3,1,-3,-1,6,-2,handOk
42,119,72,16,24,31,13,25,5,-7,-21,-10,-18,-25,-2,5,handOk
-1,0,3,11,71,12,5,5,0,1,-15,-29,-15,-7,-3,-6,handOk
-5,-4,10,-19,-5,-4,-6,-15,0,-33,-17,-12,-3,-1,1,2,handOk
8,22,49,-3,-7,-2,-4,3,-14,37,67,1,-6,-5,-5,-9,handOk
-8,-26,-58,9,-5,2,0,-5,-4,-25,26,6,5,3,1,-1,handOk
11,57,23,35,21,7,0,3,-41,-35,14,2,0,-4,-8,-17,handOk
0,0,-3,-3,-1,2,-5,-1,-17,-1,-33,-9,-5,-4,-4,-11,handOk
0,20,30,-3,-6,-13,-2,-2,3,24,7,-5,-4,-7,-2,1,handOk
33,35,40,-4,-11,1,4,10,13,39,14,39,8,2,-5,0,handOk
10,-11,15,1,0,3,8,10,2,1,4,33,-15,1,-7,5,handOk
0,-12,-19,-10,-3,-1,1,0,5,9,15,-2,-2,0,14,-2,handOk
11,0,-6,-9,0,-2,-1,0,5,0,7,21,7,-8,-3,5,handOk
-35,-15,-8,-7,-1,0,-4,-14,-6,4,-22,-12,-4,1,0,-3,handOk
-7,-30,-28,-9,-3,5,0,-1,16,44,50,7,-15,-4,5,7,handOk
2,-5,15,-1,-1,2,0,1,-6,-28,-23,-18,10,5,-2,-5,handOk
5,61,38,-1,-9,-3,-2,0,-2,8,-6,0,1,-9,3,3,handOk
-16,-34,-39,17,11,2,0,-7,-10,-26,-11,14,-8,-2,-4,-5,handOk
23,50,65,-11,8,-1,0,7,-5,-9,9,8,30,7,-1,-6,handOk
-58,-25,5,9,-3,0,-1,-17,-1,-28,-54,-9,1,0,5,1,handOk
-2,21,-17,-9,-7,-6,0,-3,5,6,32,4,-4,-5,-3,0,handOk
14,15,-8,-9,2,-2,1,3,-1,-1,-9,-10,-4,-2,0,1,handOk
0,2,-11,6,-3,-2,0,-3,-5,0,7,5,-1,-2,1,2,handOk
4,14,13,-13,2,0,1,3,7,-4,2,-9,-8,-4,-3,1,handOk
11,-11,-55,-19,-6,-7,-4,-1,0,6,2,-18,-4,-3,-4,-2,handOk
-18,-30,11,14,10,11,7,2,8,12,16,3,-1,-2,-2,-1,handOk
-31,-35,-58,5,-2,-1,0,-8,-11,-23,-47,-10,-5,-3,-8,-7,handOk
0,-19,46,8,-2,1,-3,0,10,42,85,5,7,4,8,9,handOk
13,40,22,-3,4,2,3,7,0,-6,-10,-13,5,1,8,4,handOk
0,-4,1,-3,-5,-2,-5,-6,0,-13,-35,2,-1,-3,-5,-4,handOk
0,14,15,7,6,-1,1,1,-9,-31,-2,7,-3,-2,4,-4,handOk
-3,1,0,-15,11,2,0,-2,-4,34,1,-29,-4,-1,-5,-2,handOk
2,-8,-21,-6,-5,-4,-5,-2,14,4,-8,0,-3,-3,-2,8,handOk
1,-1,-31,-2,8,6,3,0,-12,0,13,-19,-1,4,3,-2,handOk
7,15,0,-2,-1,0,-1,3,5,10,49,18,2,-2,-1,4,handOk
7,-1,-5,-18,-15,0,-2,0,4,8,-44,-13,1,3,8,5,handOk
-9,-8,-24,-15,-5,0,-2,-5,-2,-5,-14,0,2,3,3,1,handOk
0,8,-14,-6,-3,-3,-5,-4,1,2,-10,-5,-3,-4,-4,-4,handOk
-2,1,2,1,-2,0,-4,1,-3,2,-10,-10,0,-1,0,-1,handOk
