-8,5,10,24,10,3,1,2,-17,-33,-87,-26,-43,-35,-37,-18,handClose
-128,2,36,-13,-36,-61,-33,-41,127,12,32,7,14,22,34,28,handClose
95,-97,-115,-12,-14,8,3,26,-8,-5,-101,30,-23,-28,-14,-4,handClose
-24,-21,-20,15,-15,-37,-13,-20,-20,-16,18,14,-12,8,3,-10,handClose
-19,-53,-72,-44,28,29,10,-8,-69,-16,-4,17,-9,6,-14,-34,handClose
-60,2,7,0,0,5,-11,-20,98,67,127,41,69,53,55,47,handClose
-67,-12,0,5,-38,-76,-50,-38,-19,-57,-128,-41,14,74,0,-14,handClose
90,42,62,-16,26,55,37,52,79,4,48,-71,-62,-83,-31,-18,handClose
-28,-51,-3,24,-5,-43,-27,-11,-31,-28,-68,-15,11,-58,6,-10,handClose
24,-4,127,-12,-23,3,-11,-23,115,101,91,2,1,-16,-22,16,handClose
-18,15,-3,16,-3,-10,-8,-7,-17,-38,-124,11,21,25,18,18,handClose
-10,-2,15,34,16,-19,1,2,127,62,127,-3,-60,-128,-16,82,handClose
-128,-26,10,5,-19,-39,-24,-32,59,-128,-128,-88,-23,-106,-37,-6,handClose
127,72,127,74,86,127,103,100,-41,9,35,38,13,1,-8,-52,handClose
-79,8,3,-40,-15,-11,-15,-13,-82,-42,35,-41,-68,-100,-33,-30,handClose
-41,-8,28,19,2,-12,-13,-6,127,-33,-128,-66,80,106,57,105,handClose
-128,41,97,29,-30,-64,-28,-90,-52,-25,65,-47,-61,-68,-45,-37,handClose
21,-16,-68,-12,-26,-22,-13,-10,-98,16,64,32,20,-82,-44,-42,handClose
12,52,16,5,18,31,11,8,5,30,84,20,18,47,36,12,handClose
-38,-33,36,-3,-44,-42,-29,-17,4,3,-17,-37,-19,-7,-5,-1,handClose
47,16,0,21,26,2,15,12,-17,-10,-15,-18,-9,-10,-14,-12,handClose
-9,-4,-5,18,33,40,17,8,19,3,-5,1,-11,-26,-8,11,handClose
25,-47,-62,-4,-3,-14,-11,-11,-1,-2,-7,8,-25,-12,-8,-8,handClose
-1,-7,-17,-29,-20,-18,-9,-5,-6,5,6,3,-1,0,3,-2,handClose
-5,-2,3,7,-3,-21,-3,0,-6,3,0,5,-2,2,3,-1,handClose
-128,-17,72,7,-26,-53,-29,-50,-1,-1,8,0,2,1,2,3,handClose
127,33,46,11,33,102,74,105,-10,-15,-7,-12,-5,-1,-2,-3,handClose
-69,-24,1,-22,-17,2,-5,-14,-128,-16,11,3,2,-1,-3,-40,handClose
-2,2,26,15,-8,-15,-6,-11,127,83,79,12,7,-28,-4,55,handClose
-11,-4,-11,-12,-6,-7,-3,-5,23,6,-1,12,0,15,5,0,handClose
-5,-1,-7,2,4,-2,-1,-5,-11,-3,-9,-2,-3,-5,-3,-8,handClose
1,-1,-9,-13,-2,3,0,1,1,-1,1,32,-9,-40,-10,-3,handClose
1,-2,-7,-13,-4,2,-1,-3,3,1,-5,4,27,28,10,5,handClose
2,0,0,3,-3,-18,-4,-3,2,1,1,-1,-3,4,-4,-1,handClose
3,-3,2,0,12,104,38,6,-5,-3,-6,-22,-41,-60,-19,-6,handClose
2,3,-1,4,7,-10,-6,-2,-6,-3,-10,-25,-26,-16,-6,-2,handClose
-2,-2,0,14,-3,-19,-6,-3,-5,-1,3,-3,-13,-60,-25,-6,handClose
-2,-4,-1,-4,-6,-9,-4,-2,0,3,3,10,17,40,32,8,handClose
0,-1,-4,9,-6,-5,-3,-1,3,-2,5,1,7,14,11,3,handClose
1,-2,-4,-24,-8,-15,-8,-7,-2,-3,21,16,2,-4,-6,-3,handClose
0,-3,-10,-2,-11,-11,-3,-3,0,1,-7,13,12,4,2,0,handClose
-8,-5,16,32,5,-3,-6,-7,-5,-1,-8,9,2,3,0,1,handClose
2,-1,-3,-8,1,1,3,1,2,0,-11,-16,0,1,6,2,handClose
1,1,2,-6,-6,-3,0,0,0,0,-1,-12,-25,-5,0,1,handClose
2,-2,0,6,3,3,3,0,1,5,4,14,30,-2,-4,0,handClose
-1,3,10,10,1,-3,-4,0,-2,-6,-4,-18,-17,3,3,0,handClose
5,2,0,-6,2,3,1,1,-4,-8,-8,-13,-20,-6,-3,-4,handClose
1,5,10,27,30,22,4,8,-4,-1,-5,-20,-11,-3,0,0,handClose
-12,-15,-27,-45,-49,-28,-13,-9,0,-1,-1,19,5,-6,0,0,handClose
0,-2,-4,-19,-6,-3,-1,-2,-5,-1,2,-7,4,0,-1,0,handClose
-4,-2,0,8,-1,-1,-5,-3,2,5,9,26,8,2,2,3,handClose
2,0,1,1,2,-6,-1,-3,-2,-2,3,4,8,1,-3,0,handClose
-1,-1,0,8,-3,-6,-7,-2,-3,-1,-1,-1,-23,-1,-5,-6,handClose
-17,-25,-31,-9,-14,-19,-18,-14,-38,-28,-23,2,-12,-66,-35,-23,handClose
3,13,-8,-11,0,-12,-4,-1,81,78,100,18,43,93,73,60,handClose
-17,-17,-13,4,-25,-36,-19,-18,-3,-2,-19,-17,-7,-2,-4,-2,handClose
-6,46,26,41,-25,-21,2,1,-2,124,8,-74,-32,0,1,-1,handOpen
29,-84,27,22,-45,-35,-30,-21,-6,-128,-24,-1,13,-12,-11,4,handOpen
-10,22,52,-42,-5,-16,-13,-2,-11,38,-31,52,127,127,87,26,handOpen
-10,110,86,51,46,-10,-3,-1,26,-35,9,65,-90,-46,-12,-3,handOpen
-33,-124,-117,-99,5,40,-4,-8,-24,-4,13,24,46,-24,-27,-16,handOpen
-26,31,33,-43,-128,-47,-32,-21,-21,9,-19,-15,3,-13,8,9,handOpen
-21,-30,62,127,46,-72,-59,-25,59,19,9,-37,-60,45,46,18,handOpen
1,-75,-43,-118,-15,44,62,15,3,16,-44,-61,46,127,98,26,handOpen
-1,6,3,81,62,42,-16,1,-10,6,40,119,6,-5,3,9,handOpen
17,36,88,35,127,57,29,11,-9,8,-77,-65,-35,-91,-52,-22,handOpen
2,-17,-128,-128,-128,-32,-17,-13,13,30,12,57,28,27,11,10,handOpen
5,37,-2,-5,-37,-29,-20,-6,94,94,56,42,66,127,120,48,handOpen
-42,-50,21,-36,-46,-102,-50,-24,46,11,-77,-128,-57,-38,-23,1,handOpen
5,9,18,-2,-41,-60,-30,-7,-51,-115,-23,-128,-128,-64,-28,-17,handOpen
57,22,126,127,127,111,57,30,-33,10,70,127,87,27,1,-14,handOpen
-4,-128,-127,-128,-128,-48,-42,-33,-6,15,105,-10,-58,-7,1,4,handOpen
-33,23,20,89,-11,-21,-15,-8,1,7,1,-4,18,-63,-50,-6,handOpen
-25,3,-34,-67,-84,-128,-87,-31,8,16,-20,-51,14,127,127,33,handOpen
-1,-12,32,55,65,2,38,14,-8,-70,44,48,32,-28,-24,-14,handOpen
11,24,42,25,-36,0,34,20,-35,-128,-104,-23,-128,-74,-38,-19,handOpen
10,21,-48,-76,-41,31,-8,0,-21,-128,-76,-128,-128,-66,-42,-22,handOpen
13,9,-18,-128,-128,-45,-12,-9,-4,11,18,-16,31,-18,-20,-5,handOpen
-35,-37,-2,28,66,10,-9,-12,2,13,77,127,-4,16,23,7,handOpen
-4,-1,-22,-9,16,-25,-14,-8,-4,3,16,1,-23,-47,-10,2,handOpen
-2,-20,-10,13,50,44,4,3,16,-5,-7,-13,3,43,25,11,handOpen
10,8,15,45,64,43,47,19,16,9,-21,-63,-45,-30,-15,-4,handOpen
-1,9,-2,23,-41,-24,-5,-1,-16,-20,-4,19,-44,-76,-58,-27,handOpen
-5,-3,-31,-82,-29,0,0,-4,4,32,28,75,111,20,8,4,handOpen
-9,-13,-45,-96,-53,-25,-16,-9,-10,-25,-35,-113,-128,-59,-29,-13,handOpen
0,5,1,7,33,66,12,3,-10,-128,-45,-24,-16,0,-1,-5,handOpen
3,7,11,55,86,18,8,5,1,6,8,5,14,-19,1,2,handOpen
-12,-34,5,89,101,-5,-13,-12,5,24,50,97,11,4,3,-1,handOpen
-14,-128,-37,-4,-8,-6,-6,-4,-4,-1,6,-4,6,-7,-12,-5,handOpen
-1,-6,2,-36,-42,-12,-8,-4,-1,-3,-4,25,-9,-16,6,8,handOpen
-10,-62,-32,-22,8,-6,-10,-7,2,-4,10,16,19,17,10,5,handOpen
5,83,-7,-4,26,19,10,5,2,6,13,-3,-7,25,5,1,handOpen
-12,-50,5,49,-44,-26,-15,-11,1,0,-10,-23,-46,2,7,3,handOpen
2,4,15,1,16,7,2,2,0,-9,14,54,11,13,0,2,handOpen
-6,-9,-50,-50,-58,-25,-7,-5,3,2,4,-26,-40,-32,-3,2,handOpen
-3,-5,25,24,-16,5,-7,-6,4,-2,-4,-13,-47,5,2,3,handOpen
1,-1,10,13,20,38,18,6,-11,-20,-14,-20,25,-15,-15,-15,handOpen
7,10,3,-25,35,67,31,10,3,-36,3,-2,-26,-16,-9,0,handOpen
2,5,58,41,2,17,13,3,-5,21,-67,-9,-11,-37,-19,-7,handOpen
-12,-8,-51,-29,18,-5,-14,-8,-6,0,3,12,6,-7,-8,-3,handOpen
-1,13,23,53,-7,-17,-7,-3,4,1,7,-1,1,-5,0,2,handOpen
2,-5,-11,-6,0,4,-1,-1,0,-1,-10,-6,-11,-1,2,-1,handOpen
-4,-12,6,25,42,2,0,0,2,3,2,-5,1,0,2,-1,handOpen
-5,4,-30,-116,-128,-19,-1,2,-5,-19,32,112,25,2,2,3,handOpen
-4,42,-7,1,-22,-19,-8,-7,-2,2,-14,-41,-9,0,-2,-2,handOpen
2,0,-4,9,4,-3,0,4,-2,3,5,2,5,-4,2,0,handOpen
-3,-1,2,-10,-4,-8,-7,-3,1,2,1,4,13,15,3,-1,handOpen
-3,-3,-7,-11,-11,-36,-15,-5,2,2,16,-8,14,23,31,6,handOpen
-1,4,16,-4,-13,-13,-1,1,4,3,4,13,13,0,-6,-1,handOpen
-2,0,1,4,-18,-39,-20,-2,-9,-9,-10,-25,-47,-59,-35,-18,handOpen
8,2,14,6,35,79,27,7,-3,-4,0,0,14,19,8,2,handOpen
-7,-3,-13,1,-12,-45,-32,-11,0,-4,-7,-17,-16,-36,-13,-4,handOpen
89,-32,-9,11,11,-4,-2,13,-114,5,111,8,-14,-24,-23,-54,handThumbsUp
-28,89,48,-47,21,27,19,12,-53,-45,88,-41,-33,-11,-11,-27,handThumbsUp
-23,-62,107,93,-21,-43,-37,-35,-23,-7,-72,-17,39,39,37,25,handThumbsUp
-51,-27,17,127,-26,-48,-16,-4,60,28,23,-36,-9,-12,-6,5,handThumbsUp
49,13,127,4,-29,-21,-10,0,-35,-34,-7,-128,17,35,7,-12,handThumbsUp
2,-1,-101,-5,23,12,0,-2,21,35,53,-73,-9,12,15,16,handThumbsUp
-30,-11,-8,-13,-27,-20,-9,-17,-24,-128,-128,-78,-17,-15,-17,-14,handThumbsUp
-48,-70,49,-49,-128,-110,-71,-58,-11,24,83,-33,-10,-4,-5,-7,handThumbsUp
-33,26,99,-86,-27,-12,-4,-3,29,69,-14,5,83,80,41,34,handThumbsUp
19,43,-60,21,18,22,19,12,-128,10,124,42,64,49,26,-19,handThumbsUp
-17,-7,-41,-10,-42,-40,-30,-17,127,36,-87,127,-47,-49,-29,20,handThumbsUp
9,38,-11,16,15,10,28,13,-34,-128,-128,-128,-88,-46,-29,-22,handThumbsUp
-9,-19,-61,8,-13,-47,-28,-10,-16,33,68,34,60,43,16,5,handThumbsUp
16,50,53,41,46,127,34,21,14,8,-92,-101,-1,-3,-9,4,handThumbsUp
3,-25,-128,-75,-42,-28,3,-7,-57,-35,127,-74,8,-15,-17,-26,handThumbsUp
-5,6,31,-53,-17,-8,-9,-19,62,-67,-128,-39,-29,-29,-12,10,handThumbsUp
-28,-46,12,39,32,5,-14,-12,13,-20,-13,-1,5,8,10,28,handThumbsUp
-5,81,-2,-96,-7,28,23,16,-23,-5,69,-29,19,4,-3,-8,handThumbsUp
14,-42,-128,-31,-23,-21,-17,-11,13,-57,-115,-26,21,31,17,13,handThumbsUp
26,-18,17,5,-3,-1,6,14,-16,-10,1,127,35,8,-3,-3,handThumbsUp
-8,24,12,-29,-23,-6,-1,-3,10,80,127,-47,-12,-6,3,8,handThumbsUp
-14,-10,-37,88,50,19,5,-2,-30,-28,6,122,-2,-53,-44,-39,handThumbsUp
22,36,-19,-54,-37,-4,14,24,-12,-62,-97,-128,-98,-8,-18,-13,handThumbsUp
-13,4,-16,-32,-40,-32,-19,-10,15,-23,-35,18,-11,5,7,11,handThumbsUp
1,6,-76,-3,18,2,2,2,3,46,93,64,47,13,3,4,handThumbsUp
-2,-10,8,-51,8,3,2,2,-27,-1,36,38,4,3,1,1,handThumbsUp
-6,26,76,20,7,8,14,7,39,2,80,-12,-23,-28,-20,-13,handThumbsUp
7,50,34,59,-13,3,7,7,0,31,18,-3,12,7,6,3,handThumbsUp
-15,14,-15,28,-7,-4,-1,-4,-19,0,-8,-17,19,7,-6,-8,handThumbsUp
-29,-37,-21,-128,-11,0,-4,-12,2,9,-24,-9,20,16,8,-2,handThumbsUp
32,3,-18,36,-5,-11,0,13,-17,-23,51,-24,-31,-25,-16,-16,handThumbsUp
-10,-45,-128,-128,-7,-8,-11,-9,0,-24,-12,-31,4,6,3,1,handThumbsUp
-10,-17,5,-80,-42,-7,-7,-6,15,36,54,127,13,7,4,7,handThumbsUp
3,15,6,25,23,-11,-7,2,-1,-10,-13,-50,-35,-16,-5,0,handThumbsUp
1,-10,5,19,-4,28,16,4,-5,0,32,25,16,2,-2,-6,handThumbsUp
8,4,23,25,0,1,4,8,-4,-12,-4,4,5,0,-4,-2,handThumbsUp
-22,-10,-12,-8,1,5,-1,-11,11,25,0,-19,3,4,1,4,handThumbsUp
-49,-14,6,-18,5,2,2,10,-14,-18,-126,1,0,-1,-8,-13,handThumbsUp
80,47,74,43,14,7,7,12,-27,-35,-6,47,-13,-11,-8,-16,handThumbsUp
-26,-115,-4,-40,-34,-5,-10,-9,0,26,-15,3,-16,-5,-8,-5,handThumbsUp
10,15,44,-19,13,1,0,-4,-5,6,43,70,20,-1,3,2,handThumbsUp
-3,-43,-72,6,15,1,-3,0,2,-1,-18,13,32,19,10,3,handThumbsUp
-17,-2,28,-26,-7,-11,-14,-24,-14,-36,7,37,-26,-23,-11,-5,handThumbsUp
1,2,-4,16,9,7,2,0,3,15,-3,-25,0,0,1,4,handThumbsUp
1,-7,-6,36,-18,-18,-8,0,4,2,21,4,11,8,5,3,handThumbsUp
4,53,81,-34,8,23,13,6,3,7,-27,36,11,9,0,-2,handThumbsUp
-8,-20,-16,78,14,7,-7,-7,-58,-24,-127,-112,-50,-21,-6,-22,handThumbsUp
-10,3,14,8,2,4,0,-3,61,-23,-71,-40,-19,-27,-8,24,handThumbsUp
-9,1,7,17,3,-5,0,-3,10,2,6,-4,-3,-1,-1,1,handThumbsUp
-4,1,0,-31,-22,-7,-4,-3,0,-9,-5,-10,8,7,-1,-1,handThumbsUp
-7,4,-4,6,4,0,-3,-3,0,-2,-11,12,-5,1,1,-4,handThumbsUp
2,-2,-1,-4,3,4,1,1,-3,-3,-5,-4,-2,-4,-3,0,handThumbsUp
-1,2,1,3,-1,3,1,-1,0,-2,-5,-13,-1,2,0,-1,handThumbsUp
1,0,0,2,-17,-8,-4,0,2,-1,-2,-11,4,-1,4,5,handThumbsUp
1,-2,-4,-8,2,1,1,0,-3,-2,-16,33,9,8,1,-6,handThumbsUp
3,10,30,24,2,-7,-1,6,-5,-7,3,-10,-16,-6,-3,-5,handThumbsUp
-22,21,52,-29,8,-4,-8,-18,-128,-12,19,6,13,-2,-7,-48,handIndex
-84,-13,-53,-22,-14,10,8,-14,52,-38,15,10,-4,-10,6,9,handIndex
-50,1,23,17,9,-21,-27,-33,-70,13,28,26,8,13,11,21,handIndex
13,-6,9,17,1,12,4,26,32,-9,-4,-4,16,45,26,-11,handIndex
50,-6,-10,-15,2,18,9,20,42,31,32,16,-23,-51,-36,-20,handIndex
109,-15,-70,-31,44,16,27,90,-94,-3,10,14,18,-23,-12,-43,handIndex
-55,-3,16,45,2,66,31,-4,-46,0,-5,7,2,0,-7,-21,handIndex
-59,103,16,8,30,-3,-11,-13,127,-10,-4,-9,-21,-23,7,127,handIndex
16,-37,-17,-11,-35,-33,-9,-3,-62,-13,-15,-31,-45,-32,-62,-128,handIndex
127,99,33,25,49,12,20,59,-36,1,-1,-25,-60,-50,-30,-42,handIndex
-128,-22,-12,23,-23,-12,-4,-14,-5,-2,3,-8,40,71,21,6,handIndex
76,-2,46,-23,-32,13,10,64,-128,-3,-32,-3,21,59,20,-70,handIndex
-84,-14,-33,-32,-12,-24,-25,-95,49,-128,-10,-35,-93,-58,-21,92,handIndex
127,32,1,24,31,3,4,58,-15,-2,-15,-20,2,41,19,0,handIndex
64,1,-19,-27,-58,-37,-32,-12,12,-15,-17,31,30,-57,-32,-13,handIndex
-9,-45,11,21,41,17,11,-11,-58,-13,4,-20,8,-36,-10,16,handIndex
-49,-16,-1,-3,-33,-24,-14,-25,-70,-5,51,-8,-11,79,41,-19,handIndex
-103,-2,24,13,-60,-24,-7,-19,-1,4,12,-12,26,-50,-28,15,handIndex
-48,-10,-10,-29,-12,-32,-32,-50,7,26,12,26,2,127,74,-9,handIndex
81,19,-11,-25,-12,-27,-15,30,11,3,35,30,0,-8,0,22,handIndex
-26,-7,5,2,9,16,6,-5,-6,-6,-1,2,44,-12,-19,-11,handIndex
-6,-12,-27,-11,-3,59,30,16,-27,0,4,5,-4,0,-3,-20,handIndex
-65,1,10,-3,37,51,19,-44,6,-6,1,4,41,15,6,21,handIndex
45,8,20,29,11,-4,-6,20,48,-12,17,17,-15,-4,-1,-2,handIndex
24,-4,4,17,-32,-41,-22,-3,-15,8,4,0,-12,-46,-28,-7,handIndex
24,-2,3,-8,0,3,1,7,-61,16,-2,-33,-44,-30,-8,-21,handIndex
-12,1,3,-10,-1,1,1,-2,64,-15,-37,-15,12,3,-3,13,handIndex
-13,4,11,19,2,-2,-2,-9,14,6,6,14,11,15,6,-1,handIndex
9,9,-2,4,14,14,9,4,-24,-1,7,3,-1,2,-5,-15,handIndex
-15,-3,-17,7,6,-1,-3,-8,45,7,26,22,18,-17,-12,1,handIndex
-52,-2,2,-21,9,10,5,-10,7,-5,0,-16,-33,-10,-3,0,handIndex
66,-7,2,4,-7,-5,-1,11,-68,-4,-5,-35,-6,-8,-8,-9,handIndex
-34,12,37,6,-10,0,0,-12,53,3,-3,0,-1,-3,-1,-6,handIndex
-4,6,11,1,3,-8,-4,4,82,4,-23,-8,-1,-6,8,25,handIndex
-7,-7,-17,-4,-37,-18,-7,-1,18,0,16,1,20,4,7,3,handIndex
-2,-2,-5,-8,-4,-18,-18,-5,-29,3,10,2,-9,13,-1,-9,handIndex
-3,0,-3,-2,12,52,11,1,-28,6,6,-6,-18,1,0,-23,handIndex
-5,1,13,6,7,4,2,-3,3,1,4,13,10,25,26,10,handIndex
-3,-1,4,24,15,1,7,3,-35,-3,-1,-4,4,-7,-9,-20,handIndex
-10,-3,-2,-3,-1,-17,-10,-7,41,2,3,-2,-11,-28,-5,19,handIndex
-25,-9,17,2,4,6,1,-8,-2,0,-14,-7,3,29,1,-4,handIndex
-122,-15,-22,-2,-4,-3,-7,-45,26,13,4,2,-6,-13,-7,-4,handIndex
127,13,4,-19,-7,-6,3,70,-22,-4,-19,-18,0,-13,7,-5,handIndex
-66,-4,-11,6,1,-2,-8,-19,8,11,39,-7,-4,21,4,0,handIndex
70,-5,-1,0,-3,3,10,23,-9,-17,-39,-3,4,25,15,0,handIndex
-6,4,-9,17,11,10,-2,-2,-36,-12,-25,-9,-13,-23,-13,-29,handIndex
-108,-12,-14,-20,-3,-2,-7,-41,-24,-1,3,-8,-2,-12,-6,-11,handIndex
127,17,20,0,-3,-9,0,58,-17,-6,-16,-1,0,-8,-8,-4,handIndex
-28,17,14,12,-12,-29,-25,-46,-8,-3,22,-3,-4,13,9,2,handIndex
-3,7,23,7,2,0,-2,0,-23,8,35,-2,3,32,19,-6,handIndex
-5,0,-3,-2,-1,0,-3,-1,5,-22,-23,-27,-6,2,7,15,handIndex
1,-1,-5,-2,-3,0,0,-2,-15,0,20,2,0,-4,-8,0,handIndex
-20,-3,6,3,1,5,-1,0,11,-1,-9,-1,-7,-11,-5,-1,handIndex
-27,12,1,-2,-13,-19,-13,-14,-128,-9,18,1,-6,-17,-24,-59,handIndex
-112,3,30,-12,-8,-31,-6,-14,-1,-71,-6,72,127,55,-4,3,handFlip
-26,2,-4,-3,13,-4,-2,-2,-55,4,-19,-55,-93,-35,4,-19,handFlip
-27,-4,-9,-31,-86,-27,-8,-10,127,0,-1,11,-9,14,0,12,handFlip
-28,-11,5,67,112,22,-9,-13,-37,-3,0,8,20,6,-3,-8,handFlip
-5,4,-2,-36,-52,-11,2,5,57,39,10,-35,-66,-9,13,23,handFlip
-20,12,-13,-27,-21,-8,-1,-6,-36,-74,-4,22,43,16,-6,-11,handFlip
1,-81,-10,38,66,18,-2,-7,-15,12,3,9,16,-15,-10,-13,handFlip
2,89,11,7,-7,4,3,18,64,5,-15,-40,-41,-14,-10,-5,handFlip
-38,-128,-13,35,46,-4,-13,-22,15,12,4,-11,-21,19,22,10,handFlip
76,11,0,-39,-58,-22,-1,25,-3,13,10,38,56,32,-5,-11,handFlip
23,-4,-4,-3,-22,1,1,4,-82,-27,-13,-18,-11,-19,-4,6,handFlip
17,-6,1,22,39,0,-6,5,-20,-20,4,-16,-33,3,6,2,handFlip
30,33,-3,29,65,9,-4,-2,14,-1,-3,-5,0,-4,2,9,handFlip
-37,20,8,18,37,23,3,-6,-2,-3,3,-13,-32,6,0,2,handFlip
69,-25,5,16,10,-6,-1,18,-39,1,-7,-28,-62,-31,-15,-11,handFlip
10,22,5,-4,-5,-3,-5,-16,30,7,0,-12,-24,-11,7,21,handFlip
-29,1,-7,-15,-14,-18,-13,-22,18,127,10,2,-2,-9,-8,-1,handFlip
-4,3,-2,-13,-18,-30,-13,-1,-5,70,5,-40,-85,-19,8,-4,handFlip
-39,-26,-3,3,24,57,35,8,-8,12,-7,45,82,5,-14,-15,handFlip
31,-11,-3,-25,-49,-41,-12,17,-20,-14,-4,-4,-25,-19,-13,-14,handFlip
-13,-12,4,30,11,36,17,-8,21,1,1,-40,-36,-1,25,26,handFlip
15,-8,-8,-38,-60,-24,-4,6,-30,2,16,71,127,48,-6,-21,handFlip
-9,-19,-5,-28,-34,-11,3,-2,61,3,1,3,-39,-15,0,15,handFlip
-19,23,-10,-16,-46,5,-6,-17,-16,1,-8,-58,-78,-32,-3,7,handFlip
-6,-15,5,43,70,4,-11,-6,-24,-13,-12,9,17,-23,-16,-18,handFlip
-14,-1,-4,-11,-17,-9,2,0,81,6,5,7,16,26,8,6,handFlip
11,21,20,-2,-25,0,9,6,20,0,3,-28,-32,5,5,11,handFlip
-22,38,11,55,106,25,-1,2,2,23,3,-13,-16,5,11,9,handFlip
-38,-110,-27,-33,-32,-9,-5,-14,-4,-19,-4,5,2,-5,-15,-13,handFlip
-66,-5,-8,-10,-11,-8,-11,-13,-1,6,-7,-31,-64,-35,-4,10,handFlip
34,8,-2,-29,-49,-12,6,8,-5,-5,-1,25,59,16,-4,-14,handFlip
43,4,-1,6,12,-13,-6,-1,-15,-1,-8,-47,-84,-30,-4,-7,handFlip
7,2,-5,-5,8,10,2,3,-32,-16,-1,36,44,18,3,-9,handFlip
5,30,1,-3,-8,2,0,1,-16,62,13,2,3,-4,0,3,handFlip
7,-13,4,2,-18,-23,1,5,-6,-92,-8,-18,-29,-8,3,2,handFlip
7,20,21,49,80,52,13,5,5,9,-9,-99,-128,-51,-2,8,handFlip
-6,-2,-7,-19,2,-10,-6,-6,-25,-76,2,127,127,72,-9,-23,handFlip
-27,-1,-4,-10,-13,0,-4,-8,4,1,-2,-31,-41,-25,-13,-3,handFlip
29,0,1,4,1,35,23,10,25,8,4,-12,-26,-7,15,12,handFlip
0,8,1,-14,-12,-15,0,5,21,-1,-3,-6,-12,-12,-2,9,handFlip
-16,-3,4,22,22,-3,-13,-9,-45,-17,-4,-9,-10,-5,-8,-18,handFlip
-29,-8,-6,-3,0,-2,-3,-8,125,20,8,4,-1,4,13,35,handFlip
-8,0,1,-9,-24,-15,-7,-4,-11,2,0,-3,-5,-2,-1,-4,handFlip
-73,7,8,12,20,12,6,-10,15,21,6,-8,-25,-8,3,15,handFlip
49,-19,-2,16,36,12,5,9,-5,2,3,-11,-11,-7,2,4,handFlip
-1,-1,-4,-27,-30,-14,-9,0,-10,0,3,0,-4,5,2,-1,handFlip
-3,-6,3,11,3,10,12,1,-10,-4,-2,5,22,1,-6,-4,handFlip
-1,-3,3,0,5,4,-1,1,-4,-4,-13,-14,-31,-72,-33,-8,handFlip
0,-3,0,-5,-10,-3,-7,0,1,5,5,-15,26,93,33,3,handFlip
-8,-6,-4,2,9,-13,-17,-8,18,4,1,-13,-29,7,14,14,handFlip
0,1,-2,-12,-25,-12,-2,1,0,1,0,19,27,1,-5,-4,handFlip
6,11,2,-6,-12,-8,0,3,-2,1,-3,0,-1,0,0,-4,handFlip
1,-12,-5,-4,-4,-3,1,0,1,2,-1,-3,-3,1,2,-1,handFlip
-1,-1,4,14,31,8,-2,-2,-1,-1,-1,-5,-2,-7,-5,0,handFlip
5,9,13,3,-13,4,8,12,4,5,4,21,-24,10,11,9,handRing
-5,-15,-30,-90,-33,-8,-1,6,31,8,13,5,1,25,33,57,handRing
-2,-4,-5,16,23,17,15,30,-38,5,15,25,0,-23,-56,-119,handRing
45,5,4,3,-5,10,18,81,-9,-10,-15,-34,-108,-56,-17,-17,handRing
-29,15,19,17,15,3,-35,-128,-13,-7,5,53,91,46,9,-2,handRing
41,-23,-28,-66,-79,6,58,127,-31,1,-30,-66,-65,-46,-34,-64,handRing
-17,-3,-5,-15,9,-7,-6,-11,23,28,36,50,34,26,-10,-59,handRing
-5,19,28,-4,-41,-2,-17,-56,16,36,36,77,96,48,16,15,handRing
-23,28,-26,-60,-44,-38,-14,13,-5,-7,-22,-94,-128,-46,-21,0,handRing
12,22,45,125,127,45,34,50,30,29,46,127,127,57,19,10,handRing
-20,-5,-59,-128,-81,-66,-46,-41,-21,-23,-38,-111,-128,-40,-23,-10,handRing
-4,-14,7,5,45,6,-1,-14,61,7,-11,-27,-27,8,29,127,handRing
8,11,28,74,125,37,8,4,-106,-36,-1,-4,-63,-31,-37,-128,handRing
44,-6,10,4,-7,28,64,127,-9,1,-1,10,113,18,-16,-20,handRing
5,30,2,44,62,13,4,-47,-31,-23,-27,-39,-28,-31,-36,-46,handRing
4,8,17,-5,1,1,-2,22,-6,-36,-49,-102,-112,-47,4,99,handRing
0,3,1,68,42,-2,-19,-39,63,33,3,26,37,31,49,92,handRing
2,17,-8,54,111,3,2,54,-30,62,35,19,-3,-22,-42,-118,handRing
-4,-92,-59,-71,-75,-40,-14,-9,-13,-43,4,6,25,16,8,-22,handRing
-27,-14,14,60,78,12,6,-6,-15,-12,-12,23,-19,-9,-30,-15,handRing
15,20,20,65,84,50,33,25,13,23,39,78,57,33,30,43,handRing
-11,-12,1,14,13,10,12,17,-17,-7,-18,13,93,16,-5,-36,handRing
33,3,7,22,40,15,33,76,-10,-12,-9,18,23,0,2,-1,handRing
-38,9,18,29,-2,-12,-33,-45,33,8,-10,-58,-75,-32,1,22,handRing
23,-27,-17,-51,-39,-15,-6,46,-1,-3,11,127,127,51,23,-4,handRing
-7,-34,-36,-70,-91,-38,-23,12,-2,-9,-14,-67,-72,-26,-16,-9,handRing
-24,-14,-12,-35,-34,-23,-6,-9,-4,42,39,76,125,60,25,0,handRing
23,22,41,102,127,29,5,16,-3,-6,-3,14,40,12,0,3,handRing
-13,-18,-54,-128,-128,-83,-30,-19,-1,24,19,26,77,34,12,1,handRing
4,-25,-30,-50,-69,22,28,48,13,-13,9,-4,-96,-34,-1,13,handRing
-35,4,10,48,18,-1,4,-39,0,-1,-13,-48,-55,13,-8,-3,handRing
-110,-16,-8,-81,-6,-46,-86,-128,40,29,-25,2,1,-26,3,61,handRing
20,17,18,84,107,35,12,20,-45,-66,-19,-7,-2,-8,7,5,handRing
-8,-11,-25,-41,21,-24,-33,-26,-40,-16,7,-5,-26,-13,-11,-19,handRing
-9,1,3,37,-17,1,11,-15,0,-93,29,127,127,56,3,-25,handRing
40,29,38,5,55,48,26,-7,-3,7,12,0,-35,-31,-12,-12,handRing
-17,-15,-44,-101,-128,-55,-28,-12,10,14,30,127,127,73,30,12,handRing
-8,-31,-60,-110,-113,-40,-23,0,-21,-14,-17,-12,-74,-24,-26,-27,handRing
-3,-3,7,14,2,-17,-15,-18,12,16,46,32,54,33,19,-6,handRing
24,3,14,23,25,21,28,74,-28,-6,27,115,127,34,-15,-76,handRing
-37,6,2,-5,-23,-14,-13,-53,-17,23,-38,-91,-43,-15,-10,-6,handRing
6,13,28,65,71,9,-1,-19,4,-9,-14,-64,-26,-12,16,50,handRing
-32,-21,-36,-75,-102,0,-21,-27,38,5,6,22,39,10,6,31,handRing
23,-35,-19,-38,-56,-31,1,34,10,25,46,64,102,51,31,10,handRing
5,22,3,2,-4,1,-10,-17,-9,-20,-39,-18,-90,-76,-38,-15,handRing
-39,6,6,8,-1,-1,-18,-75,-5,-2,9,19,96,26,6,1,handRing
4,13,39,63,54,38,14,12,22,1,2,8,2,0,15,53,handRing
16,-2,-15,-63,-100,-13,25,79,-3,-2,5,-11,-25,-4,0,-6,handRing
7,2,2,17,26,-1,1,13,9,22,-11,-19,19,-4,-3,7,handRing
13,14,-18,-8,29,7,-1,-4,-1,-1,2,-7,-15,-3,-5,-3,handRing
2,3,-14,-70,-76,-29,-13,-4,1,14,15,33,21,5,5,-1,handRing
2,5,13,25,34,11,5,0,1,6,9,20,24,-6,3,6,handRing
-7,-6,-9,-26,-30,-17,-10,-2,9,3,0,10,66,13,9,12,handRing
4,2,3,5,8,4,1,2,-16,-9,-15,-56,-63,-26,-16,-20,handRing
57,12,4,-22,12,19,10,-6,-26,-31,-7,53,-10,-5,3,10,handPinky
-22,11,23,-28,-1,-20,-11,3,40,28,49,127,113,57,26,32,handPinky
15,-10,-12,18,10,46,43,5,-58,-23,-46,-128,-128,-74,-41,-25,handPinky
-25,-29,-55,-128,-85,-39,-38,-30,31,3,0,56,43,30,11,1,handPinky
-9,-8,-12,-53,-44,-21,-10,0,-4,17,26,118,47,19,10,-6,handPinky
9,13,24,-95,-40,22,38,12,-20,3,21,35,25,1,10,18,handPinky
-31,-16,-24,-49,-30,-27,-39,-76,57,11,15,10,-23,-6,2,5,handPinky
-35,-20,-30,-128,-95,-28,-21,-31,-80,-17,-21,-52,-26,-14,-15,-17,handPinky
1,-15,-19,-34,-38,-17,-9,9,52,18,18,90,66,23,15,14,handPinky
-68,10,17,127,71,21,7,-11,109,12,-1,-19,-1,7,11,33,handPinky
-6,-54,-18,-123,-78,-39,-34,-33,-17,0,0,13,11,5,-1,2,handPinky
-1,8,-2,36,22,11,5,-2,-16,0,-1,-50,-34,-4,-6,-7,handPinky
-4,-6,-11,-90,-55,-26,-10,-3,-18,-7,-12,-65,-46,-14,-5,15,handPinky
16,-14,-32,-36,-3,0,-6,-1,5,10,35,48,-23,-31,-5,-3,handPinky
-5,3,7,13,24,10,4,1,-16,-21,-41,-116,-69,-10,-14,-11,handPinky
-16,-12,-16,17,-16,-24,-17,-13,13,5,3,28,20,12,9,8,handPinky
-41,-4,3,46,17,3,-4,-11,4,13,28,76,25,13,7,6,handPinky
-7,-18,-17,2,-11,-16,-16,-2,-9,3,7,54,38,15,3,-21,handPinky
45,-3,-14,-57,-24,-9,-9,6,-29,-17,-28,-84,-85,-36,-17,-12,handPinky
48,2,0,-41,-19,-6,2,41,-37,-5,-11,-66,-19,-11,-6,-3,handPinky
-11,3,6,-17,26,13,4,8,68,6,3,46,-1,-2,8,4,handPinky
-19,-10,-17,-121,-72,-22,-11,-11,2,-24,-25,-102,-53,-11,-6,-11,handPinky
-37,0,2,6,4,-1,-4,-7,9,10,8,54,46,15,12,10,handPinky
1,7,10,43,19,-5,-4,-12,-34,-29,-33,-128,-128,-48,-31,-31,handPinky
14,28,60,127,127,48,23,9,14,-4,-7,27,11,8,1,16,handPinky
-21,-25,-48,-107,-69,-21,-12,-12,-34,8,26,59,22,3,1,-6,handPinky
0,-3,-3,-25,3,9,12,7,-19,-21,-33,-64,-41,-24,-18,-10,handPinky
-17,-3,0,-3,5,6,-1,-8,-57,-18,-4,4,1,-12,-6,0,handPinky
-9,11,19,127,78,23,-4,-93,90,-1,-4,-14,3,14,6,0,handPinky
-10,-13,-20,-41,-52,-30,-3,56,-8,9,18,79,48,18,8,-4,handPinky
-29,-16,-29,-113,-47,-16,-12,-17,-12,-7,-8,-21,-12,-8,-8,-9,handPinky
-11,-3,2,20,8,3,0,5,1,11,21,36,24,6,3,-2,handPinky
18,16,33,127,72,24,15,4,-7,-13,-12,-25,-13,1,-7,-10,handPinky
-9,-21,-49,-112,-110,-69,-33,-15,-11,-16,-32,-128,-107,-38,-21,-13,handPinky
19,16,22,127,106,60,32,19,-6,-1,-6,33,14,-10,-7,-1,handPinky
-1,-2,0,14,14,-3,-2,2,2,7,8,-28,-6,-4,-4,4,handPinky
-110,0,9,11,8,3,-4,-39,1,3,11,14,13,6,-4,-4,handPinky
127,5,-6,-3,0,-3,5,43,3,-23,-19,-114,-61,-13,-11,-9,handPinky
-25,0,1,-9,14,14,8,-6,-25,-11,-21,-24,-15,-7,-3,-8,handPinky
77,15,12,-29,33,103,67,18,-98,-8,18,108,60,19,11,15,handPinky
-4,5,22,66,5,-5,-1,8,28,0,-12,-45,-49,-59,-42,-23,handPinky
-30,-16,-17,-69,-37,-19,-15,-9,10,23,48,74,47,19,18,17,handPinky
-6,-3,-4,55,24,3,4,4,-18,-17,-36,-58,-32,-26,-19,-18,handPinky
-2,-10,-22,-28,-11,-21,-11,-8,10,14,18,100,49,23,15,16,handPinky
8,12,31,127,84,31,15,4,-1,-2,1,-76,-32,-5,-2,-3,handPinky
-21,-25,-43,-128,-99,-50,-35,-15,-12,18,42,127,113,19,-1,-13,handPinky
-3,-4,-7,27,-8,-3,2,1,127,-3,-41,-128,-33,114,62,58,handPinky
-38,-21,-37,-30,-26,-35,-29,-22,-26,5,7,33,24,3,-5,-2,handPinky
1,22,42,127,127,43,17,8,-11,24,55,67,84,32,19,22,handPinky
-21,-16,-30,-128,-128,-54,-30,-21,6,8,19,-128,-12,4,8,15,handPinky
-9,-1,1,71,26,6,-4,-9,-26,-22,-39,25,-22,-23,-17,-28,handPinky
77,24,12,-7,1,10,17,47,-80,18,18,36,21,4,-2,-17,handPinky
-37,24,55,127,126,52,26,8,127,-14,-4,18,7,-1,-9,-7,handPinky
-58,-36,-60,-128,-122,-56,-31,-33,13,22,43,112,93,45,26,14,handPinky
-21,-3,-1,31,14,6,0,-6,-12,-20,-38,-83,-52,-35,-25,-16,handPinky
-4,-3,-2,-28,4,15,7,-11,3,-1,-1,-19,0,4,3,-2,handPinky
-9,53,127,64,125,66,92,51,-2,127,127,91,66,57,65,71,handClose
-77,-43,-128,-101,-128,-128,-82,-58,-76,41,10,-94,26,75,33,-60,handClose
127,54,127,26,23,100,28,111,68,6,127,30,-37,-97,-67,1,handClose
-4,-70,-128,-36,0,-99,-11,-8,-128,-56,66,38,-15,-34,-35,-108,handClose
-128,-128,-112,-53,-59,-51,-81,-124,76,-4,127,54,-26,-128,-10,73,handClose
-128,29,127,75,-26,-39,20,-16,-54,117,104,72,55,42,18,13,handClose
127,122,-128,-82,-55,-128,-123,-22,127,107,127,61,76,-95,22,68,handClose
97,61,127,64,-3,70,32,62,-25,-128,-128,-128,-20,-61,31,-30,handClose
-81,-125,-83,54,49,80,47,31,-128,127,45,-40,-60,-47,-49,-72,handClose
-103,-9,-68,-27,4,7,-3,-39,60,66,-5,-128,-128,-125,-88,-85,handClose
127,-1,-77,-28,1,-25,8,85,-128,119,127,64,4,-13,-2,-66,handClose
-85,-33,127,30,-128,-102,-31,-55,127,-74,-74,11,126,127,115,127,handClose
119,127,127,119,127,127,127,101,-128,54,116,-34,-120,-114,-69,-64,handClose
30,16,-128,-19,57,37,17,-3,124,-57,-128,-43,-107,-105,-9,33,handClose
-128,-19,-128,-70,-120,-102,-52,-85,-41,90,127,40,34,61,43,8,handClose
-128,-64,83,50,85,72,-12,-30,-128,-128,-128,-82,-115,-117,-115,-128,handClose
77,-128,-128,-105,-124,-116,-25,57,38,74,2,55,61,15,89,104,handClose
-7,-52,127,-9,-101,-67,-9,-20,109,94,127,81,127,127,80,75,handClose
66,47,127,75,125,103,38,59,-103,-32,107,0,-128,-38,-11,-3,handClose
17,-58,127,5,-4,39,44,14,-21,-18,55,72,127,127,113,22,handClose
-82,127,-126,-54,-115,-49,-31,-1,-60,-37,3,-8,9,-13,-15,-35,handClose
-46,-32,14,-23,-56,-32,-15,-4,101,-71,-128,-37,27,-27,-44,8,handClose
-128,-91,-107,-25,-59,-44,-42,-73,-128,-67,127,8,-128,-77,-96,-128,handClose
127,127,127,69,37,102,59,111,127,-34,-68,77,127,127,127,127,handClose
-128,-78,-128,-128,-101,-48,-73,-128,127,19,13,4,-70,-4,-1,0,handClose
16,14,-17,17,12,-27,-7,-8,82,85,127,94,-70,-125,52,53,handClose
-128,-70,127,-43,-75,-92,-66,-125,-14,-51,-17,-22,111,31,22,-5,handClose
121,127,-128,-38,35,-128,21,107,60,-13,-28,-8,24,44,3,8,handClose
37,-28,-128,-64,-58,-48,-52,-41,8,22,51,0,-33,-40,-4,6,handClose
127,127,127,-18,-116,-128,-87,43,-51,-37,51,6,-45,-108,-11,-1,handClose
-38,16,50,45,97,127,50,4,16,127,127,73,13,23,10,-3,handClose
-116,-128,1,12,44,0,49,-32,-111,-128,-128,-116,-109,-93,-111,-128,handClose
35,7,-11,-7,2,-29,-14,-3,-102,86,127,96,113,127,119,114,handClose
-49,21,127,43,-40,-54,-27,-20,-64,45,125,16,-76,-35,-53,-99,handClose
47,25,-25,36,4,7,-1,-1,37,-128,-128,-74,44,-108,-30,56,handClose
-4,-9,-128,10,-35,-35,5,-7,-18,-33,54,14,63,127,80,7,handClose
-120,-128,-128,-105,-94,-61,-64,-88,46,20,-128,-44,1,-27,-9,4,handClose
-16,-47,-124,-8,37,-1,-10,-43,-119,76,105,51,87,49,40,23,handClose
-31,36,127,56,38,23,14,7,127,-4,-128,-53,-41,-6,-6,50,handClose
-128,-128,-128,-120,-128,-128,-95,-100,-99,-26,98,26,7,-14,-4,-22,handClose
82,-4,-29,-5,112,127,69,34,127,20,77,6,55,17,66,63,handClose
-85,-128,-128,-54,-44,-42,-39,-34,-2,14,56,13,-19,-38,1,19,handClose
-104,-32,80,0,-32,-9,-4,-43,26,-39,127,33,-109,-82,-32,-6,handClose
39,127,125,43,11,10,4,24,10,-33,-40,-30,71,107,17,6,handClose
127,-83,-128,-31,-56,-41,-9,69,8,11,36,43,19,6,3,5,handClose
127,0,54,-55,23,14,33,125,-121,-86,-128,30,114,127,58,-6,handClose
-52,4,127,0,-51,-95,-36,-16,127,-8,-128,-94,-109,-128,-44,33,handClose
-108,-1,62,8,-2,44,42,-34,-54,30,34,-4,50,68,31,-8,handClose
-15,97,127,82,0,6,17,26,-128,-128,127,84,-50,-75,-33,-88,handClose
66,-35,-80,-30,-21,-15,-17,-43,96,56,-38,-37,-8,-38,-48,24,handClose
-61,68,125,10,-122,-128,-79,21,-78,-36,-90,-21,-20,-35,-16,-32,handClose
124,-128,-128,-21,95,16,43,50,87,-42,-94,-27,12,12,14,18,handClose
94,24,13,26,2,19,15,31,-53,37,112,55,62,70,34,9,handClose
-18,-53,-128,-31,-25,-33,-24,-11,-128,32,93,-37,-50,-82,-68,-65,handClose
40,2,29,77,53,11,7,11,-8,0,-2,-13,41,11,4,1,handOpen
2,15,6,3,33,11,3,-3,0,-5,-11,38,15,5,1,0,handOpen
-9,5,1,-14,-20,4,5,0,-13,-41,-26,-87,-75,-28,-16,-12,handOpen
52,33,27,113,110,30,11,6,-30,-33,-63,-41,-66,-28,-13,-14,handOpen
34,26,9,-39,-19,-13,-8,7,-42,-7,17,-47,-23,5,-3,-5,handOpen
-20,-128,-28,-28,29,3,-9,-15,13,22,35,127,38,-10,-6,-6,handOpen
-9,21,5,35,-10,20,11,5,26,-30,14,-40,-79,-41,-11,5,handOpen
-6,-3,-69,-105,-76,-15,-17,-15,1,-19,-28,-72,-24,-4,-1,3,handOpen
-30,-52,2,-5,-4,-13,-10,-11,41,6,9,37,46,18,7,6,handOpen
-2,0,-41,-62,13,3,3,3,-17,13,16,76,54,19,12,7,handOpen
15,7,79,127,-13,-10,-4,1,25,2,18,-36,-28,-20,-8,-2,handOpen
-5,-16,-23,-115,-57,-17,-8,-1,-16,-19,68,88,72,27,6,3,handOpen
7,-109,-84,-8,53,15,5,-1,48,21,-48,-92,-77,-20,3,7,handOpen
-8,52,31,74,106,69,15,3,-5,3,34,31,-33,-75,-43,-13,handOpen
55,-28,-43,-128,-83,-29,-20,-11,-6,-8,-12,2,56,54,27,4,handOpen
23,29,15,125,-43,-62,-22,-2,6,55,34,-2,2,13,8,7,handOpen
-4,-4,-8,-62,-11,40,20,10,3,6,16,-22,-7,-25,-13,0,handOpen
13,12,-9,20,100,127,64,23,-7,-48,-59,58,60,-12,-14,-12,handOpen
-6,-1,31,-64,-59,-12,-8,-8,-1,-3,-15,-11,-34,-84,-31,-10,handOpen
9,11,-17,-35,-11,-17,-13,-12,3,8,-1,0,47,4,1,2,handOpen
9,-3,20,-32,-16,-9,2,4,-7,-5,27,-3,-91,-26,-6,-4,handOpen
23,-58,12,111,127,44,20,10,-11,10,-42,6,-31,-11,-9,-10,handOpen
-6,-17,-37,-44,-23,-14,-8,-6,-11,48,10,-76,-60,-13,-9,-10,handOpen
-16,-4,-16,47,-9,-12,-8,-9,-1,-3,-4,-21,-33,4,7,7,handOpen
-4,-13,-6,-4,37,7,-3,-6,4,1,-1,26,23,-5,3,1,handOpen
6,-7,-22,-36,4,-5,-8,-4,1,10,4,56,71,26,16,11,handOpen
7,7,-6,10,8,2,8,5,26,10,20,-8,-38,-16,-8,-2,handOpen
0,1,16,23,-4,0,-1,-1,3,1,4,-10,-17,-1,3,4,handOpen
-5,2,9,27,15,2,2,0,4,1,3,1,29,10,1,1,handOpen
-5,0,2,10,14,-2,-8,-4,1,-3,1,23,-1,-2,3,4,handOpen
-1,3,4,-10,-21,-5,0,1,4,2,2,-6,1,3,1,3,handOpen
-2,-6,-7,-16,-16,3,4,0,-2,7,5,-24,-17,6,1,1,handOpen
-16,-10,6,23,22,2,0,1,-18,10,-1,5,-3,-2,-2,-5,handOpen
-10,-3,2,17,-19,-8,-5,-5,18,4,-9,-7,-15,-7,3,8,handOpen
1,5,4,2,14,10,5,1,9,0,-4,-5,19,5,-1,-2,handOpen
-1,6,9,13,0,0,2,1,-1,-3,-1,-2,-1,2,0,2,handOpen
-4,-5,-15,-13,-4,-9,-7,-1,-1,6,11,19,27,4,4,-1,handOpen
0,0,-4,-5,4,-10,-5,0,-1,-2,-5,-27,-15,3,2,-1,handOpen
-3,5,10,-3,-6,6,-4,-5,0,0,12,-14,-10,3,0,-1,handOpen
5,2,4,5,7,-4,4,4,3,5,23,-10,-33,-6,0,2,handOpen
1,0,1,3,4,4,2,-2,-19,-11,-25,6,35,19,0,-6,handOpen
-1,1,-13,33,18,17,9,6,25,-15,4,37,5,-12,-8,-2,handOpen
-6,-11,-24,-60,-13,-8,-9,-6,-1,5,7,-18,-12,-4,0,-2,handOpen
0,5,8,5,13,-1,-4,-2,-101,-1,13,-2,-6,-16,-18,-21,handOpen
-2,-5,-26,22,1,3,9,8,11,-4,-15,-8,-30,-8,-6,-5,handOpen
0,4,13,27,6,0,3,3,-6,0,14,37,18,-2,0,0,handOpen
17,7,14,37,21,5,2,2,-1,-3,-22,-12,6,12,7,-1,handOpen
0,1,-13,-41,-34,1,5,2,5,2,-18,-68,-9,-7,-3,0,handOpen
-1,3,11,8,21,0,-1,-1,-16,-22,-45,-24,-17,-13,-14,-12,handOpen
4,9,4,-7,43,15,7,5,0,2,23,13,5,0,1,-2,handOpen
-15,-12,-19,-108,-62,-11,0,-1,6,0,-34,-4,19,16,8,4,handOpen
5,2,-4,10,-15,-27,-13,-8,9,27,31,102,36,22,18,8,handOpen
-1,-6,2,-12,10,8,5,4,-89,-126,-86,-102,-6,-25,-25,-29,handOpen
-6,3,1,17,-29,-6,0,1,-3,25,18,66,-12,-9,-5,-1,handOpen
-2,0,-9,-13,7,1,0,-1,-3,5,-7,-25,3,0,0,-1,handOpen
-5,0,-2,5,1,-3,-2,-1,-3,-4,-17,-19,-12,-10,-7,-6,handOpen
27,58,-47,-41,-12,-3,3,-3,-9,-20,-8,-13,9,7,5,2,handThumbsUp
22,12,-20,-31,-30,-12,-3,5,16,27,107,98,2,-5,0,9,handThumbsUp
-47,-9,25,7,-3,-1,0,-1,-39,-32,-47,-42,-17,-16,-18,-18,handThumbsUp
3,3,26,40,12,-1,-4,-5,20,-120,-13,14,3,7,2,-2,handThumbsUp
-18,-4,-7,-24,12,4,6,-4,-22,13,119,-3,11,15,8,10,handThumbsUp
-5,-46,-96,81,22,-2,-3,-5,-10,18,-57,-50,-4,-2,-6,-8,handThumbsUp
5,2,-21,-72,-8,0,-1,-13,-16,-23,-27,52,15,6,0,-9,handThumbsUp
-11,-10,-74,-50,-21,-6,-5,5,9,21,-128,-22,-27,-12,-4,4,handThumbsUp
-5,0,80,91,14,-4,-5,-4,22,4,58,34,19,2,-4,12,handThumbsUp
-15,-20,-25,-12,-15,-12,-14,-12,0,-74,-40,52,-2,-11,-4,0,handThumbsUp
3,18,-18,8,0,8,3,2,-16,-3,5,-4,-9,-2,-5,-3,handThumbsUp
-6,4,10,20,9,6,4,-3,-1,3,13,12,3,1,1,-1,handThumbsUp
-4,14,4,-22,5,7,2,1,11,19,-46,-24,33,12,2,1,handThumbsUp
10,21,65,7,-29,-4,-2,6,-10,-11,-5,5,5,-1,-1,1,handThumbsUp
-41,-25,-13,7,21,-5,-10,-16,2,-10,1,14,12,7,5,0,handThumbsUp
5,-5,-23,5,-10,-7,-4,-3,8,5,-11,-17,-10,-11,-11,0,handThumbsUp
0,-5,2,-19,-8,-1,-1,-1,-4,4,27,37,12,7,2,4,handThumbsUp
-15,-128,-45,-48,-32,-17,-12,-9,40,-5,-22,-7,-8,-8,-5,19,handThumbsUp
-3,3,4,1,3,3,4,2,-4,7,5,-21,-3,3,2,-6,handThumbsUp
-16,0,40,11,12,1,2,-4,-3,7,-8,38,19,7,4,-2,handThumbsUp
5,25,68,59,18,15,16,16,10,10,50,63,19,11,7,6,handThumbsUp
-8,-6,-1,-44,-16,-3,-4,-1,4,8,36,17,2,2,0,3,handThumbsUp
6,11,1,-44,-8,2,5,7,0,0,-33,1,0,-1,-2,-2,handThumbsUp
3,15,-18,13,5,-3,-3,-1,4,-1,-8,-28,9,3,2,6,handThumbsUp
2,-13,-41,1,-1,-2,-2,0,-5,8,12,22,-2,2,6,10,handThumbsUp
-7,-19,-44,-27,-18,-13,-13,-14,4,-8,72,12,-5,-3,-1,0,handThumbsUp
10,8,19,23,4,4,1,-1,3,12,-38,-25,-6,-2,-5,-11,handThumbsUp
-8,-11,-15,-26,-9,-2,-3,-3,-14,-56,-20,-29,-1,3,0,3,handThumbsUp
3,1,-6,12,3,-2,1,6,-6,26,31,47,2,-4,0,-5,handThumbsUp
2,-4,21,8,1,-1,2,0,-2,-3,-5,-44,-7,-3,-4,-6,handThumbsUp
7,15,28,-24,-7,-1,1,1,-3,3,39,81,11,3,2,-2,handThumbsUp
-3,-30,-71,-13,-11,-1,1,1,-10,-13,-9,13,-28,1,4,-4,handThumbsUp
-6,-2,-4,-9,-3,-3,2,-2,-5,7,9,-20,-12,-8,-8,2,handThumbsUp
35,9,33,-2,18,16,15,26,15,9,16,1,7,9,5,2,handThumbsUp
-9,-15,-34,20,-7,-10,-17,-14,-14,6,7,0,-8,-1,2,2,handThumbsUp
-4,-4,7,-2,1,3,1,-3,14,4,13,5,-3,0,-4,5,handThumbsUp
-19,-6,4,-2,5,2,2,-3,-9,-9,5,7,-3,-2,-5,0,handThumbsUp
-1,9,18,0,-3,2,1,-1,4,1,5,9,4,-2,1,0,handThumbsUp
-3,-15,-53,-8,-3,-3,0,1,-3,-3,-3,-12,-3,-7,-4,-1,handThumbsUp
-3,-1,4,3,-2,-2,-3,0,1,2,5,-8,-1,-1,0,-3,handThumbsUp
2,3,1,-1,0,3,-1,2,-1,0,-4,6,-8,-4,-5,-3,handThumbsUp
0,7,-4,-17,-1,-2,-2,-1,9,11,7,4,5,4,3,5,handThumbsUp
1,-8,2,12,1,-1,-1,0,-5,-4,-5,1,-8,-3,0,-2,handThumbsUp
-6,-10,-6,-20,-2,-6,-6,-6,0,-11,6,5,-1,-1,-3,-5,handThumbsUp
3,4,0,7,6,2,0,1,1,19,6,-11,-1,-5,-5,-3,handThumbsUp
-6,-2,0,-19,-1,0,-4,-2,0,2,25,3,-3,4,4,1,handThumbsUp
-7,2,14,18,9,1,0,-5,2,1,3,-5,2,3,-2,2,handThumbsUp
15,-22,2,-10,-1,3,9,19,-3,1,7,6,1,0,2,2,handThumbsUp
-15,-11,-84,-20,1,-9,-11,-25,-4,3,7,4,2,6,0,1,handThumbsUp
-3,0,1,-1,-3,-2,0,-4,-1,-1,-4,-16,-3,-3,-3,-1,handThumbsUp
7,7,21,6,3,2,1,5,-1,2,2,6,3,-1,-2,-1,handThumbsUp
11,-6,-19,-12,0,0,0,1,-3,-1,-1,0,-1,3,0,-6,handThumbsUp
-4,0,3,9,7,2,-3,-1,-2,-7,2,-5,-1,-1,-4,-3,handThumbsUp
5,9,8,0,0,1,0,3,-6,-5,3,2,1,2,-1,1,handThumbsUp
-56,-25,-26,-2,-32,-22,-17,-27,35,-102,-5,6,22,-3,-2,5,handIndex
-39,4,2,16,46,12,8,-20,-1,-7,-14,-6,9,6,-25,-7,handIndex
35,-6,10,-25,-76,-14,-2,21,-29,-108,-20,-13,-23,-2,-3,-14,handIndex
13,11,14,-5,22,-2,21,15,37,9,39,52,-51,-6,3,16,handIndex
-16,1,-5,30,23,-26,8,-12,-58,31,-8,-8,36,-5,20,-7,handIndex
10,-30,-9,-14,-18,0,4,7,-25,-24,-19,-11,19,12,5,-2,handIndex
127,43,12,7,17,22,10,32,-108,0,9,18,8,-13,-8,-53,handIndex
-7,-113,-8,9,3,2,7,2,111,20,0,8,-25,-22,52,112,handIndex
-9,9,14,-6,5,4,15,4,-3,8,5,-16,4,15,-5,25,handIndex
43,13,6,6,2,3,-12,-30,-24,-5,6,-1,-11,-1,-1,-4,handIndex
-3,-55,-9,16,48,9,7,-4,16,5,0,4,17,7,4,4,handIndex
-18,-3,0,-2,-22,-5,-9,-12,-3,-2,1,-2,-5,2,15,9,handIndex
-17,-91,-14,-10,-9,4,5,2,13,25,-4,-9,-15,-5,-9,3,handIndex
-4,-10,2,15,17,-6,-4,-4,-18,-5,-10,-4,-21,-6,-6,-12,handIndex
-23,-1,2,-2,7,2,-9,-20,-28,-7,-4,5,-4,-8,-8,-3,handIndex
5,0,-4,15,-3,-8,-3,14,18,5,4,10,-2,1,6,6,handIndex
42,17,7,-7,20,12,17,10,-7,-1,4,-3,4,11,8,-4,handIndex
-22,33,0,-2,-2,-1,-6,-12,-9,-12,-23,-3,5,6,-2,-8,handIndex
27,-8,8,9,6,-3,4,5,1,2,2,-2,2,6,0,0,handIndex
-24,4,7,-3,-17,-9,6,2,5,3,1,-1,0,1,0,4,handIndex
2,-41,9,-2,-10,-5,-6,-1,-25,-7,-6,0,-4,5,17,-8,handIndex
20,0,1,1,31,8,4,14,-14,-3,15,13,12,-15,-6,-13,handIndex
-32,-22,12,10,-32,-21,-9,-30,-23,1,13,-5,3,10,18,39,handIndex
12,-3,-16,-11,-8,-9,-7,7,48,10,-3,-2,8,-4,-5,6,handIndex
0,7,-4,-12,-10,2,-7,-9,-14,-7,-9,5,18,16,7,-14,handIndex
-23,-14,-5,-2,-7,0,-22,-11,-5,9,8,23,25,-3,-7,-12,handIndex
-44,-14,-12,-10,-21,-23,-17,-26,-25,-8,-13,-7,14,16,14,3,handIndex
41,20,-2,-15,-8,-3,3,36,7,22,3,-5,-28,-6,6,2,handIndex
-76,-128,-23,-23,1,-1,-7,-22,38,3,3,5,7,-3,-4,13,handIndex
30,11,9,19,19,6,7,15,5,-3,-5,1,39,16,32,28,handIndex
-5,4,7,-4,-9,-1,12,6,-27,20,11,27,19,53,27,-9,handIndex
-59,-8,-2,19,23,5,2,-12,-44,-58,-15,-40,-18,-30,-37,-35,handIndex
-20,-10,-8,-29,-84,-85,-40,-8,93,-15,-8,-3,-14,4,23,53,handIndex
4,12,12,8,1,-16,-12,-12,55,13,1,3,30,17,-7,0,handIndex
-39,6,6,8,0,-5,-2,-35,-18,-3,0,2,-27,-4,6,-3,handIndex
-22,-9,-7,-3,-9,1,5,16,-36,-12,-11,-6,2,0,-11,-18,handIndex
56,8,3,-1,8,13,8,36,-34,-6,-3,3,6,4,12,-5,handIndex
22,1,-1,-10,-9,-4,-5,-4,-2,-5,-4,3,7,-3,-10,-19,handIndex
-44,-128,-25,-17,2,-2,-12,-16,-27,-6,2,6,2,-11,-5,-23,handIndex
1,3,0,5,-5,-12,-11,0,5,4,-2,-3,9,-2,7,35,handIndex
-3,5,0,6,21,10,5,1,80,15,3,-1,-17,0,-4,14,handIndex
-12,-4,-3,-3,-11,-8,-3,-12,33,6,1,-2,8,-9,-3,-1,handIndex
-19,-7,-1,-8,-5,11,5,-5,-35,-10,-13,-13,-38,3,-19,-20,handIndex
6,12,3,-10,0,2,-6,0,-4,6,9,17,39,0,3,6,handIndex
-19,-19,-5,1,-15,-12,-11,-17,32,37,-4,-13,-15,1,3,5,handIndex
-3,1,-4,-3,-13,10,-23,-28,-20,6,11,20,2,-8,-4,-16,handIndex
15,14,11,16,59,12,17,21,22,-2,-1,2,13,17,14,11,handIndex
11,-3,3,-3,-23,-5,-7,-4,-15,1,1,0,1,5,13,5,handIndex
2,4,-5,-19,-5,-4,2,5,-28,4,-5,1,10,-1,0,-18,handIndex
-8,-10,-10,-5,6,3,4,24,25,26,9,12,-16,-2,10,11,handIndex
51,15,10,6,-9,0,-15,-7,-9,-37,-12,-18,-20,-6,0,0,handIndex
-11,-5,-4,-11,7,9,-1,-9,1,-4,0,11,-14,-14,-11,-4,handIndex
-15,-2,-1,1,24,-2,2,-5,8,9,5,7,55,26,19,11,handIndex
-16,-6,-5,8,32,-6,-19,-14,-14,28,11,14,-7,-12,2,17,handIndex
13,6,3,-3,-17,3,7,2,22,-5,6,4,2,10,0,10,handIndex
-4,-6,-9,-15,-4,2,-5,5,1,-8,-9,-20,-15,-1,-5,-7,handIndex
-25,-6,2,20,31,13,-6,-14,-12,-5,-18,-32,-34,-12,-6,-10,handFlip
55,-1,-17,-68,-86,-17,12,29,-23,3,-5,-34,-46,-11,4,8,handFlip
-12,25,22,79,96,28,-9,-34,40,9,6,41,54,19,6,-1,handFlip
-35,-107,-26,-4,-1,-14,-6,10,-9,-8,2,-11,-17,3,-9,-5,handFlip
79,13,8,-20,-44,-8,0,-3,-12,3,10,22,10,-4,2,15,handFlip
101,-16,12,64,126,54,12,12,-28,94,28,42,66,29,14,9,handFlip
11,-22,-26,-17,-35,-46,-27,-1,-98,-54,-26,-52,-65,-22,2,-19,handFlip
-52,-7,-4,-17,13,0,1,-21,-109,-42,-11,71,127,31,-12,-42,handFlip
-31,55,12,-6,-48,11,2,-15,-43,-77,-18,-69,-128,-65,-11,-9,handFlip
-27,4,1,-16,12,3,15,12,127,74,34,43,91,66,53,74,handFlip
-39,53,4,10,20,2,-11,-10,-18,27,2,9,-1,-42,-24,-4,handFlip
35,-42,-26,-4,-11,2,-6,-5,-19,-48,-18,-63,-116,-46,-3,-4,handFlip
4,6,0,-16,-22,-18,-2,16,-16,-10,-4,11,37,10,-16,-27,handFlip
50,-10,1,1,-35,-36,-18,2,85,-9,15,41,21,30,16,32,handFlip
30,15,-5,-27,0,2,10,15,-52,-3,-12,-2,28,-9,-24,-61,handFlip
-54,-27,0,48,46,28,-10,-21,49,7,2,5,-24,-16,1,33,handFlip
-52,8,6,11,8,-18,1,-1,-68,14,-4,-45,-34,-4,4,-19,handFlip
30,-44,5,27,34,22,1,-9,33,86,1,-23,-24,-14,-3,-11,handFlip
2,92,0,-46,-73,-18,-7,-25,29,-12,0,-42,-72,22,14,20,handFlip
-18,-104,22,43,92,41,3,5,-38,23,3,42,102,7,-8,-20,handFlip
-15,-91,-20,-17,-14,-10,15,29,-30,0,-19,-29,-32,-16,-6,-16,handFlip
31,-60,-9,10,6,15,4,7,11,0,1,0,-1,3,-3,-9,handFlip
-8,1,0,-9,-15,-12,0,7,-74,-20,-14,-19,-12,-16,-10,-6,handFlip
-23,1,-2,22,42,7,-8,-14,17,18,2,-7,-11,7,8,9,handFlip
-6,-2,-5,-5,-2,-7,2,-3,-7,-38,-5,16,19,-2,-1,11,handFlip
-22,-1,11,18,23,21,2,-7,-59,-2,-1,-12,-21,3,-1,5,handFlip
-56,-13,-10,-17,-15,-10,-22,-39,102,17,4,-9,-1,5,10,26,handFlip
37,17,-2,-21,-30,-7,9,9,-7,0,1,4,0,-7,-6,-6,handFlip
65,7,8,33,48,18,10,33,-6,-4,-15,-40,-34,-5,4,-6,handFlip
10,0,5,6,4,1,-3,-1,-3,-21,-5,-5,-18,-9,-5,-4,handFlip
-21,-3,-1,-3,1,8,0,3,19,32,4,11,13,2,-2,-5,handFlip
30,9,0,-25,-28,-13,4,17,-1,-4,1,-3,-5,5,8,4,handFlip
-44,-10,2,25,45,21,0,-15,-2,5,3,-2,-3,2,2,0,handFlip
-6,0,0,8,26,18,7,-5,69,41,9,22,21,-7,-3,11,handFlip
-17,5,-9,-23,-23,-10,-9,-13,-18,-29,-7,-17,-18,-13,-3,-9,handFlip
-27,-18,5,30,26,6,-7,-8,-11,7,-8,-2,1,-3,-1,6,handFlip
-39,-23,-7,-21,-27,-7,6,9,3,3,-6,-19,-15,-7,1,0,handFlip
49,17,20,17,36,21,3,17,0,-95,-14,0,9,-2,2,14,handFlip
-16,-68,-45,-10,-1,-11,-8,-6,16,2,-1,-7,-17,-7,-4,2,handFlip
-30,-17,-14,-19,-31,-8,-8,-10,-53,-8,-4,-8,-11,-3,-1,-13,handFlip
3,5,1,-5,-10,-17,-6,-8,19,14,6,-4,-19,1,6,2,handFlip
-43,2,0,10,8,7,10,-7,6,-34,8,11,15,18,12,25,handFlip
66,9,0,0,22,8,6,19,7,-6,1,33,57,14,-1,-2,handFlip
4,2,-1,-1,-5,-1,1,8,1,9,-1,-14,-51,-32,-4,-4,handFlip
13,21,-1,-35,-46,-24,1,16,56,10,4,-14,-23,-8,1,11,handFlip
3,9,2,-26,-36,-11,3,8,-5,-40,11,78,98,27,-10,-14,handFlip
-11,-39,-8,24,38,8,-7,-9,-4,-6,-4,-7,-17,-7,-7,2,handFlip
11,64,7,4,-4,-3,5,2,-3,5,0,-10,-8,-3,4,1,handFlip
-3,2,-2,-3,-1,3,-10,-15,-6,4,4,-4,-1,0,3,3,handFlip
64,18,-6,-24,-23,-1,10,6,14,27,13,-4,-14,12,30,25,handFlip
1,-8,0,36,60,22,-3,-3,-11,-23,-12,8,31,8,-5,-5,handFlip
-10,-7,-4,6,6,-8,-3,0,3,0,-6,-19,-29,-7,2,4,handFlip
-15,2,-5,-17,-30,-12,-3,-5,-71,-6,-1,-22,-35,-16,-8,-15,handFlip
109,-29,-6,-22,-8,12,19,62,-21,-21,-4,-20,-27,-7,2,-11,handFlip
13,17,33,73,23,10,-17,-20,2,-15,-4,-22,9,36,57,34,handRing
-2,-8,-16,-62,-4,5,10,16,6,10,29,34,11,8,-3,-23,handRing
-21,-16,-24,-77,-71,-30,-14,12,12,12,17,37,59,41,23,13,handRing
21,15,26,115,67,23,22,37,-16,-18,-23,-6,-7,-23,-20,-9,handRing
-6,-7,-14,12,-2,-7,-21,-35,-9,2,8,1,-7,2,3,2,handRing
7,5,0,-36,-37,-10,-4,0,1,0,4,-1,-11,2,4,5,handRing
-2,-6,-8,36,31,4,0,1,16,25,14,31,38,15,12,4,handRing
-3,-8,-14,-24,-21,-10,2,4,5,-6,5,7,-3,3,-14,-17,handRing
-7,-4,-3,18,17,8,-8,-4,7,13,3,63,68,28,16,6,handRing
-22,1,3,-9,-11,-2,-28,-53,18,10,26,80,47,31,27,57,handRing
11,25,13,18,19,11,23,-19,-33,-30,-35,-63,-47,-32,-10,14,handRing
-23,-74,-74,-128,-128,-64,-34,11,20,17,-5,-33,-28,-2,7,-1,handRing
0,-1,-4,18,-10,-21,-28,-55,32,33,42,127,127,34,12,-10,handRing
-4,0,23,50,61,27,-2,-12,-2,0,-4,9,6,10,8,5,handRing
-6,-4,-11,-20,-49,-6,-3,3,3,8,26,65,78,22,11,13,handRing
-2,3,8,14,3,1,-17,-47,-3,-3,-13,-45,-16,-1,0,1,handRing
1,9,20,78,67,16,6,4,-1,-12,-18,-6,-30,-18,5,27,handRing
11,-1,-33,-62,-59,-25,-5,21,-4,-1,7,23,12,6,0,7,handRing
-1,-68,-22,-27,-4,-8,7,8,11,13,13,5,3,-9,-3,-4,handRing
23,-12,5,32,-8,-6,0,16,-5,5,23,89,86,42,3,-8,handRing
-14,11,32,107,105,38,-5,-49,26,9,-27,-55,-41,-21,8,1,handRing
-7,-8,-32,-86,-88,-27,-16,-21,-3,3,15,116,127,17,-21,-47,handRing
27,10,2,-14,-44,-13,8,33,-31,-39,-37,-128,-128,-40,-20,-26,handRing
-12,1,1,-16,-13,-2,6,8,46,21,10,52,30,9,15,71,handRing
10,18,18,-29,8,-11,-21,-45,-3,-7,-6,-12,9,2,5,33,handRing
7,10,-9,41,35,11,12,9,5,-3,-1,-3,28,16,15,34,handRing
-20,-80,-28,-52,-39,-14,-15,-1,23,16,27,61,54,19,14,11,handRing
-36,7,-5,-12,-27,-2,-13,-31,-24,-14,-30,-108,-99,-42,-41,-44,handRing
-8,0,34,127,127,34,16,-4,9,-2,-7,-20,-17,-12,28,37,handRing
-32,-30,-52,-128,-128,-70,-54,-43,19,27,23,0,39,15,4,-7,handRing
12,4,-2,48,10,13,17,45,-12,-16,-19,-3,-30,-12,-9,-28,handRing
-14,-10,-4,0,-3,-3,0,1,12,6,6,-35,-33,4,12,41,handRing
-4,-7,-10,-41,-29,-10,3,6,-6,3,6,-12,-10,-6,-23,-66,handRing
0,31,2,-7,-20,-13,-20,-22,-14,-31,-74,-128,-128,-51,-25,-4,handRing
10,-31,30,85,100,34,16,3,14,-2,-3,9,5,-5,23,85,handRing
31,18,-25,-123,-107,-39,-9,4,-21,3,4,13,12,-18,-45,-111,handRing
-6,-20,-20,-104,-68,-12,-1,5,-29,2,35,81,47,17,6,-13,handRing
-16,-13,-10,6,10,4,-6,-15,2,7,33,117,63,39,26,-8,handRing
-2,-3,-3,-1,-18,-7,1,3,12,16,-17,-48,-17,-26,-4,36,handRing
-6,4,8,10,-1,4,2,-8,-15,-13,-11,-16,-8,4,-24,-38,handRing
30,54,40,91,86,31,39,54,-1,4,11,20,11,-3,-12,-20,handRing
-17,-44,-47,-96,-82,-29,-14,-14,-2,10,8,21,3,-13,-28,-49,handRing
3,-1,-10,-36,-30,-1,1,9,-11,1,24,25,9,1,-1,5,handRing
-3,-2,2,-13,3,-4,-3,7,37,20,-3,57,37,27,14,29,handRing
7,0,7,-8,-1,1,-4,-9,-13,-16,-21,-23,-44,-26,-3,-1,handRing
-12,-5,4,15,-4,-5,-7,-23,6,-3,-9,19,54,20,12,0,handRing
-1,20,20,67,44,17,11,44,-14,1,-8,-12,-64,-22,-23,-27,handRing
-9,-30,-8,-8,0,-1,-6,-7,-13,3,5,-8,-3,-11,-13,-52,handRing
5,13,18,30,1,-1,6,5,31,42,14,21,8,21,29,45,handRing
-5,4,4,-23,-23,7,-6,3,-1,-8,-12,-39,-28,-1,4,15,handRing
-1,-6,-7,116,42,0,11,-1,-8,-3,-15,-26,-36,-24,-32,-32,handRing
-9,-7,-13,11,-9,2,7,13,0,2,3,10,-10,-3,-2,0,handRing
-10,-14,-11,-14,0,1,-6,-40,-4,7,25,60,73,16,7,-5,handRing
10,9,6,-6,1,4,1,17,24,-9,-5,-7,-5,5,22,19,handRing
1,15,4,3,15,3,-11,-21,-21,2,6,24,13,4,4,5,handRing
-3,0,1,11,-20,-8,-4,-11,9,1,-7,-8,-14,-8,-14,-12,handRing
2,15,21,4,12,3,-5,-41,-5,4,14,36,10,6,6,11,handPinky
12,-8,-24,-58,-24,-14,-1,29,2,23,50,112,47,16,8,-4,handPinky
14,-2,-11,-62,-6,12,10,17,-33,-17,-25,-92,-32,-7,-7,-11,handPinky
4,-4,-11,-13,9,6,1,3,53,17,23,71,66,23,17,32,handPinky
-53,-5,0,26,-12,-13,-15,-20,-19,-5,4,4,-55,-26,-12,-6,handPinky
78,8,1,38,16,-20,0,19,-26,-19,-33,-40,-29,-21,-15,-14,handPinky
18,24,40,21,30,53,33,18,-101,-11,5,14,10,-1,-4,-28,handPinky
54,-11,-41,-77,6,-60,4,44,-29,7,-8,-8,5,7,8,11,handPinky
39,11,23,24,50,21,24,11,127,17,19,1,-63,-93,-46,-14,handPinky
-128,-30,-15,-23,-31,-31,-24,-81,127,31,-7,-32,-14,-4,-3,47,handPinky
-15,-5,2,33,0,-8,-5,18,-13,2,6,21,-2,-3,-6,-2,handPinky
-65,-3,3,15,-5,-3,-6,-17,-39,10,31,65,64,36,9,-4,handPinky
30,3,5,18,30,27,13,7,-83,-39,-56,-109,-91,-42,-29,-27,handPinky
6,5,-9,-61,-21,-13,-7,2,3,1,2,24,-9,4,25,48,handPinky
-13,2,10,-3,-21,-18,-13,-20,2,13,28,58,37,20,7,-2,handPinky
-18,-19,-30,-97,-65,-35,-20,-23,6,-9,-14,-36,-42,-22,-5,20,handPinky
-11,-2,-11,22,17,5,-6,-14,11,17,30,63,46,30,25,11,handPinky
-67,-12,-17,-94,-56,-23,-14,-32,27,28,50,110,32,17,15,21,handPinky
53,-2,-14,-17,12,5,5,16,13,-7,-21,-88,-30,-17,-15,-10,handPinky
-50,-16,-10,-25,-9,-11,-14,-38,-8,3,-5,42,39,30,20,2,handPinky
-58,0,18,36,22,11,0,-10,-22,-12,0,-34,-51,-21,-9,-1,handPinky
127,16,-7,-14,-9,-1,9,53,-83,-20,-28,-46,-18,-7,-21,-48,handPinky
-1,8,13,37,14,5,9,23,30,9,29,127,34,13,6,7,handPinky
-32,-24,-19,-18,-58,-47,-33,-28,26,-1,-24,-97,-27,-15,-4,23,handPinky
-12,-1,-7,-11,15,37,10,16,13,16,16,5,50,21,18,11,handPinky
-11,28,73,127,54,27,30,32,17,28,44,127,82,32,13,-32,handPinky
22,-18,-45,-115,-58,-29,-12,16,-42,-25,-39,-128,-68,-36,-29,-26,handPinky
-21,-12,-32,-76,-39,-16,-14,-15,24,3,-7,-19,18,12,15,19,handPinky
28,10,4,24,20,8,7,21,3,9,36,125,14,7,10,4,handPinky
-112,-13,6,12,0,-4,-7,-36,32,9,8,4,5,2,6,13,handPinky
109,7,-11,-52,-16,-3,-1,29,-26,-6,4,29,11,0,-8,-21,handPinky
-32,-13,-3,44,-36,-24,-21,-28,-1,0,-4,73,36,15,7,7,handPinky
31,5,1,20,21,10,10,13,-29,-17,-30,-128,-95,-37,-14,-14,handPinky
-16,18,37,109,65,30,17,-11,-10,2,4,17,13,6,-4,-17,handPinky
9,-20,-42,-128,-68,-31,-20,4,-70,8,30,81,66,33,23,42,handPinky
-50,-3,18,60,30,16,11,8,60,-6,-33,-77,-51,-28,-19,-26,handPinky
4,-13,-22,-52,-34,-22,-14,-9,36,4,0,5,12,6,-8,-21,handPinky
0,0,3,31,42,25,21,38,-5,-3,-3,0,6,5,2,7,handPinky
-21,-20,-28,-92,-59,-31,-25,-18,-6,3,6,11,13,5,2,-1,handPinky
-5,5,31,47,-12,-10,-6,-16,-1,-1,-1,-12,-4,4,5,0,handPinky
-23,-15,-24,-19,-1,0,-7,8,-13,-3,-7,-39,1,5,-5,-5,handPinky
84,15,5,12,8,7,11,31,-9,-3,2,21,0,-4,-3,-4,handPinky
-8,-1,-1,-1,4,2,1,-3,-11,-6,-3,-1,-2,3,0,-9,handPinky
-28,-8,0,-1,0,0,3,7,-6,0,0,-2,-1,-4,-1,-6,handPinky
-15,-5,-7,-7,-7,-11,-17,-33,-5,-1,-1,-1,-1,-1,0,-5,handPinky
87,16,6,-4,-3,-1,-1,24,-15,-10,-7,-13,-12,-7,-8,-1,handPinky
-10,-4,2,-9,9,8,5,-4,-11,-2,-5,-7,-3,-2,1,-5,handPinky
105,15,-3,-5,-5,-1,6,38,-10,-3,-5,-4,1,1,-2,-4,handPinky
0,6,5,-10,-10,-5,-2,-3,-78,-10,7,27,17,8,1,-17,handPinky
5,-3,-12,-18,3,-1,-4,-5,-13,-3,-5,-50,-2,-3,1,-4,handPinky
-13,1,5,7,5,0,-3,-6,-12,-5,2,66,-9,-12,-10,-8,handPinky
-4,-1,2,5,2,-3,-5,-23,-6,-1,-5,-33,-8,-1,-2,1,handPinky
6,2,3,5,4,-3,9,32,1,4,9,34,12,4,3,1,handPinky
2,-3,-7,-6,-1,0,4,4,-7,-4,0,-1,-3,5,0,-15,handPinky
0,0,5,2,1,0,-8,-6,4,1,4,1,-4,0,3,3,handPinky
-1,-2,-2,5,4,0,-3,-2,-3,-2,-3,4,5,2,1,-5,handPinky
127,33,-44,-7,8,121,73,81,12,122,127,70,-44,-59,3,51,handClose
-27,-17,-128,-35,-45,-128,-57,-12,-128,-118,127,127,-109,-128,-127,-128,handClose
-42,-1,40,-18,-23,-23,-17,-13,127,-123,-128,-128,-15,98,-11,-13,handClose
-105,-51,-128,-33,-63,-68,-46,-49,127,97,127,57,97,127,127,127,handClose
9,70,91,4,62,30,47,54,-43,-15,-7,-3,-56,-35,-27,-79,handClose
-33,59,127,20,-13,-29,-17,-18,-97,127,127,38,99,127,107,12,handClose
-14,4,100,-16,-8,-22,-19,-17,127,50,76,12,50,53,56,127,handClose
36,33,-128,12,-4,22,-5,-9,-74,-24,9,5,-4,-27,-20,-11,handClose
-10,-47,-128,-50,-28,-12,-7,-16,7,22,59,6,12,-5,-7,-10,handClose
-72,-105,-128,-45,21,75,-5,-46,-8,4,37,13,15,1,-6,-19,handClose
20,107,123,17,-1,-128,-91,-13,39,-38,34,-18,-20,13,25,59,handClose
-11,-128,-128,-1,25,83,75,16,53,17,127,16,17,-74,-9,41,handClose
-128,-28,127,13,-24,-22,-23,-65,127,73,127,80,79,83,67,111,handClose
-39,44,75,6,-10,-29,-24,-31,119,-128,0,-26,-128,-128,-128,-36,handClose
-49,17,44,22,-32,-20,-16,-8,-95,66,120,53,76,35,37,5,handClose
-30,8,1,-8,8,6,7,4,77,-128,-128,-60,-14,-32,-14,7,handClose
-31,-6,-5,3,-5,-44,-19,-6,-52,31,39,30,-48,-22,-8,-15,handClose
-65,-97,-128,-57,-73,-123,-102,-72,38,-36,127,-41,49,61,-3,3,handClose
-1,22,16,22,3,77,67,19,30,-4,-43,4,5,5,8,7,handClose
-95,5,-2,6,-3,-83,-28,-27,9,98,98,19,12,17,18,12,handClose
92,-17,31,13,-28,-93,-40,0,95,127,127,53,76,40,50,60,handClose
69,90,-17,26,112,127,98,60,42,-105,-128,-59,-54,-66,-49,-43,handClose
-10,30,89,22,-11,-27,-20,-13,-70,-55,-98,-45,-59,-55,-43,-24,handClose
3,88,127,42,12,12,0,3,-53,8,127,36,-58,-68,-14,-30,handClose
-55,-80,-128,-49,-10,15,-32,-34,-34,-7,18,27,3,0,3,1,handClose
-48,107,127,51,51,80,53,4,-128,87,127,58,21,23,28,-10,handClose
4,67,-128,-56,17,15,-9,15,127,-113,-128,-32,-65,-49,-36,78,handClose
-75,-108,-58,23,-25,-58,-90,-86,-56,-25,38,-1,33,8,-1,-12,handClose
30,36,106,48,77,127,106,40,59,8,-91,-18,-2,16,7,9,handClose
-11,-3,30,-8,0,-18,-6,2,-45,85,53,4,6,-14,-13,-23,handClose
-40,6,127,36,-25,-36,-24,-11,-45,-30,6,31,-55,-128,-79,-8,handClose
-106,0,29,-8,-27,-43,-54,-56,127,-51,-128,16,100,127,119,38,handClose
31,96,85,78,105,96,115,70,127,-106,-4,-25,-90,-128,-95,-55,handClose
-48,35,71,-10,-19,-26,-23,-25,-23,-2,-1,24,76,121,64,23,handClose
-1,67,118,17,15,13,14,25,4,127,127,53,84,116,73,40,handClose
-63,-16,44,-33,-13,-44,-26,-21,-23,-115,-128,-115,-73,-68,-48,-24,handClose
-2,-15,85,21,-10,-15,-24,-23,18,18,-45,1,6,102,62,17,handClose
-86,-22,-25,-72,-68,-65,-48,-34,-40,-2,127,36,-63,-92,-65,-24,handClose
9,-6,59,37,18,67,41,-13,-81,-88,-128,-21,46,117,61,-33,handClose
19,40,127,36,-23,-28,-27,12,127,127,127,52,68,64,43,79,handClose
-8,-78,127,8,-50,-98,-65,-57,93,59,127,5,117,127,81,59,handClose
2,11,-8,12,10,9,1,10,-63,-128,-128,-20,-5,22,3,-43,handClose
-9,-30,4,-16,-16,-18,-19,-19,-27,19,53,-2,-15,-20,-15,-9,handClose
-12,-7,-7,2,-9,-19,-3,-6,-23,24,42,8,-3,-7,-5,-8,handClose
-45,-79,-128,-21,-10,15,-2,-16,-48,-22,-77,-34,-77,-89,-63,-33,handClose
87,-6,-27,-27,-14,-7,-3,42,12,-35,65,21,15,13,23,17,handClose
-86,15,48,9,-7,-19,-14,-16,50,-8,22,22,115,127,32,21,handClose
73,-4,-62,6,-1,-13,-6,19,21,92,59,54,25,67,46,-7,handClose
-63,-23,24,9,0,-12,-12,-18,9,53,70,10,-4,-45,-17,-8,handClose
-128,-10,48,5,-2,0,-17,-57,-15,-3,32,1,-12,46,14,-9,handClose
127,112,127,88,74,75,47,104,2,18,127,48,52,31,51,39,handClose
-71,-47,-128,-119,-39,3,-9,-17,46,-87,-128,-61,-2,34,6,4,handClose
-37,6,31,14,-1,-24,-12,-11,-44,35,113,14,-3,7,20,-1,handClose
-4,-6,26,-14,-12,-19,-9,-5,12,-8,-23,-1,-13,-14,-14,-9,handClose
-2,-1,-91,-84,-51,-40,-36,-19,8,16,51,73,51,121,53,21,handOpen
-10,-26,16,34,4,-35,-19,-8,41,-102,53,127,119,58,36,26,handOpen
3,37,7,41,54,41,23,8,8,57,-111,-86,-82,-75,-63,-43,handOpen
47,51,1,40,84,121,102,27,-9,-21,26,22,-29,-14,-11,0,handOpen
-63,-128,-20,69,8,-27,-22,-11,12,31,-19,15,-2,-37,-34,-4,handOpen
-5,16,83,-21,-41,-42,-24,3,99,-107,124,127,-2,40,35,34,handOpen
9,31,-64,-128,-41,14,-18,-8,-15,107,-15,119,78,-66,-58,-39,handOpen
-13,10,79,127,14,-76,-50,-5,-38,-128,-128,-128,-88,-35,-66,-27,handOpen
41,32,-121,-128,-27,56,31,10,15,46,-22,-32,67,10,47,24,handOpen
1,-12,102,53,-50,-17,-8,-3,-46,7,-46,-39,32,127,104,18,handOpen
-60,-128,-53,127,28,-128,-113,-53,26,39,17,116,23,-108,-45,-7,handOpen
-10,-17,32,-27,-70,-128,-108,-36,12,-15,-54,-7,35,111,96,28,handOpen
40,10,-41,127,127,127,127,96,81,6,22,-40,-105,-128,-77,-41,handOpen
-12,87,22,-11,-128,-108,-60,-15,26,6,-17,20,127,127,127,69,handOpen
20,25,11,54,-115,-128,-128,-44,12,79,78,42,-4,-35,-35,-7,handOpen
-3,21,2,-23,-128,-100,-42,-20,10,-30,29,-2,57,-24,0,14,handOpen
-17,-15,-27,-47,-57,-74,-42,-14,24,63,-30,27,95,13,2,7,handOpen
18,18,61,60,86,63,33,21,-8,7,13,-53,59,21,11,1,handOpen
6,-5,-52,127,84,111,16,-1,-26,50,-71,78,-63,-79,-59,-18,handOpen
14,-13,-76,87,127,38,15,13,-27,-33,-71,-45,-128,-128,-72,-38,handOpen
24,-128,-36,13,-84,-24,3,10,14,13,4,49,123,127,89,39,handOpen
-8,-8,99,127,-11,-96,-89,-23,-20,-26,-57,-34,-110,-106,-56,-27,handOpen
17,10,-35,-63,102,127,118,42,4,0,-38,-94,-70,-34,5,5,handOpen
16,-102,-25,-26,1,-3,-1,-4,-4,4,53,-17,5,3,-9,0,handOpen
0,0,31,50,-8,-11,-7,-7,-30,-8,-111,-16,-22,-41,-26,-15,handOpen
13,22,-23,75,16,21,25,14,-33,-29,53,-22,-35,-16,-6,-3,handOpen
19,-61,-119,-46,-43,-6,0,0,-1,-5,-9,-48,-14,-21,-6,-4,handOpen
7,17,6,-17,24,-6,-12,4,-20,-53,0,-5,68,30,6,-3,handOpen
-14,-8,30,-11,-53,-47,-24,-13,-8,-21,16,-87,-128,-128,-110,-31,handOpen
6,-19,4,5,-21,9,5,5,2,10,34,20,92,127,114,27,handOpen
-38,-85,-92,-57,-11,13,-7,-18,-5,-14,-51,-128,-128,-65,-16,-3,handOpen
41,-42,-19,86,2,14,7,6,55,-3,-29,-20,-44,-10,3,5,handOpen
-3,-51,8,-101,-95,-36,-17,-12,13,11,-46,-14,-26,-12,-5,-4,handOpen
6,-8,-4,-5,23,11,7,6,2,-8,-4,-19,10,12,9,0,handOpen
1,-4,-39,-15,-31,4,4,5,7,106,20,13,53,31,7,4,handOpen
16,6,-44,51,94,127,91,26,6,107,49,42,22,9,0,-1,handOpen
-7,-5,-95,-128,3,-8,-11,-6,-17,1,-25,-8,21,17,9,0,handOpen
-14,-20,34,45,-44,-47,-32,-12,-7,-4,73,53,-18,-19,-16,-10,handOpen
10,17,36,-22,-14,17,15,7,1,-5,-27,1,2,-80,-50,-12,handOpen
-21,56,44,78,63,43,7,-5,-32,-12,-4,-28,-15,-1,-8,-7,handOpen
-5,26,-16,-71,-86,-46,-21,-14,-7,-10,-36,2,10,6,-1,1,handOpen
-4,-4,-4,2,14,2,1,-1,2,-54,-53,11,6,18,6,-1,handOpen
0,9,22,20,25,10,6,4,22,75,-29,-39,-13,4,5,10,handOpen
-3,4,39,23,-21,-48,-38,-12,-1,-6,-17,3,-19,-47,-19,-5,handOpen
3,19,-18,25,38,76,65,21,9,11,4,5,15,70,31,8,handOpen
-14,-17,-33,-42,-16,-21,-15,-6,0,4,13,-5,15,21,11,-2,handOpen
-6,0,28,36,-4,-5,-15,-9,-1,-6,-39,-42,-8,-15,-8,-4,handOpen
-6,-11,-29,19,-12,-28,-6,0,2,6,8,3,17,-34,-5,4,handOpen
0,4,15,-29,-8,10,-3,-3,6,5,-27,32,49,6,19,10,handOpen
3,-3,-10,-37,-5,4,-1,-1,-11,-5,17,-12,-2,-17,-11,-11,handOpen
2,-3,15,15,-4,0,-3,-3,-3,-5,2,8,-15,-8,-4,-4,handOpen
-3,4,0,-1,0,-4,-5,-4,-6,0,-23,-7,0,-16,-10,-6,handOpen
3,-1,-14,-9,0,3,5,1,-2,-2,-3,-30,-1,3,-2,-1,handOpen
1,-3,-5,9,0,-1,-2,-2,6,5,16,33,7,8,7,3,handOpen
-3,1,1,-6,-5,-7,-3,-4,0,-4,-10,6,-3,-8,-6,-4,handOpen
10,1,2,0,23,33,17,8,4,-3,3,50,37,12,6,5,handOpen
10,-18,45,43,28,18,8,8,11,78,-55,-12,63,67,40,17,handThumbsUp
37,-49,127,112,7,-10,-5,-9,1,-128,-128,12,18,10,1,9,handThumbsUp
-31,106,43,-88,-13,-12,-4,-5,26,127,7,24,16,2,8,2,handThumbsUp
126,-128,-44,84,-53,-42,-11,39,-24,-85,60,-50,-12,26,27,10,handThumbsUp
-48,-27,-128,-21,12,-8,-12,-25,-69,-24,50,19,-9,-29,-38,-44,handThumbsUp
-24,106,127,29,18,8,2,-3,94,71,49,-128,-68,-43,-9,28,handThumbsUp
-118,-128,-13,-79,3,18,10,-17,-41,5,-43,66,27,-1,-27,-39,handThumbsUp
-13,60,-118,-7,-49,-52,-5,-11,-38,1,127,127,-28,-44,-19,-17,handThumbsUp
90,-58,48,-128,-119,-81,-58,16,11,40,85,40,69,69,28,15,handThumbsUp
-22,-8,-45,115,110,127,52,-11,27,108,127,114,-17,-26,-15,-2,handThumbsUp
-44,2,10,-103,-41,18,25,2,3,-18,-128,-56,-1,-21,-23,-21,handThumbsUp
-28,-15,-77,15,23,25,4,-2,-28,-43,-53,39,13,-8,0,6,handThumbsUp
-50,94,-106,-128,-38,-28,-14,-3,15,98,24,4,-19,-24,-1,1,handThumbsUp
-21,-117,41,93,-48,-36,-23,-30,17,76,69,81,-3,30,32,44,handThumbsUp
0,-24,-32,-35,-1,2,-8,-4,35,51,79,-8,21,-3,-15,-27,handThumbsUp
-1,-16,-128,39,-5,-3,5,11,-33,-128,-128,-16,-63,-51,-31,-29,handThumbsUp
-13,-55,-53,-84,-61,-80,-43,-23,44,127,127,-22,7,3,0,2,handThumbsUp
12,15,92,127,79,113,78,29,-56,-71,-92,14,17,-10,-16,-12,handThumbsUp
8,66,-93,-128,-71,-2,5,-6,-43,9,-42,-128,-56,-31,-30,-23,handThumbsUp
-7,51,98,66,-2,-9,-9,-2,13,-12,30,61,9,-1,4,9,handThumbsUp
-10,-58,-114,-37,-25,-19,-10,-13,4,24,119,38,61,61,33,15,handThumbsUp
0,27,-46,-93,-51,9,12,15,-23,8,78,26,13,2,1,-16,handThumbsUp
38,-128,-59,-44,-15,-17,-13,17,-14,-29,59,17,-10,-7,1,-3,handThumbsUp
10,6,25,23,-4,6,5,6,-11,20,-16,-128,-25,-12,-7,-5,handThumbsUp
-18,-128,75,-12,10,0,-5,-6,0,0,-43,1,17,5,0,2,handThumbsUp
22,76,-62,-15,36,31,21,14,-26,-9,72,58,23,-5,-9,-12,handThumbsUp
-15,-64,10,-1,-47,-24,-14,-11,13,51,122,34,49,19,12,1,handThumbsUp
-4,48,87,-82,-6,-13,-6,14,87,86,18,-63,-47,-25,-9,43,handThumbsUp
28,6,-56,-26,82,99,72,19,-27,16,19,45,-13,8,12,-16,handThumbsUp
-14,-7,45,60,5,1,-13,-5,39,-14,-24,-38,-30,-25,-14,-2,handThumbsUp
-63,-8,-1,54,-16,-45,-36,-25,11,9,23,24,37,13,-4,-2,handThumbsUp
-2,5,19,16,48,12,4,4,-3,-13,-100,-24,-28,-13,-2,0,handThumbsUp
-3,27,-28,-33,-11,4,5,1,1,3,3,4,-19,-5,1,0,handThumbsUp
-9,-5,-70,-19,-18,-16,-12,-12,7,44,38,52,-8,-19,-13,-3,handThumbsUp
-16,-1,53,-15,16,18,5,-5,6,-1,-42,-3,31,37,19,14,handThumbsUp
32,23,25,-29,-5,10,15,22,-16,-113,127,68,-10,-25,-13,-16,handThumbsUp
-8,-17,-20,-18,-10,-9,-7,-11,11,-28,1,60,27,4,-2,-1,handThumbsUp
-14,40,72,72,36,14,8,4,-9,-8,19,-23,-2,-3,-8,-10,handThumbsUp
11,-67,-66,-40,1,-1,1,0,-4,0,24,16,6,6,7,6,handThumbsUp
-15,-37,-1,-8,-1,6,1,-3,-9,-22,-61,-37,-2,-3,-3,-2,handThumbsUp
-13,46,94,23,12,11,12,9,-1,45,22,12,5,3,-2,-3,handThumbsUp
82,-20,-68,-30,-19,-19,-7,22,-20,-7,87,67,9,-2,-8,-8,handThumbsUp
-6,2,15,-20,2,4,3,-1,-14,1,-62,-7,-10,-7,-5,-14,handThumbsUp
16,23,-35,-42,-19,-9,-7,5,-10,-2,-7,-8,-5,-2,-4,-9,handThumbsUp
0,5,47,41,41,8,3,-1,-10,-9,62,65,20,10,4,0,handThumbsUp
-10,-14,-20,-33,-33,-8,-3,-2,-1,-19,-72,-114,-8,4,3,0,handThumbsUp
3,19,37,17,8,3,3,3,-4,-8,-57,-19,-17,-19,-5,1,handThumbsUp
14,4,-5,-9,3,4,5,3,-1,-5,-51,5,-5,-6,-5,-1,handThumbsUp
-6,3,6,4,4,5,-1,-2,-5,-8,2,-46,6,3,2,-4,handThumbsUp
-50,-25,-6,-9,-5,-4,-7,-21,30,23,80,26,4,-1,-2,2,handThumbsUp
46,36,10,8,7,14,16,26,-11,-11,4,1,-4,1,-6,-4,handThumbsUp
2,12,23,9,6,4,6,-1,-9,-3,-3,-9,-4,-1,-2,-5,handThumbsUp
3,-25,-9,-5,4,5,3,5,-8,3,7,1,0,0,-1,-6,handThumbsUp
-2,1,25,33,-3,-6,-5,-5,-5,-2,12,-9,1,4,-3,-6,handThumbsUp
-3,-2,9,-10,-4,-3,2,3,10,3,3,32,3,-1,-2,3,handThumbsUp
-1,2,-23,-5,-17,-11,3,2,-1,-8,-29,-34,-18,-6,-1,-1,handThumbsUp
44,-13,-22,-34,-8,-8,-2,32,-60,-2,3,1,-16,-43,-33,-30,handIndex
-11,-6,1,-3,3,49,21,10,-52,7,31,6,-1,-8,-4,-25,handIndex
2,-4,0,5,22,45,42,17,127,-12,-30,-21,-19,-8,-4,41,handIndex
11,2,3,-4,7,-5,-2,4,-58,25,32,15,-3,-28,-17,-31,handIndex
-43,-20,-35,0,-1,-2,0,18,-128,-14,23,19,23,38,14,-12,handIndex
26,-15,-26,-16,-4,0,7,3,-80,-10,13,26,64,47,21,-17,handIndex
-128,-10,-6,-7,-30,-14,-19,-102,-128,-12,-11,-6,-1,8,-5,-59,handIndex
127,12,-26,-12,-1,4,24,127,127,-18,-16,-19,-53,-18,9,127,handIndex
-39,4,-1,15,-12,-29,-19,-13,-55,4,18,10,27,-6,-17,-75,handIndex
37,12,4,-29,16,9,4,15,44,-7,-20,-14,-10,-4,-2,12,handIndex
-128,-26,-4,5,18,4,-6,-37,-128,60,-11,-6,5,6,-2,-24,handIndex
127,22,29,-12,-16,1,2,-9,-59,-23,20,19,17,5,0,-9,handIndex
77,-3,13,4,8,4,5,46,126,13,17,-6,13,10,25,100,handIndex
-44,3,-49,-13,-11,-4,-9,-54,-128,-5,8,4,-37,12,3,-33,handIndex
-49,17,10,14,-5,2,-2,-10,127,12,-4,7,-41,-32,-3,37,handIndex
-128,-16,-1,-3,7,4,-7,-98,12,8,-1,1,47,7,4,-12,handIndex
127,13,-12,-19,32,17,31,79,38,-7,-13,-9,-79,-36,-22,-1,handIndex
-14,-25,-20,-38,5,-45,-25,-7,-39,-10,5,29,9,-6,-9,-19,handIndex
-41,18,22,55,93,126,72,10,-128,-8,-52,-21,-38,-128,-77,-71,handIndex
42,-7,-19,-80,-11,48,36,27,63,-10,-8,2,29,127,126,23,handIndex
36,24,8,6,3,-18,-26,-44,127,3,22,14,18,-32,-36,31,handIndex
-29,-21,-42,-10,-46,-45,-24,0,-87,-25,-31,-15,5,11,2,-49,handIndex
13,3,-13,-21,0,-13,-13,-16,127,11,-37,-17,-44,3,25,91,handIndex
-45,-2,-27,-7,-9,-8,-8,-19,11,29,18,12,3,-13,-9,-2,handIndex
-86,-5,10,4,13,5,-3,-20,-14,-16,-19,-1,4,5,3,3,handIndex
-27,1,-10,-8,18,13,8,-12,-7,-20,-22,-11,-40,-17,-14,-6,handIndex
-84,-7,0,3,2,4,-1,-9,-8,6,3,-3,17,0,3,-7,handIndex
-113,7,0,-11,16,13,13,2,-128,-8,5,-4,-2,-1,-8,-50,handIndex
127,-16,-3,11,0,-12,2,25,127,19,-3,4,21,-19,2,89,handIndex
-10,15,21,3,-25,42,23,-30,-5,-2,-26,-7,11,-2,-5,-8,handIndex
-25,-4,3,13,26,-1,-4,-6,-118,0,28,-8,-15,-12,-23,-59,handIndex
-30,-11,-12,-12,1,-5,0,-11,118,1,-46,-5,17,13,10,35,handIndex
14,-12,-15,-7,-25,-16,-8,7,-39,1,0,-3,-14,0,2,-7,handIndex
-128,-45,-25,18,6,-9,-9,-59,-31,1,14,18,-26,-4,8,-3,handIndex
127,29,-4,-10,-3,-2,31,127,-17,-11,-25,-5,-5,-12,-12,2,handIndex
-42,0,15,18,-1,-19,-34,-65,4,10,3,9,0,-9,-6,-4,handIndex
-40,-12,-15,-25,20,3,-2,-10,8,-2,4,-15,-20,-9,-6,0,handIndex
-96,-30,-28,-4,-5,-16,-18,-34,66,43,34,64,34,-17,-7,18,handIndex
127,16,19,-1,7,-6,6,55,-47,-8,-10,-4,-14,-17,-10,-11,handIndex
-31,-11,1,-6,21,67,31,-19,-40,-7,1,-16,19,8,4,-6,handIndex
59,-15,-4,-29,-33,-9,-8,23,-29,-14,0,-1,-29,-12,-5,-10,handIndex
-54,-18,0,-16,0,-5,-5,-16,19,0,1,0,3,-9,-6,-11,handIndex
45,11,3,2,4,3,6,23,31,13,5,3,6,2,4,14,handIndex
0,0,30,-1,-12,-4,-9,-13,15,-5,-2,-1,3,1,1,-3,handIndex
-19,2,-3,-2,0,6,4,13,-108,-14,-9,-4,-15,-1,-4,-58,handIndex
100,0,-11,1,24,7,5,42,51,-6,-4,3,10,12,14,29,handIndex
11,12,13,10,-18,-17,-10,1,82,1,-2,-9,-3,-29,-9,13,handIndex
-38,3,9,-26,-16,-7,-1,-10,-19,-4,3,-1,-26,57,15,-2,handIndex
-42,4,-5,-5,-10,-14,-12,-22,-32,-10,-20,-5,-1,-9,-3,-10,handIndex
-29,-7,-11,-5,-5,-13,-8,-10,-6,4,1,4,3,9,5,4,handIndex
-32,1,-3,-8,-4,-9,-4,-5,-15,-3,-17,1,-6,-2,-1,-9,handIndex
42,-5,19,-4,-13,-14,-11,-10,13,4,-4,-13,1,-1,3,5,handIndex
-14,2,-47,0,-4,-12,-8,-14,-54,-9,3,2,-6,-6,-2,-9,handIndex
-70,-14,-26,-11,-1,2,-3,-7,-16,-11,-1,2,-4,-3,-1,-12,handIndex
43,33,-2,-45,-26,-10,-8,-11,-27,-5,12,39,48,18,-14,-33,handFlip
-36,-128,-128,-69,-84,-40,-21,-27,-28,-15,61,72,101,30,9,-3,handFlip
0,12,15,5,-16,2,0,-5,50,8,17,2,-9,3,7,17,handFlip
-24,44,109,109,127,67,15,31,-84,6,4,10,2,4,7,-1,handFlip
-3,-112,-128,-39,-24,-20,-15,2,85,68,2,-24,-26,-8,1,10,handFlip
-22,-8,-3,79,127,38,3,13,-53,-21,25,-29,-81,-27,-20,-32,handFlip
30,-11,-8,56,127,58,89,127,-33,12,-60,-54,-12,-8,3,7,handFlip
103,27,-10,-85,-128,-34,-3,19,54,19,39,26,27,9,1,-17,handFlip
-63,-27,-15,28,17,-8,-37,-66,-51,-21,-78,-45,-97,-37,-49,-120,handFlip
-64,16,-1,-17,-10,2,0,-7,20,7,-3,-52,-83,-27,-4,1,handFlip
105,39,85,-8,-43,0,14,27,-26,-16,-3,45,93,13,-30,-75,handFlip
-9,-6,-33,-2,-15,0,-12,-6,-11,0,0,-3,-50,-16,16,57,handFlip
-11,-6,-8,-31,-36,-9,-3,-27,-12,-6,-4,63,127,49,5,16,handFlip
-46,25,17,20,41,24,26,84,-22,-9,8,33,50,9,-2,-4,handFlip
98,30,4,-50,-60,-2,7,-21,-128,-82,-31,-3,28,-9,-41,-73,handFlip
12,-22,14,57,127,20,-13,10,68,22,38,-5,-21,-7,45,118,handFlip
-15,27,-8,-40,-67,-27,-4,-7,-48,-13,-47,8,44,11,-37,-123,handFlip
-4,-2,-38,-71,-95,18,28,13,-76,-30,1,43,49,22,-12,-23,handFlip
-17,-11,-10,59,87,26,-12,-6,-7,21,51,13,26,1,8,10,handFlip
-6,8,36,27,47,0,15,49,-16,-7,-70,-67,-72,-35,-2,-5,handFlip
8,12,13,-7,-24,-13,-1,2,62,15,17,33,61,12,3,13,handFlip
69,-8,2,65,107,54,-5,-28,-100,17,8,-49,-70,-28,-20,-38,handFlip
-40,-19,-13,-10,-3,-11,-15,-27,64,29,24,87,117,70,9,85,handFlip
-128,9,5,-77,-128,-42,-2,-15,39,-25,-12,11,21,-6,19,-9,handFlip
50,-20,9,122,127,61,-15,-21,-57,2,-23,-81,-106,-44,8,-27,handFlip
16,11,2,-9,19,-9,2,8,26,20,2,-47,-74,-29,13,43,handFlip
60,1,5,54,52,35,8,7,7,12,-13,-41,-69,-24,-8,1,handFlip
0,32,-4,-96,-128,-64,-4,6,-24,-128,1,107,127,57,-1,-18,handFlip
-23,-24,-1,87,127,42,-11,-26,-14,10,-3,-48,-90,-33,-1,-14,handFlip
18,-4,1,-18,-52,-12,-3,15,-7,1,-5,15,66,-17,-1,42,handFlip
12,2,-16,-25,-11,2,13,27,21,12,-1,-59,-114,-22,6,8,handFlip
9,-17,2,22,8,7,-2,13,-68,-40,1,22,8,16,-10,-21,handFlip
-32,-7,-8,-33,-70,-26,11,42,68,37,-3,-22,-31,-25,3,3,handFlip
8,-4,7,-13,7,5,2,3,17,-5,-9,-9,-6,-15,-6,-11,handFlip
-28,-6,4,52,108,20,-3,13,31,2,7,-1,9,0,-10,-19,handFlip
-37,2,4,-5,-25,-12,-2,-9,-33,-1,8,-15,-3,12,6,5,handFlip
15,-8,2,2,-21,-6,1,6,29,-11,6,-14,-52,-19,-11,-2,handFlip
15,3,-1,-32,-55,-15,7,-3,-11,8,3,-9,10,2,8,2,handFlip
-117,-4,-5,-6,-15,-11,-4,-4,-11,12,8,5,1,2,-13,-17,handFlip
68,5,5,4,5,-2,-7,-9,1,11,11,-15,-17,9,7,-16,handFlip
-61,-3,-1,-23,-43,-5,-1,-9,127,43,-1,35,63,13,11,63,handFlip
-28,4,3,-21,-49,-10,2,0,56,-3,-6,46,68,12,-5,-1,handFlip
22,4,6,30,49,20,-5,-14,31,20,11,-22,-19,-8,18,51,handFlip
1,-3,13,23,64,20,4,1,-78,-3,4,11,17,16,8,0,handFlip
59,8,15,-36,-41,-22,4,15,85,-9,-53,-11,-16,-19,-15,1,handFlip
-6,3,-4,-13,-36,-13,0,-4,0,-17,1,49,59,16,2,5,handFlip
-12,6,3,-7,3,-3,-6,-8,23,2,-1,-11,-13,-2,5,10,handFlip
6,-9,-2,-1,-11,-3,1,9,-15,8,-2,-57,-107,-16,12,5,handFlip
75,-3,-2,-10,-10,-8,4,11,-1,-5,-3,45,93,18,-8,0,handFlip
-14,-30,3,39,56,19,-12,-3,-91,4,18,0,-3,-1,-13,-27,handFlip
3,28,2,-2,-1,-5,3,-1,6,-12,-5,-4,1,4,5,-21,handFlip
-4,8,-1,-19,-26,-2,6,1,50,23,10,10,-4,12,6,20,handFlip
-13,-8,3,38,64,12,-3,-8,-27,14,-21,-27,-40,-31,-13,-4,handFlip
-70,-6,-2,-14,-33,-7,1,-8,-8,-4,-3,-15,-47,-13,-3,-5,handFlip
-9,1,-3,14,13,-14,-18,-24,2,17,6,47,111,3,-6,-3,handRing
4,3,5,5,15,1,4,9,3,4,11,60,82,22,6,5,handRing
1,4,7,16,-5,6,2,1,3,-7,-11,-17,10,-12,2,14,handRing
-6,-10,-16,-16,-26,-8,-5,-3,-19,-6,-7,-27,-37,-13,-13,-30,handRing
-4,-6,-7,-12,-8,-7,-1,1,5,1,7,12,11,4,3,5,handRing
4,3,7,12,28,-3,-4,-9,6,11,17,-13,-55,14,4,-8,handRing
16,10,3,-18,-40,7,5,31,3,-10,-15,-9,4,-18,-8,7,handRing
1,-5,-14,-73,-76,-23,-10,19,-26,-8,-6,-14,-17,-9,-11,-34,handRing
-7,-14,6,31,55,21,14,-6,0,-5,5,2,-1,0,-6,-11,handRing
-5,6,-1,3,-26,-3,5,22,11,-2,-7,30,54,10,19,33,handRing
-4,31,17,43,81,22,12,11,13,3,-2,0,6,0,-7,-7,handRing
1,-36,2,27,36,17,7,14,-13,5,10,3,-13,-8,-7,-30,handRing
16,17,5,-12,8,-16,-11,2,7,-9,7,23,-12,9,11,14,handRing
-6,-5,9,62,97,25,6,10,7,8,1,34,48,5,1,-10,handRing
13,-6,-13,-32,-62,-17,3,-4,37,6,-5,-57,-78,-20,14,88,handRing
34,25,6,-10,-10,12,21,54,-74,0,1,36,71,-9,-43,-128,handRing
-14,-5,6,23,57,13,1,-4,-2,3,1,2,16,-8,-7,-12,handRing
-14,1,19,32,0,9,4,-15,19,15,9,-23,-50,2,23,55,handRing
18,28,19,42,76,13,6,8,-34,-4,-2,55,-3,-12,-35,-91,handRing
-11,-32,-16,11,42,12,-7,-17,47,43,-22,-45,-13,-29,17,127,handRing
36,-2,-16,-30,-53,-11,26,113,-57,-35,-16,-21,-18,-34,-50,-126,handRing
-5,-5,-4,13,46,10,5,-5,-38,12,7,-5,1,0,-22,-65,handRing
4,1,-2,-36,-38,-12,0,-4,-15,9,7,14,6,-17,-35,-60,handRing
34,52,26,31,14,15,13,12,14,7,20,21,18,32,21,24,handRing
15,-30,-12,-13,70,2,13,81,6,-13,-32,-73,-128,-44,-8,20,handRing
-16,-10,-11,-20,-24,0,5,-20,-16,1,-12,-64,-68,-35,-46,-116,handRing
-7,7,3,9,15,-22,-29,-48,4,0,-1,-27,-12,2,2,-2,handRing
-6,9,16,-5,-28,10,2,-15,11,15,32,47,23,30,15,7,handRing
-20,-15,-11,74,127,34,-1,-36,-3,-52,-30,15,11,-8,12,60,handRing
7,11,8,-21,-27,16,8,6,10,-2,-21,-52,-68,-27,5,73,handRing
-19,-7,-8,27,33,-5,-8,-16,-2,-11,2,6,-3,11,5,-13,handRing
-15,-27,-6,4,-1,6,7,2,-4,4,17,66,79,7,-4,-29,handRing
8,1,1,-22,-42,5,2,-2,3,-9,-11,-39,-51,-15,3,25,handRing
-17,-14,-11,-40,-30,-8,4,13,32,-13,12,60,75,26,32,72,handRing
31,1,12,6,-20,8,8,25,-4,-21,-3,-18,-104,1,-1,17,handRing
1,-20,-15,19,83,0,1,3,-14,2,10,76,127,6,-15,-63,handRing
-7,-11,-12,-31,-33,-6,-9,0,7,1,-17,-83,-79,-30,-21,-21,handRing
-37,-2,7,21,-8,-14,-38,-76,-12,-4,-2,12,13,7,2,2,handRing
-12,-24,-18,-2,38,-14,-24,-45,-10,5,5,1,4,7,1,-36,handRing
6,25,8,5,4,7,11,17,2,12,17,19,15,-1,-1,2,handRing
25,11,2,17,8,12,5,-1,9,-20,-25,-42,-66,-19,12,63,handRing
-44,-10,2,-16,-27,-9,-21,-67,10,20,0,-2,-29,-1,24,52,handRing
8,9,5,28,46,8,12,34,2,-2,2,-26,-32,-2,3,19,handRing
-6,-8,-5,-31,-29,-12,-16,-21,-10,-6,5,38,37,12,2,-33,handRing
9,11,27,85,75,30,19,16,27,1,-7,-6,-1,-6,4,57,handRing
7,3,4,-10,-14,3,10,12,-18,-24,-36,-61,-68,-47,-26,-3,handRing
21,-11,-2,22,6,25,28,62,13,6,3,10,20,10,2,3,handRing
-41,13,-15,-41,-61,-43,-57,-119,-9,1,4,7,9,-2,-4,-10,handRing
1,0,5,10,11,4,0,-14,7,19,27,2,-6,-6,-4,0,handRing
13,-24,9,13,-1,-8,-16,-43,6,4,5,19,42,0,2,5,handRing
0,-4,-12,4,51,11,9,0,-18,6,14,18,49,28,-4,-42,handRing
3,2,0,21,33,-1,3,14,18,-3,-29,-98,-128,-29,3,66,handRing
2,5,11,30,91,16,7,0,13,24,-8,-21,-20,-12,4,9,handRing
-1,5,7,15,13,5,2,-10,1,0,-9,-66,-99,-15,-3,-1,handRing
-5,11,16,-85,-23,-3,0,-1,-22,-5,-8,-24,-12,-5,3,22,handPinky
4,5,17,127,44,11,-11,-19,10,5,12,51,38,29,31,63,handPinky
-51,-43,-34,-91,-54,-19,-16,-64,28,-7,-29,-111,-54,-27,-29,-28,handPinky
-125,-7,1,79,30,18,17,6,-60,12,21,78,39,3,-11,-33,handPinky
84,-1,-11,-96,-64,-26,-16,6,127,2,-7,-3,-12,-7,7,72,handPinky
-18,17,36,127,70,19,12,19,71,-26,-27,27,18,31,1,-31,handPinky
-82,-23,-52,-128,-128,-82,-53,-44,127,36,31,37,41,50,52,98,handPinky
-86,-9,-3,-62,-15,-11,-7,-14,-60,-5,9,-35,-33,-75,-31,-11,handPinky
15,-13,-15,-78,-22,-16,-15,-20,-56,0,-10,-6,31,76,34,-6,handPinky
127,20,1,15,5,-8,-2,32,-43,-11,3,-9,-35,-20,-10,-16,handPinky
15,17,30,127,64,14,7,8,-40,-26,-40,-113,-29,-36,-31,-19,handPinky
21,16,42,31,69,39,-10,-55,-22,3,8,81,31,30,-3,24,handPinky
25,-10,-36,-43,-46,-7,46,127,40,-4,-23,-72,-37,-3,11,-34,handPinky
-46,2,16,127,54,10,3,-10,-48,-27,-39,-99,-58,-29,-21,-41,handPinky
126,15,5,-64,-45,-21,-13,7,95,7,21,47,72,39,21,21,handPinky
-119,-27,-41,-128,-117,-39,-23,-47,16,0,1,3,23,7,16,43,handPinky
44,-3,-3,64,19,1,-6,-2,3,15,23,127,77,27,12,11,handPinky
88,34,50,71,46,16,16,49,-24,9,28,127,78,23,3,-28,handPinky
-38,-24,-52,-128,-94,-23,-15,-42,-18,-9,-12,-128,-70,-15,8,34,handPinky
39,5,0,6,28,40,38,19,-4,-4,-16,-5,-12,-12,-5,27,handPinky
-13,6,26,-65,-4,-13,-26,-55,-45,3,16,-54,-22,-4,-12,-15,handPinky
-6,-13,-27,-19,-19,-23,-10,-5,-2,21,37,83,56,23,9,-34,handPinky
26,13,26,126,43,9,22,45,1,-15,-35,-90,-43,-18,3,43,handPinky
68,2,-3,14,17,9,7,12,19,17,38,127,110,33,20,34,handPinky
-128,6,41,44,63,28,20,-16,-111,-13,-29,-128,-99,-40,-25,-42,handPinky
127,-17,-35,-54,-40,-39,-43,-28,-104,-26,-45,-128,-128,-37,-21,-55,handPinky
73,30,23,127,66,35,44,71,16,-3,2,18,1,-10,-8,-4,handPinky
-22,-3,-9,-3,-1,-7,-13,-22,-25,-1,7,31,16,8,2,2,handPinky
-18,14,32,88,66,28,23,32,-4,7,23,42,-3,6,8,1,handPinky
14,-16,-34,-71,-37,-16,-16,-28,0,2,14,20,0,4,-5,-5,handPinky
3,4,4,0,8,1,4,10,-10,-15,-35,-36,-33,-22,-18,-10,handPinky
11,0,4,3,8,22,13,14,-1,2,6,45,15,7,2,-3,handPinky
-74,-17,-11,0,5,-40,-18,-30,12,3,5,27,15,4,-3,4,handPinky
-76,2,10,-35,-7,34,21,12,-24,4,7,-27,3,9,10,12,handPinky
127,23,9,4,14,-1,7,23,-32,-11,-11,-13,-3,-7,-6,-9,handPinky
-1,-12,-29,-100,-45,-18,-7,3,-53,-7,-1,-11,-4,-6,-2,-12,handPinky
-9,1,7,43,15,3,3,-5,9,6,21,126,58,18,1,-9,handPinky
-15,11,25,46,12,16,17,16,43,15,6,0,11,7,1,3,handPinky
26,-14,-17,-16,-8,-13,-11,-7,6,13,30,-65,2,13,15,11,handPinky
-11,-14,-35,-128,-88,-29,-15,-8,-22,-12,-18,-13,-22,-14,-11,-15,handPinky
2,-1,-8,17,-4,-7,-1,-1,6,15,36,127,83,31,15,12,handPinky
-1,-7,-4,30,24,10,6,5,-1,-1,0,3,3,1,3,2,handPinky
-3,2,4,11,5,9,3,-7,2,-2,-5,-6,1,5,-1,-5,handPinky
17,5,4,-4,2,-1,5,7,-78,-9,0,-8,-5,-7,-4,-22,handPinky
-128,-8,1,-8,-1,1,-3,-44,127,8,-1,-7,-3,0,7,36,handPinky
96,5,2,-8,-4,-8,-12,2,-18,0,7,38,20,10,6,-2,handPinky
5,5,6,-17,-6,-2,1,7,-27,-12,-13,-119,-39,-13,-9,-7,handPinky
-10,0,0,11,6,5,-1,-7,-9,2,6,37,30,13,9,5,handPinky
-3,1,5,23,13,4,4,3,-15,-8,-14,-101,-83,-32,-17,-14,handPinky
9,10,11,20,5,5,3,0,2,3,9,74,25,7,2,-1,handPinky
-2,-1,0,-16,-1,-5,-2,-3,-9,-7,-16,-98,-51,-20,-8,-9,handPinky
-3,-5,-12,-18,-16,-6,-3,-6,6,3,-1,4,6,5,4,0,handPinky
-1,0,-1,-1,-2,-20,-9,-5,-3,2,7,33,24,11,1,-1,handPinky
0,-1,2,6,13,40,19,5,4,2,0,-5,-3,-1,-3,1,handPinky
-1,-2,1,-1,-2,-3,-5,-2,-4,-2,-1,11,-5,-6,-7,-3,handPinky
0,6,-4,-4,-4,1,-3,-1,-6,-1,0,-12,-9,1,4,-3,handPinky
