18,14,15,-16,127,-32,-79,-39,47,60,-18,59,127,12,32,-5,handClose
-14,83,16,41,125,-31,-53,-25,1,13,59,43,127,-54,27,18,handClose
44,26,-16,2,127,22,127,63,-40,-23,3,-11,-51,-106,16,-72,handClose
-24,-62,-38,-76,-128,-128,-128,-31,63,39,11,14,52,127,21,17,handClose
-39,-79,-30,-2,-98,-105,-85,66,-29,-54,-48,-30,-128,-21,-33,-35,handClose
-40,-17,-103,-120,-128,26,-45,-128,47,59,23,-6,30,62,29,58,handClose
54,-47,22,1,127,127,127,54,-28,-45,20,-42,-103,90,7,58,handClose
40,97,35,48,-26,0,41,33,8,-5,-6,8,127,-128,31,-55,handClose
2,18,51,87,-82,-103,0,-8,-2,10,15,-6,-128,-90,69,4,handClose
-48,-65,-91,-105,-128,-41,-84,-37,12,39,60,68,60,37,11,34,handClose
18,-9,38,28,34,-22,73,70,-5,-46,10,8,-72,-41,127,73,handClose
9,-75,-34,45,127,66,69,12,-102,-128,-111,-38,55,10,-128,-128,handClose
-30,-29,17,-32,-123,-32,-69,-38,35,61,22,-26,-69,2,92,77,handClose
-35,-128,-11,22,-66,74,75,75,13,114,24,33,127,-8,-5,-107,handClose
-123,-128,-128,-128,-128,-128,-128,-128,24,-18,-14,-71,-126,-57,-44,40,handClose
26,47,74,121,87,90,42,21,4,-58,46,108,127,45,26,-4,handClose
34,28,22,-2,-18,31,65,27,47,53,68,41,95,64,89,112,handClose
-22,-87,-32,47,127,-79,-86,-12,-44,-29,-50,-103,-128,-18,-43,-40,handClose
-8,61,6,20,41,-14,2,-12,12,47,2,8,-37,-9,-40,0,handClose
33,51,38,26,1,18,37,41,11,6,36,44,124,33,13,14,handClose
3,6,-6,-21,-11,6,27,17,-12,118,-26,-28,-60,13,-30,-56,handClose
-1,4,2,3,-7,10,15,-5,-10,-6,-24,-22,-128,-109,-90,-25,handClose
28,16,13,20,-46,-13,60,45,-4,-1,0,17,125,127,-12,-57,handClose
-62,-86,-41,-20,-128,2,-112,-95,-29,9,-10,-11,-74,14,-31,-26,handClose
-17,29,-32,-28,21,-46,-10,3,47,24,32,25,32,0,27,17,handClose
32,28,6,15,-51,11,22,67,28,33,42,58,127,93,44,-18,handClose
1,12,-1,34,-16,-2,70,49,-2,13,-10,-40,-51,-83,-33,-10,handClose
12,4,10,-17,-73,-52,25,24,26,-5,50,49,-12,-3,82,86,handClose
-7,-63,-29,3,36,-25,24,27,-61,-60,-109,-128,-128,-34,-128,-121,handClose
-6,-21,-37,-40,-26,1,-128,-59,22,48,48,72,127,-46,-5,5,handClose
23,15,55,127,27,4,-3,18,-8,2,4,-4,40,-33,-53,-29,handClose
-7,12,7,-7,6,35,-48,-24,3,3,2,-14,-29,21,19,14,handClose
21,20,8,-121,-100,8,27,33,-10,-1,-26,-5,63,29,11,-17,handClose
0,11,-5,-57,-7,13,-15,-3,13,14,-13,-40,-8,37,32,3,handClose
-4,-35,-40,43,127,127,-36,-30,14,6,-7,-26,127,53,-80,-13,handClose
11,27,13,18,-55,1,39,24,11,0,20,31,-12,13,39,34,handClose
29,44,21,27,-21,19,5,5,-17,118,18,0,-128,-128,-27,-91,handClose
1,-2,2,-7,12,27,46,17,0,-5,1,20,-79,-16,-12,25,handClose
21,11,24,12,22,32,116,93,-7,5,-13,22,47,7,-28,-33,handClose
39,98,-18,16,86,85,-16,-37,-77,-128,-59,-25,2,-9,-55,-52,handClose
4,30,18,-3,-88,15,32,22,-13,0,-44,-51,-128,-23,-18,-7,handClose
12,33,-19,20,-9,25,57,39,-36,-48,-82,-57,-111,-70,25,-35,handClose
45,21,39,31,21,56,85,90,20,20,25,23,5,-1,18,31,handClose
-20,-32,-11,35,-2,-39,1,-42,-16,5,-6,-17,-125,-51,-28,-16,handClose
67,75,48,79,127,105,56,68,-16,-14,-18,-19,-68,20,-60,-18,handClose
12,24,28,21,-30,7,28,15,6,31,-8,-13,-86,2,26,59,handClose
-20,11,-14,-36,-104,-40,-6,5,18,-4,7,35,127,-12,35,-9,handClose
25,7,18,4,-6,-6,33,36,20,23,35,5,-5,0,57,46,handClose
-13,34,-6,20,-33,-39,-34,-63,-27,-28,-41,6,34,-5,-100,-74,handClose
62,41,30,-5,71,90,88,69,-10,-27,-1,-2,-9,-2,12,6,handClose
22,20,11,-2,-12,53,47,48,33,28,14,38,17,6,56,55,handClose
-36,-28,24,75,6,-44,-49,-59,-40,20,-27,-37,-91,-128,-128,-127,handClose
-13,-18,-18,-23,-44,23,-9,-6,-20,1,-25,-54,-80,-1,18,16,handClose
21,73,5,3,1,10,31,16,23,19,25,8,11,9,27,14,handClose
-59,-15,-68,-66,-96,-33,-128,-62,-1,7,-7,-11,8,3,-8,-3,handClose
15,36,68,-28,41,14,-10,3,8,5,0,1,-23,-7,6,4,handOpen
-11,7,21,33,-51,25,-39,-14,-6,-10,-44,-8,-4,-6,1,-9,handOpen
-1,4,-11,24,-9,-35,10,1,19,-22,-128,-128,-32,-37,-9,6,handOpen
-17,-36,-67,-84,-58,-32,-11,-8,18,44,127,116,14,-14,25,1,handOpen
12,12,9,-43,-11,-21,7,4,-25,-10,-26,-40,-26,-1,-25,-8,handOpen
23,37,31,87,47,-23,11,13,31,33,40,-6,118,127,55,14,handOpen
5,-4,-4,-90,-42,-20,3,-1,24,35,34,73,-23,56,23,8,handOpen
-3,5,57,-88,-128,127,49,10,1,28,53,33,14,101,-1,-8,handOpen
-15,0,27,-22,33,-18,16,-4,5,-11,-38,39,52,-5,-12,-6,handOpen
-8,-18,-65,-12,-55,-30,-5,-3,33,24,-24,10,44,126,64,17,handOpen
2,17,56,-40,-32,-92,-8,2,21,24,118,63,12,38,-1,11,handOpen
-5,-8,-30,-39,-30,-98,-13,-2,-50,-93,-100,-35,29,-56,-3,-14,handOpen
25,55,105,73,41,109,0,4,18,21,30,80,-36,-6,5,5,handOpen
20,24,9,10,44,9,8,6,37,26,-25,-6,51,-10,2,8,handOpen
-31,-69,7,16,10,7,-2,2,6,-8,-32,-27,8,6,9,1,handOpen
27,8,14,2,5,34,36,18,-39,-71,-43,-37,-45,-14,-18,-12,handOpen
-18,-10,-20,40,5,-72,-59,-15,10,18,41,24,24,2,1,2,handOpen
-12,2,-4,4,-5,1,-9,-9,19,-10,-73,-54,-11,127,57,19,handOpen
-2,-12,-9,-3,-9,-83,-12,-4,-7,-1,-32,4,127,-86,13,-2,handOpen
-24,-31,-5,-18,-19,4,-12,-6,0,-15,-74,-105,-37,-29,-18,-1,handOpen
0,-5,-52,-22,-8,-40,-9,-1,1,-2,-8,-8,-16,-79,4,-3,handOpen
-12,-33,-128,-18,7,-41,6,-4,-8,-6,-16,-44,0,21,-8,-3,handOpen
-8,-8,-29,-67,-7,-48,-17,-1,3,-18,-41,-97,-13,-22,2,-1,handOpen
4,2,22,12,-10,20,20,3,-16,-19,-8,19,5,-11,2,-3,handOpen
13,0,6,2,-1,74,21,9,0,9,-9,-14,-1,-26,-32,-11,handOpen
-13,-10,-23,8,25,30,-13,-6,13,38,4,31,9,-120,8,9,handOpen
-7,-13,-43,-24,-11,-100,-34,-12,-9,3,41,-11,-68,-1,1,0,handOpen
6,14,33,92,9,-53,0,5,-7,0,-20,-6,4,1,-8,-8,handOpen
12,3,53,16,88,127,-10,6,-4,-18,-16,-17,3,-2,6,1,handOpen
29,44,25,47,-58,-13,17,9,-3,19,2,-5,20,0,-8,-4,handOpen
-21,-46,-55,-6,4,-15,-1,-7,5,3,-17,-36,-20,-13,0,-3,handOpen
-6,0,-9,-6,-4,2,-7,-1,14,11,18,97,32,0,6,4,handOpen
5,-22,-23,0,23,71,31,5,-21,-15,-20,-54,-36,-8,-14,-10,handOpen
4,26,49,36,2,-50,-17,-7,19,0,-38,-41,1,-21,12,9,handOpen
-16,-8,34,106,-25,-1,-13,-6,-1,-2,-3,-17,-22,-1,-5,0,handOpen
3,6,14,-5,-22,-47,4,3,-19,1,-29,4,-25,-100,-55,-13,handOpen
-6,3,31,18,45,-46,-5,-4,-19,-22,-7,6,-11,-12,-3,-9,handOpen
-4,4,-5,-54,-41,-26,-23,-2,-17,-34,-33,-77,27,6,5,-1,handOpen
21,15,-25,-16,-4,-7,10,0,7,38,70,41,38,-24,-5,-1,handOpen
-10,-7,-59,-45,-17,-12,-9,-10,4,19,113,126,-9,-8,-3,5,handOpen
-7,-15,-14,-26,-14,-10,-9,-2,24,19,94,7,-33,-5,7,7,handOpen
14,-1,-2,-54,13,1,4,-1,0,11,21,-53,-54,-24,-8,2,handOpen
-12,-5,-31,1,27,127,5,-8,15,12,18,88,94,8,5,6,handOpen
14,18,38,24,12,3,11,7,-19,-13,-3,0,1,-16,-3,-8,handOpen
3,-19,-60,-28,4,-42,7,6,6,19,-10,-30,0,2,-2,3,handOpen
-6,23,34,22,-15,58,1,-3,13,-4,-3,14,-17,49,24,8,handOpen
2,-8,-8,-47,15,-11,-20,0,-9,6,47,8,19,-47,-23,-9,handOpen
12,38,127,98,-16,-43,2,2,-8,13,-31,-25,-16,20,-19,-5,handOpen
-13,-3,-11,25,37,-59,-43,-7,29,26,5,-14,16,127,23,6,handOpen
10,-7,-38,-67,2,-13,7,3,-5,9,-16,-24,-17,4,4,-3,handOpen
-31,-21,-10,-23,-28,-16,-19,-8,14,16,22,42,25,74,21,11,handOpen
-30,-46,-19,-25,-21,-13,-8,-5,7,8,33,47,-24,-38,1,5,handOpen
14,19,22,8,22,-55,-16,-2,11,2,5,2,9,17,13,3,handOpen
-11,1,-14,-36,-16,-27,-8,-3,16,41,3,34,36,39,-3,6,handOpen
-10,-14,-8,21,-45,33,2,-2,-15,-46,16,11,-1,-16,2,-2,handOpen
27,11,-8,40,17,20,18,11,-11,-5,-20,11,49,-6,-6,-5,handOpen
-3,4,-10,-9,-12,-9,-4,-4,-10,-7,-17,-15,-17,1,-10,-5,handRelax
10,0,8,7,8,0,10,6,7,1,9,1,3,2,7,1,handRelax
-19,-9,-18,1,8,1,-10,-4,0,1,-1,4,0,1,2,2,handRelax
1,-2,0,4,-5,-2,-3,-1,-7,-4,-1,-8,-8,-6,-8,-6,handRelax
9,3,6,7,9,-2,8,3,4,-3,2,-1,-2,-2,0,1,handRelax
-13,-13,-13,-16,-21,-3,-9,-3,-3,5,-7,-9,-11,0,-5,-3,handRelax
8,7,-1,5,12,3,-1,1,-5,-4,-4,-15,-8,-3,-10,-5,handRelax
5,5,2,3,0,1,1,0,1,-10,8,4,2,-1,6,3,handRelax
-11,-3,-15,-17,-7,-2,-10,-7,-5,-13,1,7,3,-2,1,0,handRelax
4,1,8,18,4,0,5,0,3,0,19,10,-1,-5,1,1,handRelax
5,8,15,15,13,2,2,0,9,4,7,15,10,-3,10,5,handRelax
-6,2,-15,-11,-6,1,-7,-3,-10,-3,-9,-11,-10,-4,-7,-1,handRelax
-2,-11,5,4,3,0,3,2,-5,-8,-2,-5,-2,-1,-5,-2,handRelax
-8,-2,-8,-4,18,6,-1,-5,8,7,5,10,3,2,5,3,handRelax
-4,0,-8,-12,-10,-7,-5,-3,-18,-7,-6,-12,-7,1,-12,-6,handRelax
4,2,0,5,-9,-1,3,0,-4,-2,1,0,-2,-2,-6,-4,handRelax
-1,0,2,4,0,1,-2,3,13,5,10,16,3,2,10,5,handRelax
-10,-14,-2,2,-7,-3,-2,-5,-12,-5,-20,-8,-15,-5,-9,-6,handRelax
6,-13,2,10,10,1,9,-2,7,-1,6,10,3,-2,5,2,handRelax
-18,-7,-17,-11,-5,2,-6,-4,9,9,5,15,2,1,5,7,handRelax
-3,1,-3,-2,-17,-6,-4,-3,-12,0,-12,-7,-8,1,-14,-5,handRelax
4,-3,-3,-2,23,2,8,-4,8,5,6,9,15,2,5,2,handRelax
-12,-5,-13,-11,-11,-3,-11,-5,-2,0,-8,-21,-8,0,-6,4,handRelax
6,0,8,0,1,-4,-2,4,-2,-4,-7,-8,-6,0,-10,0,handRelax
2,-4,0,8,2,0,8,0,5,2,5,12,12,-2,6,-1,handRelax
-9,-2,-2,-6,-2,-4,-10,-4,-1,0,-3,-4,-8,-2,-3,-1,handRelax
10,14,6,2,-1,1,5,1,-2,-1,5,0,1,2,-1,0,handRelax
-4,-13,-11,-2,0,1,2,3,-3,-19,-2,-8,-6,-4,2,-2,handRelax
-8,13,1,-1,-3,0,-13,-4,1,4,0,10,0,0,5,-3,handRelax
10,6,15,6,3,-3,8,1,5,2,7,8,-2,-2,-2,0,handRelax
-14,-34,-19,1,0,-1,0,-3,17,17,2,5,9,2,8,6,handRelax
0,7,-2,-7,8,-5,-9,-4,-15,-23,-9,-12,-10,1,-8,-6,handRelax
7,3,0,4,-7,3,2,2,-2,2,-12,-8,-9,-3,-5,-3,handRelax
-10,-3,-14,-13,-14,-3,-9,-5,6,5,-1,7,6,-1,5,5,handRelax
-1,-3,-7,-2,0,-6,-6,-2,-7,0,14,22,-11,-1,-11,-3,handRelax
6,1,2,5,5,-2,6,7,2,3,5,-2,-6,0,0,-1,handRelax
-3,-7,-15,-17,-12,-2,-2,-1,12,3,9,13,12,1,9,5,handRelax
7,11,9,-1,-7,-1,6,2,-11,-7,11,5,-1,0,-8,-4,handRelax
6,-6,7,8,11,1,7,1,7,4,4,-6,4,0,4,3,handRelax
-6,4,-10,-11,-7,-2,-10,-5,-4,-9,-3,4,4,-1,5,1,handRelax
-4,2,9,8,18,0,-1,2,-2,-8,-7,-7,-6,0,-7,-5,handRelax
6,5,0,1,-11,-1,5,3,10,18,11,16,6,-3,5,0,handRelax
-10,-4,-8,-9,-13,-3,-11,-1,-17,-34,-15,-10,-8,1,-3,-6,handRelax
2,2,2,5,-2,-4,-2,-1,-2,5,-5,-6,-3,-1,-7,-5,handRelax
8,3,11,10,6,1,8,3,5,0,8,11,-3,0,3,2,handRelax
-32,-53,-24,-25,-11,-5,-13,-13,-11,-8,-8,-4,-1,-2,-9,-5,handRelax
8,-8,-2,14,5,-1,6,1,-1,7,-1,-26,-25,-2,-3,1,handRelax
10,6,10,-8,-5,-4,3,3,2,-3,6,12,15,2,5,1,handRelax
-3,1,-7,4,-15,1,-8,-6,7,15,4,-3,0,-1,-1,-2,handRelax
7,7,10,10,5,0,6,3,4,9,1,6,31,2,4,0,handRelax
-5,-2,-6,-8,0,-1,-1,-3,3,-20,12,12,2,0,9,4,handRelax
-9,-1,0,-5,-6,-1,-9,-3,-9,0,-11,-20,-11,-5,-7,-8,handRelax
8,6,6,5,8,3,4,3,2,2,-1,0,-6,-4,-3,-1,handRelax
-5,-3,-12,-22,-13,-4,-7,-4,3,3,0,6,-2,-1,4,6,handRelax
10,11,-10,15,5,-1,12,-2,-26,-4,29,15,4,77,-11,-35,handcylindrical
-1,-3,-2,-23,13,-8,-19,-4,5,-5,-7,-46,-19,-87,-1,8,handcylindrical
0,20,54,105,17,13,7,2,-8,-7,7,78,37,122,8,-7,handcylindrical
15,26,14,13,3,-7,0,2,1,8,5,-56,-25,3,-5,1,handcylindrical
-34,-42,-38,-55,-31,-8,-21,-13,5,-4,12,38,20,9,8,0,handcylindrical
0,-9,-11,-16,0,-2,8,6,-2,4,-10,1,7,39,1,2,handcylindrical
8,4,-12,-5,8,35,10,14,-4,12,-1,-23,-11,-14,-11,-7,handcylindrical
7,-8,-36,-37,-7,-16,1,24,4,10,32,-3,-1,-22,-6,-3,handcylindrical
-11,10,15,3,3,18,11,-17,0,-8,-30,13,40,0,9,2,handcylindrical
-1,5,-7,-50,-17,-25,-5,-6,16,23,36,42,16,-15,5,10,handcylindrical
-27,-33,-50,-50,-24,-17,-18,-8,10,-11,7,29,18,65,1,-5,handcylindrical
15,8,49,68,21,13,9,6,-2,14,16,27,15,109,5,0,handcylindrical
-10,-17,-58,-59,-8,6,-7,-6,-3,-2,-28,-56,-18,-19,-7,2,handcylindrical
-5,-9,-13,-21,-9,32,-5,-8,23,35,19,15,1,3,10,10,handcylindrical
22,13,24,18,5,4,16,10,-23,-51,-86,-88,-5,3,-4,-5,handcylindrical
-7,-3,8,29,-23,-22,-16,-10,24,37,72,127,30,14,18,15,handcylindrical
3,-9,-43,-72,-14,9,8,4,15,6,-32,-28,-6,5,10,12,handcylindrical
6,17,52,71,0,-68,-2,-3,-14,-20,-47,-17,-6,-13,-24,-10,handcylindrical
-11,-10,-27,-40,-23,11,-7,0,15,12,21,-17,3,-8,17,7,handcylindrical
19,12,32,-18,4,117,25,8,4,-4,-26,8,-3,24,12,3,handcylindrical
11,20,39,119,32,10,13,7,-13,4,11,-32,-14,-36,-22,-6,handcylindrical
-20,-8,7,5,-1,5,-6,-6,5,-7,-21,29,-1,-14,10,7,handcylindrical
-6,-7,4,15,17,-6,-6,-1,-10,10,35,36,22,-22,4,-4,handcylindrical
-2,24,-8,-35,-28,-45,-28,-14,4,0,7,2,11,127,9,3,handcylindrical
-11,-24,-36,-44,24,-6,10,8,11,6,8,13,3,-7,-2,2,handcylindrical
11,2,5,-6,-1,0,14,-1,-9,-6,-30,-42,-33,-19,-8,-7,handcylindrical
16,40,67,59,59,13,6,-3,7,5,16,-10,-5,-11,0,3,handcylindrical
-3,8,23,66,0,-14,-6,-9,1,-17,-23,-66,-12,-5,8,2,handcylindrical
15,9,10,-13,14,52,12,4,20,20,35,74,39,42,11,16,handcylindrical
11,9,18,44,18,-1,6,8,8,-1,-8,-46,-6,70,36,12,handcylindrical
-22,-12,-19,-39,-20,-70,-22,-14,8,19,57,127,30,-43,-21,5,handcylindrical
-11,-15,-22,-21,-16,22,15,0,-33,-20,-33,-18,-61,-52,-56,-38,handcylindrical
-12,-12,-14,-23,-18,-32,-15,-19,-4,0,-17,-47,31,-5,18,5,handcylindrical
4,1,-22,-61,-22,-55,-6,-4,4,-11,-28,-93,-7,-20,6,-6,handcylindrical
-15,0,-2,-6,-20,-30,-17,-7,-16,-21,-36,14,39,53,8,-1,handcylindrical
-20,-13,21,82,23,-3,-12,-7,9,16,50,46,0,-5,-2,8,handcylindrical
0,-3,-15,-17,-5,17,2,-1,8,3,-16,-64,-13,16,6,0,handcylindrical
18,4,-10,-41,0,13,13,18,1,-4,1,-33,-16,-12,3,-4,handcylindrical
4,13,25,35,28,47,-1,1,-3,-23,-42,-61,-7,20,7,-4,handcylindrical
11,1,-25,-83,-8,-8,7,8,14,-11,-31,-35,-13,-40,-1,-4,handcylindrical
2,4,21,74,15,22,30,16,-25,12,37,79,9,12,4,-12,handcylindrical
-28,-36,-19,-54,-43,-51,-53,-26,9,5,9,-3,0,-6,4,-2,handcylindrical
-1,-6,-33,-21,7,1,0,1,5,10,3,-12,-13,61,2,1,handcylindrical
5,-1,-25,5,9,7,-6,6,-6,3,30,34,29,11,-4,-1,handcylindrical
0,3,20,-2,-7,17,11,5,6,-6,-3,-19,-6,-8,8,2,handcylindrical
7,22,17,66,23,34,9,7,-6,-1,25,39,33,-17,4,7,handcylindrical
5,-6,-20,-28,-22,-29,-5,-5,-11,-12,-45,-47,-13,-21,-14,-20,handcylindrical
-11,-11,-7,1,-29,-15,-13,1,14,15,48,38,-3,-30,-3,6,handcylindrical
10,23,67,47,18,0,4,3,-12,-19,-48,-37,-5,0,-5,-3,handcylindrical
7,10,19,0,18,2,6,7,12,-5,-29,-75,-56,-22,20,11,handcylindrical
-28,-29,-19,-40,-34,-17,-33,-25,-8,-20,38,110,67,37,8,-1,handcylindrical
11,19,30,53,25,-28,11,5,-2,-4,-27,-65,-28,-37,-10,-3,handcylindrical
-6,-14,-58,-40,-15,-4,6,-2,-8,-14,-2,22,-39,-29,-3,-6,handcylindrical
-1,1,7,-7,-12,-24,-14,0,-10,-2,3,14,-4,-33,-8,-4,handcylindrical
2,-16,-29,-9,11,38,13,9,-29,-3,-26,5,-29,-15,-31,-19,handcylindrical
-1,44,127,127,80,127,-2,-7,3,-2,18,19,19,12,16,11,handcylindrical
-15,-46,-5,-34,-6,-43,-9,-11,14,43,66,41,-37,-20,0,8,handspherical
-24,-33,-128,-88,-40,-112,-42,-12,35,72,121,35,32,-3,3,20,handspherical
12,17,30,-56,-61,-28,-9,1,9,24,-44,-8,18,-2,-15,-3,handspherical
18,6,-29,-2,8,23,24,10,-41,-124,-5,-100,-17,0,0,-8,handspherical
-64,-128,-42,-48,-16,-30,-19,-23,46,68,127,127,67,83,43,17,handspherical
54,80,2,1,105,11,43,32,31,49,117,74,86,-71,33,43,handspherical
17,19,-113,-62,-18,-47,12,13,-8,-19,-105,-128,-50,100,-22,-23,handspherical
-10,16,63,-22,-6,-128,-93,-14,47,81,127,127,24,18,0,18,handspherical
-14,6,81,127,-32,40,27,7,-84,-70,-128,-66,-87,-43,-77,-50,handspherical
-7,-60,-40,-93,31,-4,14,-4,5,-21,-56,23,9,-5,-27,-1,handspherical
2,27,106,31,-49,-21,-14,3,65,-2,-20,-72,4,-47,70,61,handspherical
11,8,-13,-26,65,127,-8,10,-50,20,122,59,62,108,26,-45,handspherical
66,73,59,27,-28,-63,26,34,20,3,3,119,1,1,28,13,handspherical
-4,-9,-46,-19,-27,-33,-6,4,-66,-77,-70,-56,-50,-38,-39,-40,handspherical
6,-6,47,104,0,-17,5,8,53,127,127,127,77,19,20,22,handspherical
-1,-21,-28,-33,-34,-7,11,-1,28,17,-61,-10,-15,2,61,20,handspherical
-1,-5,2,27,-6,3,8,2,10,59,127,113,-6,14,-17,7,handspherical
22,7,10,-128,55,34,20,15,21,30,108,83,35,59,18,11,handspherical
23,26,68,93,10,14,43,7,47,46,28,19,-5,-1,26,13,handspherical
-1,22,-128,-53,-30,-12,-38,-12,-109,-128,-14,-25,-30,-26,-42,-35,handspherical
-42,-31,127,118,26,-10,-2,-10,2,33,-28,50,16,-30,-7,1,handspherical
-16,-62,-124,-31,36,109,-5,-4,32,57,-6,-54,-9,8,18,10,handspherical
19,1,47,-1,20,127,66,21,-2,-4,-58,-51,25,65,-17,-2,handspherical
35,36,127,127,28,127,127,18,-5,-10,-2,-8,-38,-18,-4,-3,handspherical
-3,-27,-59,-78,-6,-12,6,-3,11,-11,-28,-90,5,-17,-1,-5,handspherical
-7,-35,-48,-45,10,24,-5,-8,-6,-8,23,1,18,-8,-3,3,handspherical
7,12,12,54,20,-2,3,2,8,-5,-19,-15,3,-10,13,5,handspherical
-25,-41,-83,-46,-30,-8,-19,-14,7,15,56,43,22,46,0,2,handspherical
26,24,-14,-38,34,20,13,5,0,3,-22,-45,-31,3,-2,4,handspherical
3,15,23,67,10,4,8,6,-32,-86,-57,-75,25,-51,-7,-10,handspherical
-15,-19,-10,-62,-26,-6,-5,-6,-30,-23,88,52,12,-3,-16,-20,handspherical
-7,0,5,36,3,-19,-20,-7,7,27,2,-68,-37,-15,13,4,handspherical
15,-3,-35,5,64,127,38,2,1,13,-20,-17,-10,2,-20,-8,handspherical
10,33,121,127,49,16,-5,5,7,12,35,6,-3,-11,-18,-2,handspherical
12,33,60,-25,-3,-18,-19,2,5,6,29,20,12,81,-11,1,handspherical
24,44,127,118,3,23,15,12,9,-1,10,15,25,14,27,9,handspherical
-37,-77,-74,-115,-75,0,-11,-12,-7,-12,-90,-76,-26,-17,-10,-6,handspherical
-35,-57,-98,-42,-12,-12,7,-10,-3,-7,-14,13,9,-7,-4,-4,handspherical
11,12,18,-31,44,13,11,5,9,10,15,-20,3,9,-3,1,handspherical
0,13,10,93,16,21,11,3,-10,3,7,26,-5,-3,-20,-7,handspherical
12,-3,-2,-21,0,22,14,3,-1,-12,-3,-3,-30,-38,-41,-4,handspherical
7,16,-3,-2,-4,-18,-6,5,-8,-17,-6,-47,11,-6,-33,-10,handspherical
-9,-18,40,-19,-24,-4,7,0,-21,-13,-49,-17,-44,-61,-20,-9,handspherical
-12,-41,36,14,5,-11,12,-2,-1,-18,-8,-8,28,-10,18,-1,handspherical
-12,-25,-72,-46,-14,13,-1,-5,-16,-15,-43,-1,4,50,-22,-19,handspherical
9,0,0,-23,0,28,5,0,-2,17,4,-125,-48,-15,-5,-6,handspherical
15,10,4,36,12,74,19,6,17,29,79,127,63,20,1,15,handspherical
-2,-3,-22,-56,-10,-14,-7,6,1,-5,-16,-3,-8,19,19,-3,handspherical
-18,0,81,91,-16,-22,-28,-14,-12,-1,8,-29,2,-47,-26,-9,handspherical
21,50,100,112,10,7,14,11,-22,-69,-33,-44,-3,-1,13,-6,handspherical
-28,-53,-52,-72,-7,0,-8,-10,1,9,-7,22,8,8,6,2,handspherical
7,1,13,18,-20,6,23,2,0,2,-23,-5,-15,-11,-9,-7,handspherical
8,14,74,78,46,-14,1,5,3,4,-50,-75,-10,-5,-13,5,handspherical
9,17,7,47,15,-2,15,8,-19,-8,-26,-56,-28,-11,-9,-6,handspherical
4,-79,-50,-37,-5,127,-85,-115,55,21,100,30,16,101,28,50,handClose
55,-29,1,-54,41,127,110,75,2,22,46,-74,-128,6,58,67,handClose
11,34,57,92,54,17,3,-37,2,-38,-17,33,113,1,-20,40,handClose
3,-6,-21,-48,-112,67,68,8,73,57,66,127,57,-67,96,18,handClose
-54,-82,-44,-19,-128,-57,-128,-96,-72,19,-24,-32,-80,-77,-113,-79,handClose
57,52,53,84,127,-29,54,48,21,24,20,8,-85,42,44,39,handClose
-63,12,-36,-126,-24,0,-74,-72,-14,60,15,33,-83,-10,11,-9,handClose
12,7,-8,-35,-95,-5,14,66,-47,-48,-110,-128,-20,-73,-47,-58,handClose
55,45,53,50,10,63,12,80,52,16,99,127,-17,35,34,73,handClose
-11,-46,-40,-72,33,127,56,76,-77,-128,-114,-119,-106,-38,-42,-128,handClose
25,53,0,10,79,-48,55,5,-16,-10,-25,-73,-128,-84,-37,11,handClose
25,-19,21,65,19,-5,30,-62,22,39,38,46,30,27,46,25,handClose
-32,1,-13,-37,86,-15,-60,-13,-23,-6,-3,9,109,-58,-45,-87,handClose
24,16,-13,0,127,48,73,73,-1,-19,13,127,32,52,30,34,handClose
29,-7,17,-84,-2,-14,-9,6,38,33,76,85,-128,39,31,19,handClose
-46,-53,-64,-79,-85,-19,-63,-28,-124,-128,-128,-128,-128,-92,-128,-128,handClose
1,74,11,22,-87,1,-31,-25,14,41,69,-42,-30,27,31,51,handClose
-20,-8,-29,-15,-31,50,2,-8,40,37,15,42,95,-51,46,-10,handClose
-39,-14,-6,-7,-50,-128,-52,-31,-21,20,19,-86,-26,57,-6,23,handClose
-33,-39,-44,-4,-128,-99,-57,-38,-128,-128,-115,12,-3,-128,-128,-128,handClose
61,80,40,94,127,126,77,50,59,41,47,80,-57,47,55,42,handClose
-24,2,-6,-32,-128,-6,24,39,-51,15,-3,-22,-78,-122,-74,-61,handClose
61,32,55,76,-23,-8,94,96,-25,-51,-16,38,56,-25,-34,-32,handClose
-15,7,-15,-33,127,127,-126,-93,91,58,35,55,83,34,127,119,handClose
-20,34,51,-33,-106,-27,-39,-17,-87,-92,-88,-49,1,-13,-128,-124,handClose
31,-56,6,82,127,123,13,-40,-53,-91,-94,23,-19,3,31,40,handClose
2,26,-4,-118,-128,28,51,77,47,31,24,-43,29,-35,36,26,handClose
-46,-56,-38,-29,-26,-128,-67,-124,-24,-1,6,-51,-34,-14,-5,-11,handClose
61,38,38,70,127,43,51,55,7,74,81,108,60,50,35,21,handClose
-47,-72,-31,-87,26,-12,-1,-120,-41,6,-50,-60,-128,64,13,-18,handClose
28,35,52,35,2,41,47,57,46,50,4,-48,127,14,17,6,handClose
-26,59,36,31,-46,-103,-128,-111,13,-24,31,-2,-50,21,75,29,handClose
-66,8,-118,-124,-104,-4,-67,-11,-44,-82,-48,29,-128,31,-103,-2,handClose
-12,-56,-17,17,55,68,80,52,9,4,32,28,-5,-18,5,2,handClose
32,34,21,19,15,-18,-21,37,42,66,67,77,-87,-47,102,84,handClose
-25,3,-10,-86,-68,23,6,-15,-29,-42,-67,-128,0,-87,-59,-51,handClose
-46,-64,-7,81,-12,96,-58,-19,-16,12,15,10,-68,12,2,12,handClose
-77,-59,-95,-76,-71,-128,-78,22,-18,-82,-54,-23,-64,-26,-102,-64,handClose
36,59,-2,-30,127,86,-72,-8,-27,44,14,-69,-128,127,127,69,handClose
13,26,28,33,-7,2,43,34,34,-1,8,-8,-12,-71,37,29,handClose
-14,-2,-50,-36,-67,-31,-33,17,75,48,86,96,49,25,44,33,handClose
31,28,41,0,127,6,23,19,7,-17,35,40,50,57,30,20,handClose
14,4,28,77,-31,0,-20,-36,15,17,40,116,57,27,6,10,handClose
-40,-54,-40,-110,-128,13,-19,-13,43,44,31,-36,28,19,26,23,handClose
16,-5,10,63,32,87,61,62,-94,-117,-85,-128,-115,-51,-118,-74,handClose
8,16,7,-26,-128,-22,-8,-1,-25,-53,-50,-74,-117,-128,-81,-75,handClose
-83,67,-32,-123,-54,-111,-128,-128,-9,14,-4,-10,18,-14,-38,-67,handClose
-67,-128,-128,-55,-92,-117,-39,-20,-47,-1,10,4,-30,53,-50,-2,handClose
61,71,60,87,-128,-90,69,49,40,11,17,59,127,63,53,-21,handClose
10,-29,49,-14,-42,47,69,80,31,53,-5,-128,127,34,69,-23,handClose
-1,48,44,20,61,-97,-78,-85,-3,17,22,38,-51,-20,-17,9,handClose
56,39,45,64,112,54,114,68,12,67,68,38,-116,-72,-25,16,handClose
-84,-28,-40,-88,51,30,-128,-93,-54,-105,-128,-68,-20,7,30,-89,handClose
15,29,41,72,-38,-7,-71,-83,16,14,64,2,-128,-83,14,45,handClose
-14,-9,-63,-3,11,-2,6,-6,4,-16,-65,-128,-22,-48,0,2,handOpen
19,14,-3,-28,-6,-16,6,6,35,67,92,64,18,18,5,10,handOpen
43,32,44,57,52,10,52,19,-99,-128,-128,-128,-86,-14,-57,-36,handOpen
-42,-39,-102,-128,-72,-22,-60,-13,-5,-63,-58,36,16,-11,19,-2,handOpen
13,58,92,21,1,13,26,4,-10,-7,-18,-83,-48,-8,-5,-4,handOpen
17,16,28,81,29,-8,-15,8,-12,-3,-8,-35,-8,39,11,-4,handOpen
-53,-43,-74,-124,-42,-1,-28,-19,10,7,-45,-108,-27,-3,-41,-3,handOpen
6,11,-4,-41,-15,1,35,-4,-42,-28,-76,-84,-12,8,7,-11,handOpen
37,4,33,-6,10,-21,-44,12,-1,6,26,107,49,-1,-9,-5,handOpen
-30,-35,-23,-61,-23,-11,-26,-16,31,23,71,81,27,16,30,13,handOpen
15,18,9,100,-5,-8,18,8,-6,-4,-45,-64,-55,-6,-10,-4,handOpen
19,-10,-23,-3,-23,10,22,3,4,1,22,86,37,-9,2,0,handOpen
-56,-7,6,6,-73,-14,-49,-23,55,27,47,127,38,66,61,26,handOpen
27,12,4,1,-26,-15,38,20,-53,-27,-58,-128,-81,-61,-88,-29,handOpen
-17,-21,-32,-52,-27,17,-7,-15,-5,-14,-14,-15,14,-1,-5,-6,handOpen
-4,2,3,-12,-15,32,0,-3,15,1,27,39,28,14,22,9,handOpen
7,5,-10,-80,-54,-23,-26,-1,-42,-19,-52,-105,-45,-10,-47,-14,handOpen
-52,-34,-54,-128,-92,-13,-82,-25,4,-19,-11,-24,-5,-11,5,1,handOpen
9,26,25,41,24,3,16,7,48,31,53,107,65,17,44,21,handOpen
4,-71,0,66,1,-12,21,3,-6,5,19,2,40,27,20,4,handOpen
-7,15,-22,-14,-3,26,1,0,18,11,22,9,-4,-9,16,9,handOpen
13,10,51,102,-10,-1,15,9,31,28,32,26,73,7,7,11,handOpen
42,26,29,81,27,2,34,19,-51,-67,-45,21,-21,4,-36,-19,handOpen
-49,-34,-33,2,-33,-18,-12,-19,35,22,42,41,22,-3,40,16,handOpen
-3,3,8,-11,14,24,-61,-8,-23,-13,-44,-26,12,1,-9,-6,handOpen
10,7,16,85,40,15,27,12,-9,-6,9,-10,-29,12,6,-5,handOpen
-35,-29,-11,-32,-2,-3,-36,-13,17,21,28,76,21,-42,-19,2,handOpen
17,40,9,-16,3,-10,15,5,-49,-17,-43,-64,-31,-4,-43,-19,handOpen
32,-4,22,127,38,3,20,6,10,-2,3,-1,1,0,2,5,handOpen
-15,-10,-33,-7,-28,-50,-34,-7,34,16,57,127,66,15,28,12,handOpen
17,14,-10,-8,56,24,30,13,-17,1,31,127,127,51,3,-6,handOpen
20,19,39,55,25,0,21,7,25,49,66,67,37,-1,2,5,handOpen
-31,-31,-73,-85,-37,7,-12,-16,15,-33,9,16,1,-2,32,7,handOpen
40,28,57,65,53,9,10,17,-43,-12,-52,-91,-38,-11,-43,-19,handOpen
-32,-12,-35,-128,-51,11,-16,-9,5,10,-18,-73,-32,-17,9,6,handOpen
-9,-7,-21,-54,-34,-27,-15,-6,-3,-15,-62,-18,10,-8,-31,-2,handOpen
24,15,31,-1,26,29,27,13,-36,-14,7,-87,-20,-30,-54,-22,handOpen
-51,-14,-10,-92,-35,33,-47,-22,12,12,-4,43,27,13,30,15,handOpen
6,11,53,74,9,4,-5,7,40,24,37,58,13,-8,48,19,handOpen
43,42,22,31,44,5,49,21,1,17,6,-93,-12,-5,-6,1,handOpen
-37,-76,-31,-6,-22,7,-16,-13,30,20,39,127,7,-1,1,12,handOpen
8,12,40,10,-7,-6,3,0,6,12,10,-27,4,18,-16,4,handOpen
44,20,59,122,98,36,52,21,-31,-27,-41,-34,-52,-19,-17,-14,handOpen
-53,-38,-85,24,-45,22,-18,-16,44,15,11,-30,-17,-2,45,21,handOpen
4,35,127,127,32,-72,-44,-1,-32,-20,-36,-45,-11,-1,-25,-16,handOpen
5,8,28,31,-5,6,87,7,-12,-12,-43,-19,-39,-12,-20,-4,handOpen
-42,-32,-68,-126,-63,-41,-125,-20,23,5,-36,-47,-4,7,24,8,handOpen
21,43,39,78,54,25,43,12,-61,-26,-67,-128,-90,-27,-56,-31,handOpen
29,3,25,-33,-11,-4,34,13,8,4,16,-31,-15,-3,-3,5,handOpen
-2,9,9,-13,-8,-20,-17,-8,48,24,50,127,62,44,50,25,handOpen
25,36,84,79,28,12,33,11,-41,-4,-60,-54,-29,-13,-33,-20,handOpen
-7,15,26,-9,23,-49,39,4,19,9,26,89,87,18,53,10,handOpen
-25,-24,-41,-128,-72,-20,-86,-23,27,3,-7,-1,17,2,36,11,handOpen
53,14,27,36,47,23,51,24,-52,-38,-70,-109,-45,-2,-36,-20,handOpen
11,6,17,26,8,-4,8,1,9,6,-3,1,10,7,11,5,handRelax
33,13,24,43,36,3,30,17,3,0,4,13,1,-3,0,0,handRelax
-51,-27,-47,-79,-46,-2,-46,-22,39,21,41,57,36,2,35,16,handRelax
15,9,14,10,12,-2,14,8,-27,-13,-37,-52,-23,0,-18,-13,handRelax
4,0,-3,1,7,6,8,3,-4,-5,-4,1,-10,-8,-14,-4,handRelax
-35,-22,-17,-37,-28,-8,-29,-17,37,17,23,38,29,7,33,12,handRelax
13,4,17,21,8,-2,6,3,-53,-21,-50,-75,-43,-6,-46,-21,handRelax
-29,-18,-35,-57,-24,-2,-23,-15,4,3,6,13,-2,-6,3,2,handRelax
-6,-5,1,-1,-13,-4,-9,-2,37,17,41,58,34,4,41,17,handRelax
21,7,19,31,30,0,15,8,-29,-11,-11,-26,-27,-5,-27,-13,handRelax
5,-1,-1,-14,4,3,11,2,10,11,15,26,8,2,9,3,handRelax
7,2,13,10,1,-1,0,2,25,12,21,33,30,7,30,14,handRelax
48,21,44,62,38,3,36,18,-56,-28,-56,-77,-47,-3,-43,-26,handRelax
-33,-21,-39,-54,-26,0,-26,-15,15,8,13,25,20,-2,15,7,handRelax
0,-2,0,-7,-17,-7,-8,-1,1,-2,-7,-7,7,3,6,-1,handRelax
28,11,11,35,28,6,24,7,-29,-14,-14,-30,-29,-11,-31,-11,handRelax
-53,-28,-50,-77,-48,-6,-44,-21,14,9,17,24,11,-3,9,3,handRelax
4,1,5,17,2,-3,1,-1,-33,-17,-40,-56,-24,0,-24,-12,handRelax
44,22,42,64,32,1,38,19,-3,-2,4,6,-10,-4,-11,-5,handRelax
-27,-12,-13,-27,-31,-5,-27,-12,20,15,16,21,14,-5,18,8,handRelax
15,10,11,25,9,-2,12,7,0,6,-4,8,12,5,9,3,handRelax
29,15,13,25,23,3,25,12,4,3,9,14,3,-6,6,2,handRelax
-61,-28,-53,-76,-44,-2,-39,-19,45,25,48,75,43,3,39,19,handRelax
20,9,20,32,18,0,14,12,-36,-21,-43,-68,-31,4,-26,-17,handRelax
1,-3,-15,-10,5,5,3,-1,-11,-1,1,0,-10,-3,-10,-4,handRelax
-25,-10,-5,-17,-22,-6,-25,-12,25,16,11,28,25,3,25,12,handRelax
15,6,17,16,8,-2,5,3,-55,-28,-50,-76,-47,-4,-45,-24,handRelax
-41,-21,-44,-57,-29,-2,-27,-15,2,4,11,16,10,0,2,1,handRelax
-7,0,1,-1,-7,-7,-12,-5,39,19,38,55,27,-1,33,12,handRelax
22,8,20,32,17,0,18,8,-20,-12,-8,-20,-18,-6,-26,-10,handRelax
4,0,-5,-10,4,6,4,-3,13,6,15,27,16,-5,14,0,handRelax
2,7,11,15,4,-4,5,1,24,11,10,29,22,7,19,8,handRelax
42,18,37,67,33,1,39,20,-54,-25,-45,-75,-50,-6,-47,-23,handRelax
-41,-19,-37,-59,-24,4,-30,-18,21,11,21,33,21,0,19,10,handRelax
-5,-3,-3,-4,-12,-6,-11,-5,-4,-2,-10,-14,0,7,0,1,handRelax
24,4,12,23,22,7,25,10,-17,-7,-6,-18,-19,-7,-17,-7,handRelax
-52,-26,-46,-68,-44,-2,-42,-22,14,11,16,25,10,-6,8,10,handRelax
6,3,12,13,2,-2,4,2,-40,-22,-44,-60,-32,-1,-30,-10,handRelax
45,21,37,65,39,5,40,13,-4,-4,3,0,-4,-7,-7,-7,handRelax
-17,-6,-8,-24,-24,-7,-20,-11,24,13,22,39,23,1,24,12,handRelax
17,4,13,26,12,-3,10,2,-10,-5,-11,-10,1,1,-3,-4,handRelax
23,9,9,23,22,9,23,12,7,7,14,13,5,-1,4,4,handRelax
-48,-26,-42,-69,-49,-3,-43,-17,40,25,39,63,38,2,35,18,handRelax
26,16,26,41,26,-1,23,10,-44,-24,-44,-64,-35,2,-36,-18,handRelax
-10,-11,-20,-21,-8,4,-5,-3,-4,1,4,5,-5,-5,-6,-6,handRelax
-15,-6,-6,-17,-19,-7,-15,-8,18,4,5,18,15,3,9,4,handRelax
17,13,14,28,12,1,18,5,-49,-27,-44,-64,-42,-6,-40,-20,handRelax
-43,-25,-45,-63,-32,-1,-32,-16,14,4,9,22,5,-3,6,3,handRelax
0,2,4,-6,-9,-9,-10,-2,41,22,39,63,39,7,40,17,handRelax
29,12,27,41,25,1,20,7,-14,-7,-5,-11,-16,-9,-16,-7,handRelax
-14,-8,-19,-30,-7,6,-8,-7,16,11,18,30,11,-3,14,6,handRelax
7,4,12,15,5,-6,8,1,18,9,2,20,31,7,17,6,handRelax
42,25,36,56,35,4,37,15,-47,-26,-37,-67,-54,-5,-45,-16,handRelax
-46,-21,-47,-68,-40,-3,-34,-18,29,14,30,46,23,1,23,12,handRelax
-4,-4,5,4,-5,-4,-4,-4,-16,-11,-24,-28,-11,3,-10,-7,handRelax
17,5,4,8,13,5,16,4,-17,-4,-3,-15,-22,-8,-16,-5,handRelax
34,17,21,19,18,7,31,14,-40,-24,-36,-27,-34,-9,-37,-18,handcylindrical
-47,-27,-55,-102,-43,4,-40,-20,34,18,33,63,24,2,34,14,handcylindrical
-4,-17,-15,-14,-42,-39,-12,-7,-26,-16,-21,-36,-43,1,-21,-11,handcylindrical
5,1,-11,-16,1,1,12,5,-22,-6,-10,-55,-41,-11,-18,-12,handcylindrical
-45,-46,-43,-93,-52,-15,-36,-19,9,-4,0,54,24,2,7,0,handcylindrical
21,15,1,-17,19,-7,14,6,-59,-27,-50,-128,-86,-18,-51,-32,handcylindrical
42,48,112,127,124,37,35,20,2,-22,-6,21,63,-3,4,2,handcylindrical
-5,15,55,127,-4,-8,-12,-2,33,26,30,51,9,3,28,14,handcylindrical
25,19,29,43,33,27,26,13,-29,-40,-45,14,5,3,-14,-12,handcylindrical
1,8,-5,-22,-19,-22,5,2,8,-10,4,18,24,0,19,9,handcylindrical
-40,-26,-28,-17,-18,-18,-53,-29,33,13,17,8,17,6,29,10,handcylindrical
46,29,43,-1,-33,-16,28,16,-58,-24,-50,-39,-22,7,-44,-24,handcylindrical
-31,-22,-53,-79,-17,10,-20,-11,6,5,20,50,19,1,3,3,handcylindrical
-6,1,-7,-36,-16,-12,-10,-3,5,0,-14,7,5,4,8,4,handcylindrical
19,11,10,1,16,-4,19,8,-27,-12,13,5,-26,-1,-30,-10,handcylindrical
-52,-16,-58,-93,-35,1,-43,-19,15,10,12,23,22,0,15,9,handcylindrical
-9,-33,-12,11,30,11,5,-5,28,20,27,38,21,-6,20,6,handcylindrical
41,30,72,127,27,-20,26,12,-13,-1,20,106,3,-5,-12,-10,handcylindrical
-19,0,-39,-82,14,14,-8,-4,16,11,3,26,23,-5,14,3,handcylindrical
14,16,27,81,23,4,15,6,11,7,-22,-36,-4,-2,11,3,handcylindrical
25,13,17,-38,-5,-2,12,8,-19,3,9,-1,1,52,-27,-7,handcylindrical
-49,-24,-42,-77,-41,2,-35,-18,53,33,69,127,70,12,45,25,handcylindrical
4,-5,-5,-20,-11,-8,-1,-3,-35,-27,-50,-128,-42,7,-32,-12,handcylindrical
4,8,-5,13,-7,12,19,7,-7,-5,3,8,16,-10,-10,-8,handcylindrical
-39,-40,-30,-95,-56,-18,-35,-16,17,3,5,17,-14,-17,4,2,handcylindrical
21,13,19,75,37,17,17,8,-49,-28,-51,-128,-53,-3,-37,-22,handcylindrical
26,14,16,24,14,-19,9,9,1,6,22,14,-19,0,2,3,handcylindrical
-9,-3,-16,-84,-50,-12,-13,-3,37,-14,-7,53,56,-6,40,14,handcylindrical
41,49,57,41,9,4,20,17,-37,-3,-24,-90,-27,0,-35,-16,handcylindrical
-17,-28,-59,-45,44,13,7,-6,20,15,37,45,3,-15,17,14,handcylindrical
-17,1,-4,-60,-52,-25,-25,-14,17,7,5,24,16,14,25,5,handcylindrical
53,22,28,-7,61,7,51,26,-39,-20,-57,-94,2,5,-36,-20,handcylindrical
-38,-30,-41,-61,-22,15,-20,-16,16,30,92,127,54,-8,0,4,handcylindrical
-12,-9,-26,-63,-39,-12,-24,-11,5,20,0,-45,-14,-11,0,3,handcylindrical
28,8,32,49,12,12,32,7,-30,-32,-23,56,-5,-8,-22,-9,handcylindrical
-58,-19,-18,-13,-42,0,-47,-21,2,-12,8,-7,-28,-10,4,0,handcylindrical
24,30,37,75,30,20,8,19,34,18,-11,26,53,6,30,15,handcylindrical
52,36,64,102,33,13,34,9,-5,-4,5,-25,-27,-8,-9,-3,handcylindrical
-38,-22,-85,-79,-4,-20,-22,-13,34,34,50,90,42,40,26,14,handcylindrical
4,10,-3,17,-4,-9,-3,-8,5,1,1,-28,26,16,10,7,handcylindrical
18,-14,-17,14,8,-1,29,9,-15,-4,12,-6,-15,-6,-19,-4,handcylindrical
-42,-17,-38,-76,-26,9,-36,-18,38,22,23,-5,25,0,34,17,handcylindrical
-3,2,36,67,22,60,-23,-7,-37,-17,-44,-62,-23,5,-23,-16,handcylindrical
-5,7,7,15,15,27,6,-3,-1,1,14,18,1,-4,-4,2,handcylindrical
-30,-9,-18,-50,-64,-50,-52,-21,26,-1,9,-13,8,-9,22,3,handcylindrical
9,-39,-21,23,19,3,30,11,-54,-22,-35,-32,-54,-10,-48,-24,handcylindrical
15,8,8,-28,4,-1,20,7,24,25,31,73,72,39,26,13,handcylindrical
-10,-13,-5,-13,5,-6,2,-5,51,30,46,31,27,3,44,20,handcylindrical
35,21,23,94,26,-3,26,16,-55,-40,-71,-71,-54,-20,-50,-26,handcylindrical
-11,7,17,-10,7,39,2,0,-6,-54,0,52,38,5,15,2,handcylindrical
-20,3,-10,-57,-53,-28,-36,-17,17,4,-5,-23,1,-1,19,4,handcylindrical
42,25,35,78,27,-27,12,5,-37,-11,-12,-1,-19,11,-28,-10,handcylindrical
-35,-27,-42,-111,-26,-6,-24,-10,6,17,32,57,1,5,11,9,handcylindrical
-10,-12,-15,18,-6,2,-8,-4,-16,-3,-14,-34,-19,26,-13,-12,handcylindrical
20,-7,-12,34,20,-15,53,14,-21,-17,-29,-43,-57,-14,-23,-10,handcylindrical
-47,-23,-25,-67,-28,2,-39,-17,13,3,-11,-77,-24,-11,12,4,handcylindrical
-48,-34,-50,-89,-37,8,20,-14,42,3,-50,-24,20,16,48,21,handspherical
25,-1,-15,-29,21,3,25,12,-42,-54,-32,-63,-19,0,-35,-17,handspherical
41,57,64,53,39,30,24,17,4,18,41,51,33,0,-4,1,handspherical
-60,-90,-101,-30,-32,-16,-38,-25,57,66,121,127,-1,79,127,34,handspherical
-3,-58,-6,-23,21,-27,-6,-6,-37,13,113,127,127,-2,-128,-16,handspherical
-23,-24,-29,-55,-12,27,-21,-8,17,23,34,69,37,20,27,21,handspherical
-24,-4,-41,-59,-47,-40,-77,-20,37,3,-9,-29,23,-6,55,12,handspherical
12,-14,-59,-128,-39,-33,-3,2,-24,-18,-79,-53,18,52,6,-1,handspherical
18,36,127,127,86,5,15,6,12,28,38,9,19,-36,-14,-3,handspherical
9,4,26,82,20,-12,3,4,34,-7,-32,30,43,4,35,16,handspherical
46,27,72,127,45,34,91,21,-40,-3,-16,39,-2,29,-25,-8,handspherical
4,41,0,-52,-36,-4,-103,-13,24,-15,1,-20,0,-6,29,9,handspherical
-55,-46,-59,38,5,-15,-11,-22,15,50,64,35,12,4,20,9,handspherical
37,21,48,120,62,17,0,13,-31,-14,-33,-66,-32,-15,-39,-19,handspherical
-59,-5,-92,-115,-42,9,-54,-28,28,37,47,60,38,17,34,16,handspherical
-3,-41,-29,-48,-17,-4,-6,-1,-15,53,127,123,40,-8,9,-1,handspherical
71,33,-28,-35,35,7,127,49,-10,15,46,127,37,8,-105,-12,handspherical
-27,-11,-6,-22,-17,-6,-23,-17,15,2,-41,-15,-11,-18,-14,4,handspherical
5,3,27,16,0,-4,11,1,16,8,15,-50,-17,6,22,9,handspherical
36,17,12,21,41,11,29,13,-5,-53,49,124,34,4,1,1,handspherical
-56,-19,-103,-128,-61,-3,-38,-21,59,47,57,102,20,1,36,18,handspherical
9,-3,-29,28,21,-7,4,10,-25,-12,-47,-100,13,-3,-28,-13,handspherical
0,9,-30,-74,-41,-1,9,1,-2,4,31,49,-16,-25,-17,0,handspherical
-35,-56,-9,-9,-6,-5,-23,-18,19,20,47,43,34,-3,0,6,handspherical
12,12,12,10,-12,4,4,2,-19,17,-74,-128,-98,-26,-37,-11,handspherical
-29,0,-21,43,8,32,-15,-8,-30,-97,-48,18,50,10,2,-7,handspherical
-21,-35,-9,-68,-27,-23,-11,-6,43,16,-26,-7,40,19,28,23,handspherical
13,25,94,127,-1,15,-65,7,-11,14,117,127,17,9,-9,-6,handspherical
8,7,-5,-18,2,2,30,7,16,0,8,-14,38,-4,10,1,handspherical
14,22,-6,-8,-2,-1,8,6,38,22,45,64,41,67,42,18,handspherical
44,-4,23,59,28,-6,34,17,-55,-11,15,-58,-41,-16,-46,-28,handspherical
-46,-31,-57,-83,-35,-3,-38,-23,25,28,-8,-47,-37,-4,20,9,handspherical
-12,-6,-23,-29,-22,-6,-8,-5,-23,-29,-64,-85,-13,-15,-5,-15,handspherical
15,14,2,20,16,23,-13,-2,-18,-4,-12,-17,-33,-6,-32,-10,handspherical
-43,-21,-41,-108,-45,-16,-59,-20,12,9,1,-69,-26,7,49,8,handspherical
10,5,19,26,10,-7,12,9,-28,-18,-17,-5,17,3,-24,-20,handspherical
49,37,74,127,62,12,38,23,-14,-12,7,102,-30,-25,-28,-6,handspherical
-27,-40,-52,-40,-19,-11,-26,-15,16,12,33,52,26,-1,21,5,handspherical
15,7,-4,32,18,5,16,8,6,8,0,-55,-3,1,6,5,handspherical
9,-4,5,26,25,2,20,3,-5,-17,16,80,10,-7,10,0,handspherical
-47,-7,-4,-41,-31,1,-44,-22,48,28,24,47,38,-3,42,16,handspherical
28,16,72,127,53,9,37,11,-36,0,17,13,-11,6,-31,-16,handspherical
-11,-7,-13,-36,-15,-8,-13,-6,-7,-4,-20,-40,-11,-6,-3,-3,handspherical
-16,-10,-23,-60,-24,-10,-19,-7,19,26,44,30,33,25,-11,9,handspherical
19,14,18,35,0,-8,65,8,-46,-31,-64,-128,-56,-11,-39,-22,handspherical
-38,-3,-31,-56,-13,19,-36,-21,18,40,43,127,56,9,14,10,handspherical
-7,5,-10,-49,-51,-47,-29,-12,13,-57,-19,18,-33,-4,38,10,handspherical
45,38,20,58,57,14,46,29,-17,-1,16,37,-22,-2,-1,-4,handspherical
-17,-22,-11,17,-29,4,-20,-17,17,19,61,127,39,-4,-42,3,handspherical
2,15,45,16,10,1,7,1,28,29,34,34,21,6,31,6,handspherical
57,58,51,102,44,4,33,24,-50,-52,-76,-63,-54,-23,-35,-18,handspherical
-70,-72,-123,-128,-71,-9,-38,-27,36,36,3,-20,17,-8,21,11,handspherical
-2,11,21,98,11,-7,-7,-2,-26,-45,-79,-74,-21,2,-8,-8,handspherical
25,10,-19,-49,-5,-8,3,2,-17,-32,7,19,-13,8,-12,-3,handspherical
-40,-48,-25,-19,-49,-60,-128,-96,16,20,45,61,-13,-3,72,2,handClose
48,72,30,33,62,25,-5,24,-68,-63,-49,-50,38,-24,-77,-29,handClose
53,75,31,-3,-128,17,61,17,85,104,36,13,52,123,127,124,handClose
59,31,53,92,127,37,-63,-37,-115,-93,-32,16,-128,-128,-128,-128,handClose
-20,3,-24,-54,-65,63,55,29,-78,-63,-104,-128,-128,-49,102,120,handClose
49,81,66,37,14,-38,-5,-11,-38,-125,-46,-7,12,31,-90,-56,handClose
35,13,6,24,127,-49,-128,-100,18,13,1,0,-69,18,30,3,handClose
-76,19,-44,-91,-128,-3,-77,-101,-14,-16,25,8,125,63,-75,-31,handClose
-44,-128,-110,-29,127,-46,-66,-8,39,119,27,32,-38,-14,127,42,handClose
27,22,41,32,-78,23,22,-12,10,84,1,-12,11,121,127,36,handClose
-7,28,-19,-92,-128,-84,-77,-13,-63,-59,-43,-31,-85,-13,-128,-93,handClose
17,29,-18,12,-128,25,30,10,-2,-26,16,19,-128,-51,87,66,handClose
34,-69,6,30,127,-96,26,15,15,54,12,6,113,72,52,9,handClose
-88,0,-61,-30,-24,-25,-60,-63,60,59,50,39,118,103,-4,17,handClose
-26,4,-4,-21,-37,-72,15,-59,33,4,33,17,-101,-2,73,47,handClose
70,68,39,51,96,26,28,47,-16,40,-19,-17,127,-67,-45,-48,handClose
-60,-62,-36,-26,-128,-36,5,-13,-17,-72,-23,-46,-112,-17,-128,13,handClose
13,-1,-29,-15,7,20,19,-1,17,45,46,76,-5,-3,41,1,handClose
-49,-7,-44,-11,87,-50,-73,-48,-38,-5,-52,-124,73,27,-43,-8,handClose
28,86,37,-18,116,-55,60,-20,-20,-58,4,47,-34,26,-8,-29,handClose
-87,-128,-88,-94,-128,-84,-61,-31,76,31,24,14,-69,34,69,46,handClose
12,57,19,23,-123,-56,-15,0,21,-5,40,9,127,108,69,33,handClose
62,92,52,88,114,127,53,26,32,9,29,88,73,61,-22,34,handClose
23,-10,50,55,-85,-41,101,42,58,33,34,32,83,103,127,13,handClose
-36,8,-40,-55,49,50,-91,-39,-61,-31,-49,-94,-127,43,-100,-30,handClose
-4,16,6,-5,25,-26,-27,-36,87,56,58,99,127,127,120,74,handClose
71,10,10,36,52,57,127,127,19,19,1,44,127,72,87,63,handClose
-99,-40,-57,-66,-73,4,-128,-128,-13,72,-13,-58,-59,-21,-61,-104,handClose
6,-5,28,7,-66,6,84,5,23,38,51,36,-128,8,-80,-4,handClose
69,-19,59,95,127,79,127,87,-68,-47,-57,-50,-79,-25,-53,-29,handClose
7,15,-11,-32,70,44,-120,-56,38,87,27,21,-64,-3,-35,-3,handClose
25,21,41,38,29,-45,9,26,10,-53,3,49,-89,-11,20,80,handClose
99,119,115,101,76,57,55,51,-32,3,-54,-50,-26,37,-41,-76,handClose
-119,-128,-55,-106,-91,-1,31,45,-83,-121,-58,32,127,-128,-128,-128,handClose
93,79,100,76,64,33,65,11,107,80,82,79,82,62,21,72,handClose
-45,-128,-69,-12,-9,30,29,38,-63,-16,-53,-64,-38,-43,-55,-41,handClose
-43,79,-13,2,-57,23,-44,-42,22,-15,19,29,-17,47,119,127,handClose
-28,24,-1,-7,90,-82,-128,-99,82,43,48,59,73,127,127,127,handClose
-109,-52,-100,-128,-128,-125,-16,-128,-6,28,35,-35,-24,-33,-48,-12,handClose
86,114,73,51,127,44,41,81,-47,-128,-101,8,8,-13,-111,-55,handClose
61,63,104,91,-79,2,101,45,92,76,76,74,-61,24,69,127,handClose
-68,-120,-110,-105,-88,7,-99,-77,4,21,14,5,-56,-80,17,11,handClose
-14,-31,14,26,-1,-28,21,1,13,-17,3,-18,-10,17,47,29,handClose
91,62,88,122,127,89,85,51,51,34,32,37,-36,-80,99,7,handClose
-83,-43,-78,-90,-85,-24,-93,-41,-60,-28,-66,-77,-47,27,-128,-56,handClose
16,17,23,29,-15,-13,-20,14,74,65,73,19,-128,57,47,22,handClose
24,29,45,85,44,-34,14,28,-80,-128,-60,-8,12,5,-35,-23,handClose
-25,-19,-37,-75,-15,38,-31,50,-8,38,12,36,12,54,-69,-16,handClose
-11,33,15,9,-7,-128,-77,-98,-21,-71,-19,-23,-8,-27,7,-25,handClose
38,-33,11,34,-28,26,74,57,-47,-11,-48,-67,-29,28,6,19,handClose
12,33,18,11,-30,-67,26,21,-20,-24,-2,-5,-122,-121,-32,-13,handClose
-44,-88,-34,-5,58,-115,-68,-77,96,59,20,61,56,113,127,118,handClose
56,43,26,44,107,35,95,53,-78,-105,-51,-84,-48,1,-114,-114,handClose
-41,-15,-24,-51,-42,8,-10,-1,46,62,43,99,50,-45,-7,6,handClose
28,32,62,102,-24,-1,-32,-38,28,29,35,12,-62,-20,42,11,handClose
7,31,-7,-39,-13,-4,110,82,-100,-122,-69,-93,-119,14,-37,-22,handClose
-17,-12,-31,-32,13,4,-9,-5,-1,-5,2,-3,-1,-3,-2,1,handOpen
-21,-11,-3,-17,-21,-33,-19,-9,20,7,-22,-16,39,9,24,10,handOpen
15,16,25,28,3,-27,9,11,-53,-23,-10,9,-6,-7,-41,-19,handOpen
-66,-45,-69,-79,-47,2,-45,-28,21,22,41,44,-3,-5,2,5,handOpen
13,21,20,47,22,4,0,2,60,32,26,12,9,-3,42,22,handOpen
31,25,49,88,13,-5,33,14,-5,4,14,-19,-18,-6,-4,-1,handOpen
-20,-11,-29,-2,5,8,-8,-7,20,12,7,16,6,-1,0,1,handOpen
8,10,32,62,-7,-8,7,5,12,8,7,22,11,2,21,9,handOpen
48,17,-3,28,44,4,45,17,-52,-39,-60,-105,-40,-5,-39,-22,handOpen
-53,-13,-3,-36,-24,6,-45,-23,49,35,72,78,24,-15,33,21,handOpen
-4,-6,-19,-13,4,8,0,2,-38,-25,-38,-79,-50,-2,-25,-19,handOpen
0,-49,-11,7,18,4,20,5,-7,-1,2,8,27,-1,-9,-4,handOpen
-47,-21,-6,-8,-26,-2,-40,-14,27,46,41,45,11,5,15,11,handOpen
21,18,12,33,30,-5,11,10,-63,-24,-50,-57,-24,2,-50,-27,handOpen
47,24,23,-1,17,9,40,20,5,-8,1,6,-17,-8,11,7,handOpen
-14,0,-5,7,1,-41,-22,-6,45,25,57,66,45,3,28,12,handOpen
23,12,7,-4,-2,30,22,6,-31,-28,-54,-51,-11,8,-15,-8,handOpen
2,-16,-8,14,10,5,16,5,21,21,16,-8,-21,-5,10,6,handOpen
-37,-18,-29,-45,-15,-7,-34,-18,31,-5,26,71,68,7,38,18,handOpen
52,54,63,25,19,0,38,20,-57,-19,-52,-84,-45,-5,-53,-27,handOpen
-36,-49,-67,-75,-18,7,-25,-13,3,2,17,24,5,-7,-1,7,handOpen
-3,9,37,43,9,-2,-13,-8,16,0,9,-15,3,2,13,4,handOpen
14,4,-9,18,-15,-4,8,4,-39,-23,-31,-46,-22,-9,-33,-17,handOpen
-68,-42,-76,-96,-50,-7,-52,-27,20,16,32,29,8,-1,10,3,handOpen
12,16,28,24,16,-2,2,3,28,5,21,32,20,5,33,11,handOpen
52,24,46,39,26,4,41,19,-12,-1,13,25,46,1,-9,-3,handOpen
-39,-24,-38,-74,-43,0,-22,-18,15,13,20,30,-13,-1,7,10,handOpen
13,7,9,18,5,-10,10,6,8,-7,-17,17,11,2,5,-5,handOpen
45,25,25,22,16,2,35,15,-49,-39,-26,-37,-29,-8,-27,-16,handOpen
-61,-30,-66,-113,-58,2,-47,-24,52,20,41,47,33,-1,41,24,handOpen
2,10,3,-5,-7,-13,-6,-5,-37,-22,-48,-11,-18,9,-28,-16,handOpen
7,1,-21,0,23,9,14,1,-10,-2,4,-18,7,1,-10,-3,handOpen
-28,-15,-12,-32,2,-6,-29,-16,18,4,15,16,-7,-9,10,8,handOpen
24,16,24,69,17,2,14,10,-67,-38,-76,-85,-44,-10,-54,-30,handOpen
29,6,33,35,17,7,30,14,3,4,20,13,-4,-8,1,1,handOpen
-9,-12,-10,-18,-12,-11,-13,-1,46,17,11,23,33,31,38,14,handOpen
24,16,11,39,10,1,17,5,-41,-16,-40,-67,-36,4,-32,-19,handOpen
-13,-8,4,1,-13,5,12,-6,18,18,15,28,5,-4,-4,2,handOpen
-33,-42,-21,-37,-25,-9,-20,-10,37,16,9,11,-6,-2,33,12,handOpen
63,30,47,55,26,-3,54,21,-65,-38,-63,-55,-29,-1,-48,-23,handOpen
-42,-23,-55,-35,2,21,-29,-17,5,2,17,4,11,-7,-3,-2,handOpen
-3,12,12,-4,-15,-16,-13,-3,12,-1,25,53,19,8,11,3,handOpen
14,-3,6,2,-3,-3,19,11,-29,-18,-24,-29,-25,-9,-23,-8,handOpen
-69,-56,-54,-75,-47,-8,-55,-32,23,30,39,46,15,1,15,11,handOpen
6,11,5,10,-12,-12,2,-1,36,26,19,30,26,7,28,12,handOpen
50,34,62,87,21,2,46,17,-3,0,-3,-4,-22,-9,-8,-1,handOpen
-43,-20,-57,-69,-18,1,-39,-17,26,14,15,34,16,4,22,8,handOpen
7,4,28,46,35,3,2,4,-9,-6,-23,-26,-22,-1,16,2,handOpen
36,26,6,24,15,9,35,18,-11,12,17,-28,-28,-14,-33,-10,handOpen
-61,-34,-61,-87,-44,-8,-49,-25,45,20,44,62,26,4,42,18,handOpen
8,10,4,12,3,-3,7,3,-46,-16,-59,-63,-29,2,-39,-20,handOpen
7,7,10,-34,36,57,9,-2,-4,-12,28,9,6,-5,-4,-1,handOpen
-13,3,27,41,-23,-10,-19,-10,22,21,-14,4,-32,-22,18,12,handOpen
13,9,-5,17,42,-1,11,4,-60,-33,-50,-84,-55,-10,-50,-21,handOpen
30,7,2,9,-2,-1,25,12,10,6,12,8,31,-1,6,7,handOpen
-22,-33,-5,-17,-18,-17,-10,-6,57,34,54,86,34,8,46,22,handOpen
45,8,45,68,31,1,46,24,-8,-10,2,-10,-7,-5,-10,0,handRelax
-18,-8,-2,-12,-11,-8,-20,-8,27,20,27,31,16,4,16,8,handRelax
13,12,17,4,1,-1,11,6,-1,-12,-15,-8,-1,6,9,-2,handRelax
31,18,16,40,23,4,30,18,7,5,13,13,1,-5,2,3,handRelax
-63,-32,-53,-80,-39,-5,-47,-24,59,28,46,74,37,6,48,21,handRelax
25,17,26,30,49,0,23,9,-48,-30,-54,-68,-28,-1,-39,-19,handRelax
-5,-5,-19,-12,-3,6,-1,-4,-4,0,1,4,-17,-4,-6,-1,handRelax
-18,-7,-1,-12,-15,-8,-16,-7,27,12,15,30,21,11,29,10,handRelax
13,5,13,18,-5,-1,9,3,-58,-32,-50,-57,-24,-5,-52,-28,handRelax
-57,-44,-56,-64,-29,1,-41,-24,16,15,12,-3,-19,-8,7,3,handRelax
-6,2,6,6,0,-5,-5,-2,46,15,39,66,20,3,42,16,handRelax
32,19,30,37,18,1,22,11,-18,-8,2,-11,-11,-5,-20,-6,handRelax
-11,-10,-24,-24,-9,4,-5,-5,17,19,19,23,31,3,13,9,handRelax
6,10,15,18,1,-4,4,2,10,-24,-1,24,35,10,25,9,handRelax
55,27,42,71,33,3,43,21,-55,-28,-47,-70,-35,-6,-47,-22,handRelax
-50,-30,-56,-70,-27,1,-41,-28,44,28,36,43,24,3,25,17,handRelax
-4,0,3,1,-6,-2,-6,-5,-11,8,-24,-23,-8,4,-5,-8,handRelax
20,6,6,34,18,6,23,8,-16,-24,-5,-10,-21,-12,-22,-8,handRelax
-54,-18,-40,-66,-33,-3,-43,-23,19,20,25,18,6,-1,11,12,handRelax
12,11,19,14,-1,-6,7,7,-51,-29,-58,-79,6,5,-39,-21,handRelax
52,28,46,68,32,6,44,20,1,1,8,14,-4,-8,-6,-2,handRelax
-16,-9,3,-6,-9,-5,-17,-6,38,19,32,49,22,1,29,18,handRelax
16,11,12,20,8,-2,12,8,-12,-13,-35,-30,-10,4,-13,-8,handRelax
20,12,7,16,16,5,22,9,-5,-4,9,2,-7,-6,3,1,handRelax
-45,-23,-38,-55,-30,-10,-46,-20,48,27,44,72,34,4,43,21,handRelax
36,8,38,52,23,1,32,18,-48,-27,-60,-70,-30,1,-44,-22,handRelax
-21,-4,-32,-32,-8,2,-14,-13,0,2,11,7,1,-3,-2,1,handRelax
-10,1,2,-6,-21,-8,-17,-10,23,9,6,5,5,6,20,7,handRelax
11,6,10,19,16,-2,12,3,-49,-33,-31,-39,-17,-6,-39,-21,handRelax
-58,-32,-62,-77,-33,-4,-43,-26,12,11,16,21,4,-3,9,6,handRelax
-11,-10,5,8,-3,-5,-3,-4,48,26,36,57,25,4,43,22,handRelax
47,26,52,61,27,2,36,16,-7,-2,-4,0,-9,-6,-13,-5,handRelax
-24,-16,-40,-50,-22,4,-16,-15,9,9,19,21,6,0,12,7,handRelax
10,13,21,25,7,-4,4,6,22,32,4,9,9,8,20,7,handRelax
50,32,41,38,25,4,40,16,-50,-63,-45,-54,-29,-8,-36,-17,handRelax
-76,-50,-72,-84,-40,-3,-51,-28,48,24,43,63,26,1,38,20,handRelax
6,8,10,7,-4,-5,-1,1,-31,-19,-41,-48,-21,1,-20,-15,handRelax
10,1,-6,5,12,5,14,3,-12,0,1,-1,-9,-6,-11,-2,handRelax
-37,-22,-23,-36,-27,-4,-34,-17,13,6,17,18,6,-4,12,6,handRelax
12,13,11,20,2,-4,9,6,-63,-27,-61,-95,-52,-3,-49,-26,handRelax
41,3,26,61,34,10,38,17,3,2,10,11,2,-2,-5,0,handRelax
-1,8,18,-7,-21,-5,-14,0,48,23,42,63,30,3,38,18,handRelax
15,5,2,12,23,-1,15,3,-28,-13,-46,-41,-11,2,-20,-14,handRelax
10,6,0,11,11,7,15,6,13,10,12,19,5,-4,6,6,handRelax
-33,-7,-20,-36,-30,-8,-33,-16,40,20,25,45,26,7,32,16,handRelax
52,34,62,65,28,2,41,21,-61,-32,-61,-79,-36,-4,-54,-23,handRelax
-40,-44,-52,-64,-27,-1,-26,-12,2,1,5,13,4,-3,-2,1,handRelax
-17,-7,-3,-6,-9,-7,-13,-5,8,0,-7,4,5,6,9,3,handRelax
19,14,15,25,12,1,15,9,-31,-16,-14,-31,-21,-8,-29,-12,handRelax
-67,-37,-62,-83,-39,-7,-53,-26,11,8,18,17,5,-4,8,5,handRelax
8,1,11,8,-10,-3,3,3,33,17,18,39,25,8,34,14,handRelax
55,38,59,67,40,5,41,24,-13,-7,-2,-1,-10,-10,-7,-3,handRelax
-40,-30,-53,-44,-2,2,-31,-17,20,15,22,27,11,-1,18,9,handRelax
15,16,13,23,29,5,12,5,9,6,-13,-2,4,5,10,2,handRelax
-90,-86,-47,30,-37,-45,-76,-36,32,31,37,80,22,-5,12,9,handcylindrical
21,22,19,0,14,89,5,12,-39,-11,-3,64,-12,12,-31,-17,handcylindrical
56,17,14,-1,17,-10,50,14,-20,-15,-13,-4,39,-37,-30,-18,handcylindrical
-35,1,33,5,-45,-9,-41,-33,19,4,13,-42,-38,-10,11,12,handcylindrical
35,46,1,10,-15,15,22,13,13,-12,-60,-28,70,26,16,16,handcylindrical
27,17,3,52,5,-8,17,9,17,-1,-16,3,31,15,12,6,handcylindrical
-101,-93,-60,-84,-60,-31,-68,-41,59,46,37,-14,29,2,45,22,handcylindrical
0,-66,-25,11,54,4,18,4,-43,-7,11,24,-1,61,-32,-18,handcylindrical
-6,-42,-49,-17,-14,-17,-5,-3,8,34,23,27,-26,-14,-15,1,handcylindrical
-8,17,49,19,55,22,-10,2,42,36,29,106,35,23,36,19,handcylindrical
33,34,41,6,-25,5,12,10,-77,-117,-56,-70,-62,-12,-49,-30,handcylindrical
-43,-7,-15,-61,-48,-6,-30,-13,3,4,-15,-6,27,-17,3,6,handcylindrical
-9,5,-4,-37,-24,0,-17,-3,76,62,70,70,52,-14,51,28,handcylindrical
27,4,6,25,11,0,24,10,-46,-50,-51,-123,-66,27,2,-11,handcylindrical
1,8,-59,3,-10,-39,-5,-6,1,12,-18,8,17,-20,-10,-33,handcylindrical
-3,-8,-11,-33,-17,-1,5,7,56,53,64,74,32,16,67,29,handcylindrical
33,-12,35,70,42,-9,43,20,-50,18,-8,-69,-51,-4,-54,-25,handcylindrical
-62,-74,-58,-76,-15,5,-37,-25,71,105,23,-31,-9,-10,22,20,handcylindrical
10,33,50,72,23,55,-4,4,-63,-128,-62,-15,-50,-16,-22,-27,handcylindrical
34,34,42,78,5,-43,19,11,4,20,-11,-2,31,1,-5,1,handcylindrical
-54,-24,-76,-128,-62,4,-40,-24,40,28,-1,-6,36,19,26,16,handcylindrical
11,27,76,127,64,-1,-3,5,-37,-25,-58,-83,-13,7,-35,-17,handcylindrical
37,2,51,66,47,6,58,22,4,6,-1,-8,-11,-3,1,5,handcylindrical
-20,-31,-7,-7,-21,-1,-10,-3,42,48,39,45,15,5,29,19,handcylindrical
29,25,9,23,20,-1,39,33,-21,-34,-23,-19,-34,-8,-25,-19,handcylindrical
19,3,2,21,3,-42,-21,-28,11,-19,-52,-73,1,-39,-6,2,handcylindrical
-64,-13,-10,-70,-43,5,-55,-25,54,46,117,127,69,24,54,31,handcylindrical
28,7,39,38,18,-8,32,12,-34,-8,-54,-118,-53,-3,-39,-19,handcylindrical
-5,5,-41,-86,-21,8,3,-6,-24,-28,-7,71,-4,-32,-30,-18,handcylindrical
10,64,62,57,-9,8,-11,2,18,6,12,56,-1,4,23,5,handcylindrical
7,-2,-13,-34,28,-11,11,-1,-21,32,-23,-69,5,12,-29,-8,handcylindrical
-49,-26,-62,-70,-40,-16,-48,-25,-11,-41,1,-17,-6,8,-9,-6,handcylindrical
1,-1,-1,-21,9,-10,-5,-5,46,31,56,72,3,4,44,22,handcylindrical
30,1,25,52,31,-3,34,18,-14,9,20,-38,-21,11,-7,-7,handcylindrical
-38,-22,-32,-4,-33,-20,-45,-21,8,-5,-19,-27,-38,-32,0,-5,handcylindrical
10,17,16,8,2,1,7,4,16,2,-11,69,25,2,15,6,handcylindrical
61,32,20,-2,67,19,46,23,-59,-55,-81,-128,-63,-20,-44,-22,handcylindrical
-53,-15,-53,-26,-53,-16,-68,-34,12,-17,30,73,47,18,34,9,handcylindrical
-3,-7,18,22,8,-29,2,2,-20,1,-30,-40,-41,8,-12,-5,handcylindrical
15,17,13,2,-2,-2,10,-3,-6,-3,-25,-22,-25,-18,-13,-2,handcylindrical
-54,-51,-41,-29,-37,-9,-42,-23,23,22,41,59,16,5,15,8,handcylindrical
18,-14,-13,-24,1,-2,15,13,-50,-15,-68,-128,-114,-5,-50,-19,handcylindrical
35,27,80,127,72,23,42,19,10,-6,5,39,13,-6,1,9,handcylindrical
6,24,26,59,-31,13,2,9,50,51,52,107,65,22,45,17,handcylindrical
15,10,14,7,26,-4,10,9,-30,-11,-43,-62,-33,-12,-23,-16,handcylindrical
19,14,11,14,0,6,16,9,-9,-30,4,9,-40,-21,0,-3,handcylindrical
-37,0,-40,-55,10,7,-28,-13,47,-26,-6,25,23,8,41,18,handcylindrical
44,22,31,61,32,-7,37,18,-62,-36,-99,-45,-14,-21,-43,-26,handcylindrical
-32,-41,-67,-56,-34,-10,-22,-15,-1,24,37,2,-25,40,-28,-5,handcylindrical
-1,13,49,68,3,3,-6,1,47,71,60,120,61,44,32,20,handcylindrical
9,-12,-27,-26,-10,-9,13,4,-90,-128,-45,-41,-46,-37,-64,-47,handcylindrical
-63,-51,-59,-68,-28,11,-45,-23,6,-1,9,71,60,-11,23,15,handcylindrical
0,-12,-12,-8,-21,-12,-5,-6,69,69,51,8,23,19,44,24,handcylindrical
63,36,59,97,63,16,50,29,-8,-7,6,-13,32,-2,-14,-5,handcylindrical
-40,-49,-58,-67,-17,5,-32,-22,18,22,13,49,-7,-3,19,10,handcylindrical
-1,-18,36,106,40,4,9,4,15,1,7,11,20,23,14,12,handcylindrical
-128,-128,-46,-44,24,-33,-53,-48,48,55,127,55,12,37,42,17,handspherical
49,21,127,127,-5,-2,52,16,-40,39,-3,-38,-51,17,-128,-22,handspherical
-32,-7,-60,-123,-23,-1,-48,-18,2,13,-99,-90,-30,-40,-8,-3,handspherical
9,-6,0,29,-7,-41,27,15,4,-12,21,31,9,33,42,13,handspherical
50,62,56,-1,-11,15,84,20,-49,-54,12,1,14,-3,-22,-16,handspherical
-110,-128,56,35,56,38,-28,-22,81,127,96,-9,-46,-8,-22,27,handspherical
22,69,9,4,-19,-5,17,4,-3,25,7,35,0,-33,14,-8,handspherical
95,66,21,85,83,18,28,32,-97,-128,-40,107,-23,40,-16,-33,handspherical
-26,29,-31,-128,-69,-22,-28,-14,21,18,44,-3,19,18,19,5,handspherical
32,33,84,25,-18,32,-9,7,-8,-4,-57,-44,-24,-38,3,0,handspherical
50,-4,-91,-46,5,22,49,27,8,17,80,89,28,12,37,8,handspherical
-128,-128,-128,-128,-62,-33,-50,-57,46,36,18,-36,24,-27,10,12,handspherical
49,111,109,127,48,-6,-99,10,6,32,-82,-70,-64,-1,-65,16,handspherical
-7,-26,-87,-38,15,49,26,-1,-46,-99,44,127,33,-8,7,-6,handspherical
-8,15,99,16,-20,9,-58,1,35,34,40,12,-15,-49,12,7,handspherical
38,83,44,60,15,0,5,11,-107,-128,-32,-96,-66,-14,-55,-40,handspherical
30,0,-42,2,32,18,43,16,63,92,70,91,-10,-9,10,21,handspherical
51,82,82,-41,-30,-19,1,11,15,9,39,73,46,11,31,8,handspherical
-38,-128,-28,92,60,-4,1,-15,-32,-4,-64,-74,-7,-2,-32,-11,handspherical
7,8,0,-5,122,46,19,6,34,40,17,34,54,28,20,13,handspherical
-25,-44,-88,-36,-74,-37,-7,-1,29,-17,21,57,47,66,36,21,handspherical
68,34,-16,17,15,43,42,23,-82,-71,-41,-87,-62,-48,-41,-27,handspherical
-97,-99,-87,-84,-25,7,-36,-36,10,-19,21,43,15,-11,19,4,handspherical
-22,-73,-25,14,9,8,12,5,-15,18,-8,12,10,12,7,-7,handspherical
54,71,104,97,7,-6,22,18,-10,-7,-23,-128,-57,-22,0,-14,handspherical
-34,-24,-68,-55,-49,59,-42,-16,12,33,94,127,98,8,-30,6,handspherical
7,23,12,-18,-12,-30,5,-7,32,14,59,72,22,6,30,18,handspherical
23,-34,99,127,33,11,54,17,56,59,62,21,36,41,22,25,handspherical
-29,18,61,-31,-24,-4,-33,-8,-64,-79,-22,43,8,-59,-33,-33,handspherical
37,32,29,4,9,11,0,16,8,4,-43,-23,-8,5,16,7,handspherical
15,2,-6,47,12,-31,-1,8,-2,25,-10,-51,-38,2,-14,-3,handspherical
-26,12,82,16,20,17,-29,-16,30,0,-21,1,-7,-6,34,12,handspherical
18,39,72,77,28,-8,-18,8,-65,-36,-38,-107,-21,-6,-46,-28,handspherical
4,30,16,-4,-4,3,-32,-3,11,23,-3,-30,-17,-3,-4,8,handspherical
-78,-128,-104,-90,-39,-20,-18,-21,56,23,36,127,61,12,65,19,handspherical
38,36,5,76,36,-2,31,24,-30,-24,-41,-53,-17,30,-19,-9,handspherical
40,59,38,-9,38,87,11,9,-32,-49,-2,-10,-39,-57,-36,-28,handspherical
8,26,8,-6,-2,-1,0,1,26,-5,-51,-14,12,-8,36,16,handspherical
65,64,91,74,24,-2,38,21,-48,-7,-39,-72,-37,-2,-41,-19,handspherical
-33,-38,-34,-62,-24,5,-23,-19,33,33,68,127,39,27,47,17,handspherical
-45,-57,-17,-47,9,-23,-18,-12,11,12,-19,-39,-21,-13,9,-7,handspherical
54,40,19,108,127,31,62,24,-58,-69,-29,-103,-48,-41,-30,-22,handspherical
-51,-38,-47,-93,-61,-21,-46,-24,17,41,70,-7,20,34,-26,11,handspherical
-7,-20,35,26,-3,19,11,3,-34,-29,-55,-12,24,9,-18,-15,handspherical
40,24,28,57,-17,-33,25,8,-5,12,14,-19,7,4,-11,-1,handspherical
-39,-49,-62,-18,-26,-3,-29,-8,11,3,26,-5,-4,-2,8,3,handspherical
3,-10,-1,17,10,-4,36,1,0,13,-14,-51,7,-1,0,-8,handspherical
69,112,61,32,21,6,12,19,40,104,22,-5,21,35,17,13,handspherical
-128,-128,-80,-42,-57,-25,-56,-50,24,33,79,73,84,8,38,7,handspherical
21,13,25,13,7,-2,-4,5,-30,-48,-123,-117,-37,-9,-24,-13,handspherical
11,7,8,49,18,38,48,13,0,-8,-9,-7,-18,-3,-10,-4,handspherical
-28,-9,-3,-54,5,-6,-19,-12,32,-1,3,-17,8,-13,26,8,handspherical
-5,-21,-40,20,-6,-19,-7,0,-62,-31,-41,-65,-39,9,-23,-24,handspherical
-24,-13,46,-9,5,6,-16,-7,12,-5,-8,-13,-9,13,27,13,handspherical
-44,-72,-41,8,31,18,9,-4,48,31,-13,17,18,-38,-7,7,handspherical
15,-22,-18,-5,16,-6,18,5,-44,-78,-56,-46,-27,-9,-26,-16,handspherical
