-2,-3,-4,-1,-2,-2,-1,0,-1,-2,-10,-13,-1,0,2,1,handRelax
0,-1,1,2,-1,-1,-5,-2,-5,-1,-6,-5,-1,-4,0,0,handRelax
-2,0,-5,-1,2,3,-5,0,-1,0,3,4,2,-2,-3,-2,handRelax
-1,-1,2,2,-2,-2,-1,1,1,2,2,-3,-1,0,-1,0,handRelax
0,0,0,0,0,0,2,1,-1,1,-1,0,-2,-1,-1,-1,handRelax
-2,0,-2,-2,0,4,1,-3,-1,0,3,-5,-1,-3,-3,-2,handRelax
0,3,15,0,2,-1,0,0,1,3,0,2,2,0,-1,1,handRelax
0,-2,-8,-8,-2,-4,-2,0,-1,-5,-7,-3,-2,-3,-2,0,handRelax
-3,-2,-1,-3,-3,-4,0,0,1,2,-8,1,-3,-2,-1,-2,handRelax
3,-1,-3,-2,-3,1,2,3,-1,0,11,13,-1,-1,-5,0,handRelax
1,-2,-8,-4,-2,-3,0,0,-3,-4,-9,-17,-9,2,-1,-2,handRelax
-4,0,5,0,0,2,-1,-1,-1,1,-1,1,0,2,1,0,handRelax
-1,-6,-3,3,0,-2,-2,-1,-1,1,6,11,1,-2,0,0,handRelax
1,0,-1,0,2,0,-3,-1,0,-2,-2,-14,1,-1,-3,3,handRelax
-1,-2,-3,-8,-5,1,3,1,-1,-3,-4,2,-3,-2,1,0,handRelax
-4,0,1,4,-2,-1,-3,0,-1,0,-4,-5,0,1,1,-1,handRelax
0,1,0,-1,-1,0,-1,1,1,-1,-4,-8,-3,-1,2,-1,handRelax
-1,2,-2,2,-2,0,-1,-1,0,-2,-2,0,0,-4,0,-6,handRelax
1,-1,-4,0,0,-3,-2,-2,1,0,1,1,0,0,2,-1,handRelax
1,-1,1,-1,-2,-1,-2,-3,0,0,0,2,3,-2,-1,0,handRelax
0,-3,1,-3,0,-3,-1,-1,0,0,1,5,5,-1,-2,-2,handRelax
1,1,1,2,-2,-1,0,-1,1,-1,-2,-8,-3,0,0,0,handRelax
-2,-5,-3,-5,-1,-1,-4,1,-1,-2,1,1,0,0,-1,1,handRelax
-2,-3,1,-4,-1,-1,0,0,-1,0,-2,2,1,1,-1,0,handRelax
0,1,1,-1,1,1,-1,0,1,-1,-1,1,-2,1,-2,0,handRelax
-2,-1,1,-2,-1,-3,-2,-4,-1,-1,2,4,0,1,-1,1,handRelax
0,-2,-3,1,4,-1,-1,1,-4,-3,-4,-13,-3,-2,2,-3,handRelax
-1,0,-2,-1,-5,0,3,-1,-2,-1,-3,-3,0,0,-2,-1,handRelax
-1,-1,-1,-2,0,-1,3,-2,-1,-2,0,-5,-1,-2,-1,-3,handRelax
-3,-2,1,0,-1,0,2,-1,0,1,2,4,3,-1,1,-1,handRelax
0,-1,1,0,-1,-3,-3,0,-1,-3,0,-6,-3,0,-1,0,handRelax
0,0,-1,1,-1,0,-2,0,0,-2,-1,0,1,-1,0,1,handRelax
-3,1,-2,-5,-5,-1,-2,0,-1,-5,-2,3,-3,-2,0,-2,handRelax
1,-1,0,0,-1,0,-4,0,2,0,0,-1,-1,-2,-1,-3,handRelax
-2,-1,0,-5,-1,-3,-1,0,-1,-1,1,0,2,0,-1,-3,handRelax
1,-2,0,3,4,1,1,2,1,0,-3,-2,-1,-2,0,-1,handRelax
-2,-1,3,-2,-2,0,-1,-1,2,-1,4,-8,-3,-1,-1,3,handRelax
0,0,1,-1,-2,-3,0,-3,1,2,-4,12,1,-1,-1,-2,handRelax
1,2,0,3,1,-4,-1,-3,-3,-3,-6,0,-2,1,-4,0,handRelax
-3,0,1,1,1,-1,1,2,-1,0,-2,-6,0,-3,0,-1,handRelax
3,2,-4,-4,-1,2,4,0,0,2,1,11,0,-3,-2,1,handRelax
0,-2,-8,-6,-2,-2,0,-1,-3,-4,-3,-4,-1,-2,-1,-1,handRelax
-3,-3,-2,0,4,0,-1,-1,-1,0,5,13,3,2,0,1,handRelax
0,-2,7,5,-2,-1,0,0,-1,1,-1,-10,-6,-3,-1,-1,handRelax
-1,-1,-4,-14,-4,2,2,2,1,-2,-2,-1,-1,-2,-1,-4,handRelax
0,-2,-4,4,2,0,3,3,-1,0,-3,1,4,-2,-2,-2,handRelax
0,-2,-6,-4,-1,1,-1,-2,2,-1,-6,-5,-2,1,-1,-2,handRelax
0,-3,-2,-7,-1,-2,0,-1,-3,-3,-3,4,-3,-1,-1,-1,handRelax
-2,-1,-5,1,1,-2,0,2,1,-1,0,-4,-1,-3,-1,0,handRelax
-3,-4,-5,0,-2,0,-1,-1,-2,1,4,2,1,-1,-1,-4,handRelax
-3,2,1,3,-2,-1,-1,-2,0,-1,-2,5,-1,0,-4,0,handRelax
-2,-3,-9,-15,0,-4,-1,-1,1,2,4,5,-1,0,1,0,handRelax
0,-2,-1,-11,-1,-1,-6,-2,1,1,4,19,4,1,1,1,handRelax
0,2,-1,17,1,1,1,0,-1,-3,-6,-2,-1,-2,1,-2,handRelax
2,2,0,0,-3,0,-1,0,1,-3,2,-2,-2,-3,-1,0,handRelax
1,0,6,7,-2,-1,1,-2,2,0,2,5,3,1,2,-3,handRelax
-2,0,-3,-4,2,2,2,1,-2,-1,-9,-7,-4,-2,0,-1,handRelax
-2,3,2,0,-1,0,0,0,-2,-1,-6,-1,1,-1,0,-1,handRelax
2,0,3,4,0,0,1,2,0,1,7,2,-1,-2,0,0,handRelax
-2,-3,-4,-5,-3,-3,-2,0,2,-1,2,4,0,-2,0,0,handRelax
-1,-1,0,0,-4,-1,-2,-2,0,0,-3,4,2,-3,-4,1,handRelax
-1,0,2,3,-1,0,0,-1,-1,1,0,-7,-5,2,-2,2,handRelax
3,0,1,1,-4,-2,-1,-4,0,-3,1,-1,1,0,-2,-1,handRelax
-2,-2,-2,0,2,-1,-4,-5,-2,-3,-2,4,0,-2,-3,-4,handRelax
3,1,3,-4,7,1,0,1,0,1,-1,-12,-1,-1,3,-3,handRelax
-2,1,4,7,1,2,3,0,-2,0,-3,-5,1,-3,-2,0,handRelax
-5,-1,-4,-9,-1,0,-3,-2,1,3,2,20,3,1,-3,0,handRelax
-4,0,-3,-7,-5,-2,-1,-6,0,-2,-1,-5,-3,0,-2,0,handRelax
-1,0,-2,1,-3,0,-1,-2,0,-3,-6,-10,-13,-1,0,-1,handRelax
0,0,-2,1,-1,1,0,0,1,-1,0,2,20,5,-1,1,handRelax
-1,-3,-2,-3,-2,-2,0,0,-1,-1,1,-2,-9,-1,0,3,handRelax
0,0,1,3,-2,-1,-2,1,-1,0,0,-1,-1,-3,0,-3,handRelax
-1,-1,0,-1,-3,1,0,1,1,1,0,-3,1,-3,-1,-2,handRelax
-1,0,-1,1,0,-1,-1,-1,2,0,1,-1,0,0,-2,-1,handRelax
-4,-5,-1,0,-1,-2,-3,0,-1,-4,-3,-6,-6,-1,2,0,handRelax
1,-1,-3,-4,1,-1,2,-1,1,-3,0,3,-2,-3,0,0,handRelax
0,-1,2,19,1,1,-3,0,1,0,1,-1,0,-3,0,2,handRelax
-1,1,-1,-5,-1,0,2,-3,0,-2,-2,8,0,-3,-1,1,handRelax
-1,-3,-1,-6,-3,-1,0,-3,0,2,-6,-3,-2,-1,-1,1,handRelax
-5,-4,-2,-5,2,0,-3,-2,1,-4,-4,-23,-2,0,-1,-3,handRelax
-1,4,0,-12,3,3,-3,-2,-1,2,8,40,5,0,0,-1,handRelax
0,-1,0,14,4,2,-1,-2,1,0,-2,-4,-3,-1,2,-1,handRelax
1,-2,-1,1,-1,-1,-2,0,-1,1,0,-2,-2,0,-1,0,handRelax
2,-1,-2,-5,-1,2,0,1,-1,0,-1,-1,-2,-4,-1,0,handRelax
3,4,0,-10,-7,0,3,-1,-3,0,3,2,-7,-1,-1,1,handRelax
-1,-2,-3,-3,0,-2,-3,-7,2,-1,4,1,-1,-1,0,0,handRelax
2,-1,-1,-1,0,0,0,-3,-1,-1,-1,-1,-2,0,0,0,handRelax
0,3,-2,-7,-2,-4,-3,-3,0,2,-2,-1,0,-1,1,-2,handRelax
-6,-1,-6,-5,-4,-9,-1,0,-2,-3,1,-1,-2,-1,-2,-2,handRelax
4,2,0,9,2,15,4,1,3,1,-1,9,-1,1,-2,2,handRelax
2,0,0,-1,-9,-4,-6,-4,0,-4,-1,-1,2,0,2,-2,handRelax
2,0,-6,-1,-9,-2,-1,3,-4,-2,-1,0,3,2,-1,1,handRelax
-6,-5,-9,-17,-4,8,1,-2,-1,1,0,-1,-6,-1,0,-1,handRelax
-5,-6,-13,16,2,4,-1,-2,1,0,-5,-10,2,-3,-1,-1,handRelax
4,7,29,-2,-4,-6,-4,-1,-5,-1,-5,-22,-4,-4,-1,-2,handRelax
2,2,0,-11,7,2,1,3,-3,-2,3,28,1,-4,-3,-4,handRelax
-7,-3,-4,-3,6,4,2,-3,0,1,12,41,4,-14,1,-2,handRelax
0,1,-1,-4,0,-1,1,-1,-3,-6,-6,-9,-5,-6,-3,-2,handRelax
-1,-3,-2,-9,-4,-6,3,-1,2,-1,-1,2,-10,-4,1,1,handRelax
-3,1,-1,12,2,-1,-4,-1,-3,-1,-5,-17,-13,0,5,2,handRelax
-1,-2,-2,-3,1,2,-3,-3,2,1,2,27,1,5,2,1,handRelax
0,5,-1,2,0,-3,-2,1,-1,0,0,4,-1,0,0,2,handRelax
-3,-3,-2,1,0,0,-4,1,1,-1,1,-1,0,-2,-4,-1,handRelax
10,11,-2,6,26,7,51,66,-29,1,-17,-25,-36,-35,-43,-41,handClose
30,14,14,10,13,40,56,-34,13,23,9,6,-11,58,63,13,handClose
5,-22,1,6,32,-4,-43,69,-21,-36,-9,-3,-4,-21,-16,-2,handClose
-9,0,-11,-2,5,-19,-31,81,14,25,9,8,23,9,-44,-67,handClose
-5,4,0,4,4,20,-9,-45,0,0,-6,-14,-23,-9,-2,16,handClose
-19,-20,-4,-3,-15,-6,-7,-31,-19,-22,-8,-4,27,-19,-41,-31,handClose
-7,8,2,5,13,-4,-17,-78,-13,13,3,-17,-61,21,117,4,handClose
7,6,-3,-7,12,-15,60,50,13,16,5,-4,4,-11,22,14,handClose
8,20,19,20,20,5,-44,-88,30,-2,6,11,27,-1,-49,20,handClose
-9,-5,-7,-5,-14,-13,-15,-34,2,-15,-1,-2,-1,-10,-9,-3,handClose
-16,-11,-7,-4,6,-28,-16,-29,-2,-7,-6,-8,-6,-24,-21,28,handClose
-15,-22,-1,-1,-27,-21,-33,-43,-14,-11,-4,-5,9,50,23,-29,handClose
2,21,-8,-22,-19,-13,-128,-22,9,7,1,5,7,11,67,-21,handClose
21,0,8,1,-36,-40,-27,69,-5,-12,-10,-6,8,-4,100,-15,handClose
31,5,7,6,-14,10,38,127,16,20,8,-4,-36,-17,-32,89,handClose
-10,-15,-9,-6,12,16,-42,-48,-5,-14,4,9,6,3,18,-1,handClose
-1,13,4,8,6,3,32,-55,-14,-1,-6,-9,-2,-14,-36,-74,handClose
14,-28,-9,-1,-20,-6,99,82,-8,-1,-7,-9,17,16,32,18,handClose
17,30,1,-10,34,1,-39,59,-14,-7,-8,-4,3,29,14,-115,handClose
12,40,16,6,-44,14,-104,24,1,-6,3,5,-13,5,1,-16,handClose
-13,-24,0,6,7,23,15,-36,-5,-4,-3,-4,22,13,-25,-13,handClose
-40,-28,-22,-15,-8,-61,-28,-1,29,7,7,8,11,20,22,65,handClose
27,26,19,15,9,34,-4,-85,-13,-22,-12,-9,1,-28,74,15,handClose
5,11,-1,-14,-6,-21,-24,11,-12,-24,5,10,35,-22,-49,-111,handClose
-8,-4,-8,-12,-30,-41,-21,-24,11,31,14,10,-28,-9,52,-10,handClose
1,11,1,3,27,-1,-35,3,-6,1,-6,-6,-12,-3,2,25,handClose
3,-7,2,-1,-12,-24,-23,12,0,18,6,12,35,18,39,-44,handClose
-31,-34,-13,-20,-25,-34,-91,-33,18,24,13,10,16,12,13,42,handClose
1,1,-2,0,35,11,-57,-66,18,7,-1,-12,3,-13,-38,-8,handClose
-20,-11,-7,-7,-58,-14,-65,1,26,3,1,9,21,16,46,106,handClose
12,-10,-1,1,19,11,-26,-2,0,-11,-2,-11,8,28,27,4,handClose
-13,-30,-2,-8,-7,-14,-45,-6,10,4,4,-2,-22,-4,15,23,handClose
-21,32,-3,-1,3,-9,-6,-70,-13,-10,-6,-4,-17,6,101,27,handClose
-2,14,13,16,50,50,15,-83,-3,4,-3,1,25,5,67,2,handClose
20,6,7,12,41,-22,-128,-35,27,23,6,6,27,26,65,67,handClose
-1,-15,-11,-22,-88,-6,-23,75,18,11,17,7,-22,1,9,41,handClose
-11,-13,-11,-12,-37,-17,1,11,-30,-33,-16,-17,-18,-38,-91,-13,handClose
-14,0,-14,-10,25,-10,60,20,-24,-11,-20,-13,25,10,-59,-32,handClose
6,-12,-4,-11,-29,18,-45,-5,35,25,27,14,-45,60,46,15,handClose
-20,-9,0,5,20,11,87,-21,0,-2,0,5,20,18,19,19,handClose
2,30,6,3,7,25,21,-12,-6,-6,-8,-10,-23,-6,-9,-28,handClose
-14,-8,-12,-17,-5,-6,-6,17,-2,-8,-3,-6,8,11,26,25,handClose
6,7,11,18,31,-2,-13,-60,-22,-17,-13,-10,-17,-40,-27,-2,handClose
2,5,5,-1,1,-32,-69,-47,3,2,1,5,32,35,62,-31,handClose
54,32,20,17,5,19,-6,66,0,7,-2,-1,-41,-39,-6,17,handClose
5,12,10,18,17,33,90,25,9,10,9,15,22,23,-2,11,handClose
4,-12,0,10,23,43,-17,86,-8,-6,-7,0,10,-29,-29,-48,handClose
16,13,4,8,-8,0,-16,14,-26,-22,-7,-11,-19,-43,37,16,handClose
-12,-14,-12,-13,-3,-9,23,-3,-3,10,10,17,13,32,-25,-96,handClose
10,-4,-2,-1,0,-6,13,-4,5,0,8,11,-5,6,15,13,handClose
7,10,1,3,0,-14,-18,28,-11,0,-13,-14,-44,-32,-19,-22,handClose
-40,-28,-24,-24,-17,-39,12,58,-11,-13,-9,-5,14,-5,-3,-10,handClose
45,22,14,15,18,25,-4,-17,-11,-3,-4,-13,-31,-28,-59,-33,handClose
-33,-11,-6,2,14,-22,4,-37,-42,-29,-23,-23,-20,-15,-28,62,handClose
46,8,9,8,13,19,11,67,3,15,8,-4,-53,29,-40,-44,handClose
-7,-5,-4,-7,-26,-30,-29,-17,12,-5,-4,-1,22,-15,-32,19,handClose
-13,-14,-4,2,4,-10,8,10,-17,-24,-8,-8,0,-20,-39,-12,handClose
21,21,10,25,25,11,11,87,19,25,8,16,32,-1,79,-7,handClose
-13,-12,-10,-8,6,25,85,36,-34,2,9,3,-7,16,-39,-128,handClose
23,18,9,8,27,22,-45,1,36,-3,7,-2,-39,30,14,127,handClose
-27,-8,-5,-9,-37,-4,-19,-31,-4,3,-4,9,10,8,22,43,handClose
4,7,12,10,22,-6,-46,-128,-8,-7,-2,3,48,12,-13,-27,handClose
-14,9,-6,-9,-15,-15,120,23,-8,-5,-6,-2,-97,-59,109,28,handClose
7,4,9,15,35,31,-56,88,-25,-19,-3,-1,24,38,-128,-77,handClose
3,8,-4,-7,-8,-4,32,5,9,-5,-8,-8,-21,-16,-26,14,handClose
23,-19,-1,4,26,25,-15,127,6,11,-5,2,17,30,27,-26,handClose
-25,10,-10,-8,17,14,21,-24,4,-2,-4,-2,-6,7,2,0,handClose
-22,20,13,12,3,51,27,-128,-15,-14,-11,-8,9,-7,-12,-30,handClose
2,-40,1,4,20,7,10,112,-24,-45,-15,-19,-8,-23,-71,-15,handClose
3,35,5,-4,-30,-15,49,-20,10,-1,2,0,29,28,30,50,handClose
11,8,0,3,2,17,0,42,15,10,-1,3,22,56,-7,-1,handClose
-24,-19,-18,-15,-8,-46,107,14,9,1,1,0,-1,-8,5,-14,handClose
8,-14,6,9,-5,-19,-35,42,-7,-2,-7,-9,-11,23,59,47,handClose
-3,-25,-2,-1,8,0,2,10,6,39,8,14,32,36,3,16,handClose
-20,7,-16,-7,11,-17,-102,4,-16,-2,-4,-4,18,21,-7,-28,handClose
20,32,18,15,18,27,-4,45,-8,-7,1,4,-6,-6,8,-6,handClose
-9,-26,-8,-17,-20,-33,25,26,14,13,10,18,67,47,92,-36,handClose
-9,-16,1,1,-42,2,36,63,-16,7,-1,4,32,22,38,-87,handClose
27,32,13,2,17,-34,-110,-22,31,21,14,17,23,50,37,79,handClose
21,-5,4,9,-24,0,-15,44,-1,-12,4,4,-19,16,4,4,handClose
-27,-42,-20,-22,-24,-38,-22,41,-8,-9,-7,-7,8,-15,-10,-24,handClose
-4,11,6,8,21,12,2,-5,1,-34,-8,-11,-4,30,-61,41,handClose
8,22,5,0,-16,4,11,61,-2,-6,-2,-3,5,7,16,-54,handClose
-15,-1,2,2,18,11,60,-27,-19,4,-7,1,12,4,76,-22,handClose
-5,-4,-1,0,-2,-19,-30,-43,13,-6,7,2,5,40,31,41,handClose
-12,-12,-12,-13,-34,-32,-79,27,-22,5,-3,-4,-16,-1,25,-94,handClose
2,-14,-1,1,16,10,-11,-38,0,-1,0,10,46,59,38,56,handClose
-19,-3,-10,-16,-19,-24,53,-4,22,-2,7,16,31,25,-18,31,handClose
17,14,6,2,-14,-8,-40,-35,-14,-24,0,-8,-39,4,45,-3,handClose
6,30,-5,0,3,-3,-1,24,-6,4,0,-2,-12,-5,127,19,handClose
-7,-25,-6,-16,-10,-53,-44,43,4,-13,8,16,44,26,-4,3,handClose
9,11,4,12,-4,47,24,-8,-11,11,-8,-13,-47,-1,65,63,handClose
1,10,0,-9,25,3,4,-51,4,-2,-3,-3,18,-7,-21,-69,handClose
17,-18,-2,1,7,20,-3,88,24,14,2,3,21,23,13,70,handClose
-7,2,-8,-7,2,14,-16,-13,-16,-8,-5,-8,-16,-46,-17,-59,handClose
-39,-33,-14,-7,7,-8,8,-52,-4,-6,-2,2,2,15,69,-1,handClose
2,5,1,0,-23,-14,-24,8,-20,-12,-5,0,25,-20,26,-6,handClose
43,39,21,25,-19,15,10,122,21,16,15,11,-4,5,64,-23,handClose
0,-41,-4,-7,1,-17,-31,-19,-15,-9,-5,3,31,4,-37,-37,handClose
-10,30,-3,3,12,27,-17,-38,-22,-25,-13,-9,-14,-36,-32,-10,handClose
-8,-11,-10,-3,30,9,-20,-4,21,21,16,14,-9,-4,44,1,handClose
20,11,6,-3,-18,-34,-77,28,-16,-29,-3,-6,-38,15,39,-33,handClose
6,0,1,-4,-30,9,-5,41,-15,30,-10,-16,3,44,17,-52,handClose
5,-13,-4,3,27,4,-15,5,11,3,15,23,23,39,0,-52,handClose
-18,-6,-6,-5,-36,-13,47,32,-6,11,-1,-7,-11,-32,-34,-6,handClose
-6,-1,0,-4,8,7,20,9,-6,-4,-6,1,-4,15,106,16,handThumbsUp
-8,4,-4,-11,-11,-14,22,25,2,-1,-22,10,-22,22,127,39,handThumbsUp
-22,5,-5,-17,-8,17,-19,-54,23,8,11,15,16,15,0,30,handThumbsUp
37,19,-5,16,27,23,-12,105,-9,-1,1,-7,44,40,-85,-60,handThumbsUp
-6,-17,-16,-6,0,-5,-26,-18,-2,-4,-4,-7,-19,-7,-18,-21,handThumbsUp
-20,-8,17,3,-12,13,20,-60,-1,-15,1,3,-18,-12,66,105,handThumbsUp
9,12,-1,-5,-2,-13,9,-57,-9,-7,-4,-3,2,-19,-82,-20,handThumbsUp
-21,-6,-4,-7,6,-13,106,-41,26,-8,-35,-13,29,-1,-19,62,handThumbsUp
69,49,12,24,31,27,-22,127,3,6,6,-11,-30,-13,19,105,handThumbsUp
19,12,6,6,22,62,88,33,10,20,1,4,-1,-5,69,35,handThumbsUp
6,-3,-13,-13,-35,-1,-14,-32,-4,-3,-7,1,4,-13,15,-9,handThumbsUp
-4,12,30,-2,6,-12,-5,49,-1,-10,2,6,-13,-2,-110,10,handThumbsUp
-5,-11,-11,5,-4,-32,-27,-40,-36,-15,1,-11,2,10,51,-73,handThumbsUp
-13,9,5,0,-8,-14,-24,-49,-22,-1,-12,-28,-46,-46,-44,18,handThumbsUp
-2,-10,-9,-19,-8,-12,-28,-1,17,-4,21,29,7,-10,-66,6,handThumbsUp
-4,-14,-16,0,-6,-9,43,1,-3,-12,-12,-16,-11,0,-9,35,handThumbsUp
-8,0,7,5,6,-2,-18,1,24,6,9,14,28,13,34,46,handThumbsUp
12,-2,-14,15,-1,-8,0,-64,7,1,5,4,20,14,97,-27,handThumbsUp
5,0,-8,9,32,10,-14,20,-5,-1,-13,3,-17,-7,49,34,handThumbsUp
-29,-14,3,2,8,-10,-10,-43,18,10,26,27,42,8,-68,-5,handThumbsUp
21,7,12,7,5,11,-53,85,-12,-5,-5,-24,-3,0,-36,29,handThumbsUp
-5,-2,-4,8,-3,-5,-2,4,-48,-35,-16,-31,-72,-47,25,-93,handThumbsUp
-17,-12,-12,-21,-14,-1,33,-4,46,30,5,4,16,6,-13,65,handThumbsUp
-29,-23,-6,-17,-39,-20,-40,25,-17,-23,-7,-16,-2,-10,93,4,handThumbsUp
-9,12,2,7,-9,-33,28,-116,2,8,1,21,44,4,-14,9,handThumbsUp
5,10,32,2,8,10,-13,7,54,25,34,19,18,5,12,11,handThumbsUp
5,16,8,1,15,49,92,38,15,8,-1,6,21,31,82,62,handThumbsUp
-3,8,-3,22,32,8,-45,-75,-14,-17,5,-15,-13,-14,-22,-4,handThumbsUp
33,6,-6,3,27,11,78,127,25,9,3,2,25,27,-53,83,handThumbsUp
9,-8,1,4,0,-7,4,62,-7,-6,-8,-12,-34,-45,-120,3,handThumbsUp
-12,-3,-7,5,10,-20,-35,-16,17,8,2,-6,-8,49,35,-8,handThumbsUp
-13,13,5,-9,0,8,25,-30,-7,-17,-12,-10,5,-13,-8,3,handThumbsUp
-1,-3,-8,15,-6,-15,-4,17,-34,-21,-10,-24,-37,-27,-14,-16,handThumbsUp
40,31,17,25,26,44,-5,53,24,5,1,12,-3,11,17,80,handThumbsUp
-14,1,14,-6,4,-7,-30,-70,5,8,6,4,17,17,57,9,handThumbsUp
-12,-13,-12,-12,4,14,-46,51,7,-10,-13,-10,-4,-22,-34,69,handThumbsUp
2,-7,-1,15,34,45,45,-128,-25,-20,-11,2,-11,2,-1,-41,handThumbsUp
2,-7,6,31,42,46,-54,-38,-11,28,23,-14,-29,0,14,-3,handThumbsUp
-12,-4,-20,-7,16,10,31,-53,-18,-10,-8,-17,-17,-33,-57,-60,handThumbsUp
-6,0,-26,-13,-25,8,37,-2,-18,-19,-17,-10,14,20,110,-28,handThumbsUp
-1,10,31,4,-3,-4,-14,1,27,27,21,-4,-33,-83,-77,62,handThumbsUp
-9,0,-10,-4,25,40,-12,31,-5,-14,-14,-1,6,-1,-39,30,handThumbsUp
-9,-16,-15,9,4,16,-57,-34,-14,1,-2,-14,-18,-14,11,-90,handThumbsUp
-25,14,14,-11,-18,-12,-57,-78,2,-5,-3,-1,12,30,37,8,handThumbsUp
33,15,5,22,25,-14,17,122,7,6,4,4,-11,9,-10,-47,handThumbsUp
17,18,25,4,-17,3,84,18,14,1,1,5,16,25,25,70,handThumbsUp
0,14,10,6,21,7,5,-1,-4,-6,-14,-1,3,4,-5,-11,handThumbsUp
22,-7,-12,-10,4,13,58,97,-29,-5,-3,12,13,33,30,-86,handThumbsUp
15,31,3,3,-10,-20,-60,0,-29,-27,-28,-13,-6,-13,-25,-72,handThumbsUp
-10,1,8,15,1,5,-38,-35,-3,-5,-2,2,9,4,5,4,handThumbsUp
-14,-17,-11,-7,-10,-13,-23,13,-10,-4,-11,2,29,19,14,-7,handThumbsUp
-8,-9,13,24,-3,-37,45,-13,-3,0,-13,-7,-18,24,35,6,handThumbsUp
26,25,-4,4,-26,-17,-41,71,-7,6,18,3,-9,4,22,-44,handThumbsUp
-18,-5,-21,-8,-6,24,104,6,0,-13,-1,-4,-26,-19,-5,31,handThumbsUp
56,26,40,22,48,-6,-95,56,-20,-10,-19,-10,-7,9,-14,-88,handThumbsUp
-9,-15,-4,-6,-15,5,-17,-13,2,1,3,-6,3,-13,-16,21,handThumbsUp
-12,-33,-18,-23,-17,-10,-18,-48,0,12,5,19,34,65,97,-37,handThumbsUp
35,19,5,17,24,18,35,89,4,-5,0,-4,-10,-49,-47,-46,handThumbsUp
-14,23,13,-8,6,18,127,-10,-11,-16,-15,-6,12,26,-31,-5,handThumbsUp
19,16,-1,9,-18,-23,-27,16,1,-6,8,3,14,15,2,-57,handThumbsUp
-57,-38,-11,-11,-15,-33,26,-128,0,2,-7,10,29,27,18,33,handThumbsUp
42,38,28,0,14,57,100,106,-10,-25,-16,-14,-10,-16,-21,34,handThumbsUp
29,-11,-2,-18,-28,-43,-68,56,-24,-30,-17,-23,-10,8,-12,-21,handThumbsUp
5,5,-7,2,19,21,28,21,-14,8,-33,-1,14,-7,29,-14,handThumbsUp
3,-9,-36,-20,-13,-22,-38,-7,-5,2,19,-6,-24,-14,-45,-16,handThumbsUp
3,-6,-15,1,17,14,20,-17,-26,-25,-32,-14,-51,-80,-64,118,handThumbsUp
-8,1,8,-12,-23,-6,22,-77,49,21,33,11,13,3,-39,127,handThumbsUp
-9,-13,-8,-11,5,-20,-62,17,-8,6,-10,8,4,21,-15,-88,handThumbsUp
-20,-33,-24,4,5,-2,33,13,15,6,4,-7,13,11,26,6,handThumbsUp
-25,-21,-24,-20,-51,-60,-37,-58,-6,23,50,5,-8,2,37,-29,handThumbsUp
19,0,-31,5,-15,-11,4,81,9,-8,-5,-3,24,14,-98,37,handThumbsUp
-13,2,-15,-44,-18,-30,-21,-16,-31,-29,-26,-40,-67,-91,-79,52,handThumbsUp
1,-3,-18,33,-13,-40,-87,-12,23,5,10,20,38,26,25,38,handThumbsUp
17,10,10,2,12,-5,26,22,-6,-27,-41,17,-19,-10,-26,37,handThumbsUp
12,2,15,-31,10,3,75,29,-9,0,15,-9,12,19,-59,-10,handThumbsUp
-10,-9,-2,-9,7,6,25,-20,21,42,6,46,29,9,1,7,handThumbsUp
-18,-31,-14,10,22,23,44,-51,0,-15,-8,-16,-27,-17,-6,8,handThumbsUp
2,17,28,5,-2,4,18,52,0,-3,4,1,-17,-28,-18,-31,handThumbsUp
17,23,13,38,2,4,22,-50,-4,-3,15,8,1,-7,0,-3,handThumbsUp
21,22,6,27,-13,18,-46,127,-33,-23,-46,-23,-40,-1,14,26,handThumbsUp
10,18,11,-2,2,2,-18,-48,0,-8,-7,14,13,-24,-47,-45,handThumbsUp
1,19,42,-15,17,33,33,-39,14,-9,-4,-7,6,16,15,44,handThumbsUp
-28,-9,-15,13,6,22,-19,-52,-8,7,6,-19,-5,-2,50,11,handThumbsUp
-6,-11,-1,-24,-10,-11,-26,-11,-25,-7,-19,-22,-23,1,-104,-97,handThumbsUp
-14,-26,-22,-5,15,-19,-17,13,9,5,12,7,11,20,13,0,handThumbsUp
-31,-45,-8,-10,-32,-34,57,-3,-3,3,1,6,-19,7,-15,-23,handThumbsUp
36,36,-21,-6,2,-17,-77,60,-40,-19,-11,-11,-18,6,-124,-72,handThumbsUp
11,41,7,4,10,-16,-30,-66,-23,-45,-33,-21,-44,-15,102,-99,handThumbsUp
-14,-21,-14,-12,-13,-27,-33,-21,49,-6,2,-10,-13,17,-79,127,handThumbsUp
-28,-34,-27,0,4,36,3,-114,-11,-28,-30,26,-6,-15,-47,-3,handThumbsUp
-20,-23,22,31,32,-17,-102,5,34,31,-3,-7,15,32,19,83,handThumbsUp
13,8,15,6,47,85,42,-20,11,12,-13,35,16,78,5,-3,handThumbsUp
4,-11,-23,-7,-7,-2,-4,28,-24,-12,-11,4,-14,-45,-15,57,handThumbsUp
-15,10,14,-15,2,5,-14,34,2,6,7,8,28,13,31,-52,handThumbsUp
-58,-47,-49,-16,-8,8,-73,-35,10,-6,-24,44,14,37,15,51,handThumbsUp
19,-5,-11,-16,15,20,45,46,-22,-45,6,-15,-9,1,-26,10,handThumbsUp
24,7,18,-3,-49,-1,-28,38,-43,7,-54,-38,-20,-8,-88,-48,handThumbsUp
-7,3,12,1,18,-18,74,53,27,13,28,22,-23,8,-7,8,handThumbsUp
-60,-61,-43,-56,-83,-73,-128,-33,-44,-19,-40,-23,-44,-67,-28,-38,handThumbsUp
37,20,-12,-7,-9,12,22,127,15,27,39,21,34,13,-52,-115,handThumbsUp
-10,-9,-17,-3,-1,-8,-24,-48,-22,-55,-16,-40,-21,-11,89,120,handThumbsUp
-23,-16,-31,-24,-24,-29,-30,-49,-22,1,-12,7,-10,73,14,-31,handThumbsUp
-39,4,50,-3,14,-23,0,-128,45,26,26,22,34,-4,-54,-4,handThumbsUp
2,0,8,4,31,-1,25,-34,-12,-14,-19,-31,-52,-45,46,11,handThumbsUp
0,-2,0,0,-5,3,2,-3,-3,8,0,-21,-6,-2,-2,0,handOk
-2,-1,-1,-1,-6,-4,-2,-2,2,4,26,62,9,6,1,2,handOk
-2,1,-1,9,5,1,-1,0,-2,-7,-38,-61,-13,-5,1,-5,handOk
-5,-1,3,6,-3,-6,-3,-3,1,7,23,38,0,-5,-4,0,handOk
0,3,-1,2,1,1,0,0,2,-1,-6,-10,5,0,-2,0,handOk
1,1,-2,0,-2,1,-4,-1,3,3,19,25,0,-2,-1,-4,handOk
0,-7,-18,-34,-5,1,1,1,-1,-1,-20,-37,7,-6,-1,-2,handOk
1,-1,-7,8,-3,0,0,-3,0,3,19,15,17,8,4,3,handOk
-1,0,-1,-10,11,4,-2,1,-4,-7,-6,-4,-6,-7,-3,1,handOk
-1,-3,1,-6,-5,3,1,-4,1,9,36,-11,-5,-4,-4,-3,handOk
0,0,-16,-7,-5,-3,-2,-1,0,-3,1,-1,1,-2,3,1,handOk
-2,1,33,30,-1,-3,0,-1,-3,-1,-15,-7,5,2,-4,-2,handOk
-1,-6,-10,-7,-4,0,0,-2,-5,-3,-10,-3,7,3,-2,2,handOk
-2,-2,-10,-37,-5,-3,-3,-4,1,-3,-5,4,-4,-2,-3,-1,handOk
-2,-1,-8,-1,-2,-2,-1,-1,-3,0,-3,0,-3,1,-2,0,handOk
0,-1,0,-7,5,9,1,-4,-3,-2,2,7,3,1,0,0,handOk
-3,-2,7,24,16,-3,-3,-3,1,-2,-1,-26,-11,-8,-3,-6,handOk
-1,-2,-4,-27,-6,-2,0,2,-4,1,-2,21,8,-2,-1,-2,handOk
2,3,21,18,1,1,0,1,3,3,5,-7,4,0,-2,1,handOk
6,1,8,38,4,3,3,1,-2,-3,-13,17,1,4,0,-2,handOk
-2,-4,-12,-23,-3,-1,-3,-2,-5,-6,-30,-85,-9,-4,-3,-3,handOk
0,-3,-8,-4,2,2,0,1,4,6,6,23,-1,-5,-2,1,handOk
-2,-4,-4,-3,-2,-1,0,0,-3,-5,-19,-4,-3,-4,0,-4,handOk
0,-6,-14,-3,-3,0,2,2,-5,0,8,7,5,9,1,1,handOk
-3,3,3,-27,-13,-11,-6,-4,1,1,12,2,-2,-12,-9,-2,handOk
-2,-3,-23,-25,-4,-1,1,0,2,-1,9,2,-1,2,0,0,handOk
-1,-1,-15,-27,-3,-2,-1,-1,-2,-1,0,7,-1,3,-3,-1,handOk
0,-5,-4,-10,-14,-6,-4,-1,-3,-2,-9,17,3,2,1,-2,handOk
1,-3,-10,-19,-3,-6,-4,-1,-4,1,3,-17,0,-4,-1,-2,handOk
-3,-2,1,26,11,1,3,-1,0,-3,-3,-10,4,5,0,2,handOk
2,8,20,14,-16,-4,0,-1,-4,-4,-17,-28,-1,-4,-1,-2,handOk
-1,-3,3,38,3,-3,1,0,-1,-2,-3,-6,-12,-1,-1,-1,handOk
-3,-4,-5,-9,-9,-13,-6,-5,2,-2,-2,22,24,-1,-2,0,handOk
-4,3,5,20,2,0,-3,1,-2,-7,-2,-39,-18,-13,-6,-3,handOk
3,10,1,-12,-6,-1,1,-1,-5,-6,-5,-4,1,5,0,4,handOk
0,-2,-8,2,9,-2,2,2,1,0,-22,-4,11,3,1,1,handOk
-1,-5,-7,1,-9,-4,-1,-1,0,2,35,28,-6,-5,-1,3,handOk
3,0,-5,3,-1,7,-1,0,-1,-4,-3,-5,-2,-3,-2,0,handOk
-4,-1,-6,-16,-4,-2,0,-6,0,-1,0,15,6,0,-1,0,handOk
0,5,22,4,2,1,-1,0,-1,0,0,4,-12,-3,-2,-2,handOk
-1,-3,-6,-9,0,-2,0,2,-4,-1,-10,-29,-9,-3,-5,-1,handOk
3,-2,5,-1,-8,-3,0,-2,4,1,3,32,5,3,2,0,handOk
0,0,1,8,3,2,2,2,-5,-5,-9,-30,-2,-4,-1,-1,handOk
1,-3,-8,-3,1,-1,-1,2,0,0,-4,-5,-5,-2,-4,1,handOk
0,6,15,8,11,3,-1,-2,-3,-4,0,-1,-10,-8,-4,-2,handOk
1,2,4,11,15,-6,-3,-2,-5,-6,-19,-7,-12,-6,-4,-5,handOk
-1,-3,-3,-6,-7,-2,4,-1,-1,1,3,-3,-1,1,0,-4,handOk
2,3,38,36,11,1,3,3,1,-3,2,45,-8,1,2,0,handOk
2,-4,-7,-30,-19,-7,-3,0,-2,3,-13,-39,4,0,1,-2,handOk
1,-8,-27,-25,-1,8,5,3,0,-3,-7,1,12,5,0,-2,handOk
-2,2,13,1,-15,-7,-5,-3,2,4,18,46,6,4,1,2,handOk
1,2,7,14,6,2,1,-2,-5,-5,-9,-7,0,-5,-3,-2,handOk
-3,-3,-10,-13,-6,-5,-1,-4,-1,-2,-16,-29,-14,-4,-2,2,handOk
-2,-2,-5,7,-4,1,-2,-2,1,-7,-14,-23,3,-1,0,-3,handOk
1,-1,-13,-7,-5,-3,0,0,-2,2,-1,14,0,-3,-1,2,handOk
-1,-5,-9,-15,6,-3,0,-2,-3,1,16,-7,-9,-4,-3,-3,handOk
-3,-3,1,3,-16,-3,-2,0,0,-7,-6,13,-10,-2,0,-1,handOk
1,-5,-9,0,-4,-1,-4,-2,-3,0,3,-24,-1,4,2,-5,handOk
1,2,0,3,-6,3,-1,1,-4,-5,-1,9,6,-2,-2,-4,handOk
3,3,3,8,0,0,1,1,-1,2,7,3,-9,-1,-2,0,handOk
-2,-6,-8,-36,-5,1,0,-3,0,0,-1,-7,3,-6,-5,-3,handOk
0,2,15,37,20,5,-1,2,-3,0,-1,2,1,-3,-1,1,handOk
-2,-2,-2,4,-7,-4,-2,-2,1,0,-3,13,-5,2,2,0,handOk
0,2,15,23,-1,-4,-1,-1,1,2,9,-35,-10,-3,-2,0,handOk
1,-1,1,-20,-2,-5,-4,-1,-1,-4,-16,-12,-3,1,-2,-2,handOk
-1,-2,-13,-13,-3,-4,2,-3,0,-2,-4,2,-1,-2,-4,1,handOk
-1,-4,-3,3,5,7,3,-3,-2,3,-1,2,-3,0,-5,-1,handOk
-2,-4,-8,-2,6,6,2,5,-1,-7,-8,13,3,4,1,0,handOk
-2,-2,-4,-17,-18,-9,-2,-1,1,2,25,16,5,-2,-2,-1,handOk
2,-1,0,-8,1,-1,-3,1,2,-2,-12,-3,2,1,2,-1,handOk
1,3,7,12,3,1,2,2,-8,2,21,6,-4,-8,-6,-3,handOk
-2,0,8,-10,5,2,-1,-4,-3,-3,-6,-20,-21,-8,-2,0,handOk
3,-1,5,-6,-3,2,0,1,-1,-11,-31,28,0,-1,-1,0,handOk
-1,-9,-8,-6,-1,-2,-1,3,-2,1,5,-21,0,-8,-4,-2,handOk
4,6,11,23,8,8,3,3,-6,-9,-19,35,-16,-1,-1,-3,handOk
0,-2,-8,-9,-3,-3,-1,4,-2,6,4,-27,7,2,-1,-3,handOk
1,-3,-1,3,-6,-2,-1,-4,2,-3,-5,-23,-10,-4,2,-1,handOk
0,-2,2,-8,-2,2,2,3,5,10,53,31,9,3,-1,0,handOk
1,-3,-28,-13,0,4,3,1,-3,-6,-6,1,-1,-2,0,-1,handOk
-1,-2,-19,-30,-5,-3,1,-1,1,1,-3,-4,-3,2,-1,-2,handOk
-2,0,0,11,3,1,-1,0,-3,-1,3,10,-2,-3,-3,-3,handOk
-4,1,8,-18,-9,-4,-1,-2,-1,1,-10,4,0,-4,0,-2,handOk
0,-4,-3,3,8,0,-3,-2,-1,4,14,-5,0,-1,-1,0,handOk
2,2,2,11,2,0,-1,1,-1,2,-1,1,5,7,1,4,handOk
-4,-3,-12,-24,2,-5,-7,-4,-6,-9,-5,0,9,5,1,-3,handOk
3,-1,-4,-17,-12,-1,0,0,5,7,16,4,2,6,6,6,handOk
-6,-3,-1,-2,-4,-6,3,-7,-1,2,-11,-38,-7,-3,-3,0,handOk
-6,-5,-7,4,-7,-8,-6,-4,1,-1,14,16,4,-1,1,2,handOk
5,1,-6,-16,-1,-2,-3,4,1,0,-9,2,-1,5,-1,3,handOk
0,-2,-2,-12,2,-1,0,-2,-3,1,15,7,-2,0,1,3,handOk
-2,-3,1,22,3,0,-3,0,-1,0,1,8,-1,2,-1,-1,handOk
-3,-4,-12,-41,-9,-4,3,-2,1,-3,-5,8,-1,-2,-3,2,handOk
-2,4,6,-10,1,0,1,1,-1,-3,10,25,1,-9,-11,-4,handOk
1,0,3,33,5,-1,3,-2,0,3,24,11,9,0,-1,-3,handOk
-2,-6,-20,-1,-5,-3,0,-1,-2,-1,0,1,6,0,-3,1,handOk
1,-1,0,4,-4,-3,-4,2,1,-7,-9,3,-9,-4,2,2,handOk
0,-1,-14,-11,-7,-4,-2,1,-4,-5,-2,-17,5,6,1,-4,handOk
-2,-1,11,12,11,5,0,-5,1,1,-16,8,1,2,2,3,handOk
-2,1,13,-8,5,2,2,-4,1,4,37,30,15,1,0,0,handOk
0,-1,4,17,4,4,0,-1,-7,-8,-13,-27,-6,-4,-4,-6,handOk
-3,-4,5,11,1,4,0,-1,-3,-3,-2,1,-8,-1,-4,1,handOk
-4,-5,-9,-9,-12,-12,-6,-1,-5,0,0,-3,2,-1,2,-3,handOk
-1,3,0,-1,2,0,1,0,2,1,11,25,-3,-1,-1,1,handOk
-1,-2,4,11,0,3,2,-2,-4,-4,-23,-46,-5,-7,-3,-4,handOk
0,3,-2,-1,0,-3,-9,-2,-1,-1,-2,-4,0,0,-5,-1,handRelax
-1,-1,-3,6,-3,-2,1,1,2,-1,-2,2,0,0,-2,-2,handRelax
0,0,1,-13,0,0,-1,1,-2,0,-3,-1,3,4,-3,-2,handRelax
-1,-2,-11,-10,-1,1,-1,-1,-2,-1,0,-1,-2,0,1,0,handRelax
1,0,9,1,-3,0,1,-3,2,0,-1,-1,-4,-1,3,3,handRelax
-2,0,-5,-3,-3,0,-3,-1,-2,-1,0,2,3,0,2,-2,handRelax
-3,-4,-3,2,1,-2,1,0,-1,-5,-1,1,0,1,0,-3,handRelax
-1,-3,0,-2,-3,-1,1,1,1,-2,-3,0,-7,-1,3,1,handRelax
0,1,2,1,1,0,1,-1,-1,3,0,5,1,3,-1,-3,handRelax
-2,0,-3,-4,-2,1,-1,-1,-3,-1,0,3,-2,2,-1,2,handRelax
0,-2,-3,-3,-3,-4,1,0,1,3,0,-9,-2,-2,1,0,handRelax
1,1,-8,3,1,-2,-4,2,-2,1,-4,0,-4,-1,2,-1,handRelax
-3,-3,5,3,-4,-2,-4,1,-3,-5,-8,-8,1,-4,-2,-3,handRelax
3,0,1,8,2,0,2,0,-1,-2,-2,-3,-1,1,1,-1,handRelax
-1,1,2,1,-2,2,-3,-3,1,-1,0,-1,-1,0,-3,0,handRelax
-1,-2,1,2,0,-2,-2,0,1,-3,1,-5,1,2,0,1,handRelax
2,-2,-2,-2,0,-4,0,1,1,0,1,2,-4,-2,0,0,handRelax
-1,0,2,-1,-1,-2,-1,-3,-2,0,0,1,1,0,-2,-1,handRelax
-3,0,0,-1,-3,1,0,-3,-4,-2,-1,3,0,1,0,-1,handRelax
-2,0,-1,-2,-1,0,3,1,2,-1,5,6,-1,1,1,0,handRelax
1,-2,1,1,0,-2,-1,-1,1,-3,0,1,1,2,-2,-3,handRelax
1,0,-4,-7,-8,0,-1,-2,0,-2,-1,2,-1,-2,2,-3,handRelax
-3,-3,3,-1,-6,-3,-3,1,0,1,-1,-1,-1,-1,-1,-1,handRelax
-3,-1,-2,1,-3,-3,-3,-2,-2,-1,-1,1,0,0,-1,-4,handRelax
-1,1,-3,1,-2,-2,1,1,-2,-6,-3,-2,-1,1,2,2,handRelax
2,4,-1,1,-2,0,-2,1,1,0,0,-3,0,1,-1,-2,handRelax
-2,1,0,0,-2,0,-2,0,-4,-3,0,-4,1,2,-2,1,handRelax
0,-2,-2,-4,0,1,1,-3,-2,-4,-3,-1,1,0,0,-1,handRelax
1,-4,-2,1,3,0,0,-3,4,4,1,-1,-1,0,-2,-3,handRelax
-4,1,-3,-3,-6,-5,0,-2,1,0,0,13,-1,2,2,0,handRelax
1,0,0,-1,-2,-2,3,-1,-2,1,0,-1,1,-2,0,-1,handRelax
-2,1,-4,-5,0,-1,-2,-1,-1,1,-1,-10,0,-1,-1,1,handRelax
-1,-3,3,5,-3,-1,-2,-2,-3,-2,-4,-1,-2,-2,-2,0,handRelax
-1,0,-1,1,-3,-3,1,-1,-1,2,1,-1,-3,-1,-3,1,handRelax
2,-1,0,5,-2,-1,-4,-3,-4,-4,-3,-4,1,-2,-3,-1,handRelax
2,2,-1,2,0,0,0,1,0,0,-1,-1,1,2,-1,-2,handRelax
0,-1,2,-3,-10,-1,-1,-1,-2,0,3,4,1,0,-3,0,handRelax
-1,-1,-1,-2,1,1,-4,0,1,-3,-1,-1,-1,0,-2,1,handRelax
1,-1,-1,-5,-3,-1,-1,-1,1,-4,-1,2,0,-2,2,-2,handRelax
-2,-2,-2,2,-2,-2,-2,1,0,2,0,1,-3,3,-1,-2,handRelax
1,0,0,-4,-3,0,-1,0,-1,1,0,-2,-2,-1,-1,-1,handRelax
-3,-1,4,2,-1,0,1,-2,1,-2,-2,-8,-1,-1,-2,1,handRelax
1,1,-1,-1,8,2,-1,-3,1,-2,-1,4,-3,-4,-4,-3,handRelax
-2,0,0,-3,-4,-5,0,1,0,-2,1,0,-2,-1,-2,-1,handRelax
-1,-3,-1,6,2,0,3,1,-2,-8,-1,-5,-2,-3,1,2,handRelax
-1,0,1,-1,-1,-1,-1,-2,0,4,0,3,-3,-2,-2,0,handRelax
1,0,0,1,0,-1,-2,2,-2,-4,-1,-1,1,0,1,-1,handRelax
-3,-1,-1,2,2,-2,1,1,1,1,0,-1,3,0,2,-3,handRelax
-3,-3,0,0,1,-1,-1,-1,0,0,-1,0,0,-1,0,-1,handRelax
-1,4,1,2,2,2,-3,0,0,2,1,1,-3,-2,1,0,handRelax
-2,0,-5,-4,0,0,-2,-4,-2,2,0,-1,1,-1,-3,0,handRelax
-1,-1,-1,-2,-1,-1,-1,0,1,-3,-2,0,1,0,-2,0,handRelax
1,-2,1,-4,2,0,0,-2,-1,-1,0,1,-1,-3,1,-1,handRelax
2,-1,-1,-3,-3,-1,2,0,-1,-1,-1,-1,1,-1,-2,0,handRelax
-1,-2,-1,0,0,0,-2,-2,0,1,0,-3,2,1,-1,1,handRelax
0,0,0,-1,3,-1,0,1,2,-1,-2,-6,-1,-3,2,-3,handRelax
-4,-1,-3,-1,1,1,2,-1,0,0,2,6,0,1,-2,-2,handRelax
0,-1,0,-3,-2,-1,0,-1,-2,1,1,-3,2,0,0,-2,handRelax
1,-3,-5,-3,-1,0,0,-1,-3,2,-1,0,1,-2,1,-2,handRelax
-1,0,-1,-5,-2,1,0,0,-1,0,1,2,-1,0,-1,-3,handRelax
1,-3,-1,1,-2,0,0,-1,-2,-1,-1,2,-2,-1,-3,2,handRelax
0,-1,-3,0,-2,2,1,0,-1,0,-1,2,2,-5,1,1,handRelax
-1,0,-2,1,-3,-2,0,0,-2,-2,-3,-1,-2,0,-3,0,handRelax
0,-2,-3,-4,-3,-3,0,-2,0,0,1,0,1,-1,-2,-1,handRelax
1,-1,-1,-1,-3,-2,0,-2,0,1,0,-3,-1,0,2,-2,handRelax
-1,0,0,0,-3,2,-3,1,-4,-1,-1,-3,-2,-5,0,-5,handRelax
-1,-2,0,1,-1,0,0,2,-2,0,-1,-3,-2,-2,1,1,handRelax
1,-4,0,-1,-6,0,0,-4,-1,-2,0,-1,3,0,-2,2,handRelax
0,1,-1,2,0,0,-1,1,-2,-1,0,1,1,-5,1,-4,handRelax
2,-1,-3,-5,0,1,0,-2,1,1,-2,-1,-3,0,1,0,handRelax
0,-1,-2,0,5,-4,-2,2,1,1,2,-2,2,0,-1,0,handRelax
1,-1,1,1,1,-2,0,1,-1,-2,0,-5,1,-1,-1,1,handRelax
0,-1,0,4,-1,-1,1,0,0,-1,-3,0,0,-2,1,0,handRelax
-1,1,-2,1,-3,-3,-3,2,1,-2,2,2,3,-2,-5,-2,handRelax
-1,-4,2,-1,-2,-2,-1,-1,0,-2,0,0,-2,-4,-3,-3,handRelax
0,0,1,0,-3,2,0,0,0,-5,1,-4,3,-1,1,-2,handRelax
1,-1,-2,-3,-1,1,-3,0,-3,1,3,1,-6,-3,1,-4,handRelax
-1,0,-4,0,-5,-1,-3,-1,-2,0,-6,-8,-1,-1,0,-2,handRelax
-3,-1,-2,0,1,-3,-1,-1,0,-1,0,2,-2,0,-1,-2,handRelax
1,1,2,-1,-6,-4,-3,-3,-3,-2,-2,1,1,-2,-3,-2,handRelax
0,-4,3,2,3,0,0,0,0,-2,-2,-1,1,-1,0,-1,handRelax
1,-6,-1,-2,-4,0,-2,0,-2,0,-3,-4,-3,-1,0,-2,handRelax
1,0,0,-4,-2,1,0,0,-4,1,-3,-2,-1,-2,-4,1,handRelax
1,2,0,3,16,3,2,1,2,2,4,4,0,1,0,-1,handRelax
0,-3,1,-2,-1,-2,-1,-1,-2,-2,-2,-1,0,-3,2,-3,handRelax
-1,-4,-3,0,0,0,-3,1,-1,-3,-3,-1,4,-1,-3,0,handRelax
1,2,-3,0,0,2,2,-1,-1,3,-4,-4,-3,0,2,-1,handRelax
1,-2,-2,0,0,0,0,-3,-5,1,1,-4,-2,1,1,1,handRelax
1,2,1,1,-1,-2,-3,0,-3,-1,2,-4,-2,-1,-3,0,handRelax
1,-3,-5,-8,0,-2,-1,0,1,-1,-1,0,1,0,-1,-1,handRelax
0,-3,-2,1,2,0,-2,-2,-1,-1,1,0,1,-2,-1,-1,handRelax
-2,-3,-1,1,0,-2,0,-1,-4,0,1,1,3,-3,-1,-2,handRelax
-3,-1,-1,1,-1,-2,0,-1,-4,-4,-1,-1,2,1,2,1,handRelax
1,1,0,2,-1,0,-1,0,-1,2,0,-2,2,0,-1,-2,handRelax
-1,-1,-1,-1,-2,-1,-4,-2,0,-1,-2,-4,-3,0,-3,0,handRelax
0,-1,0,-1,3,1,0,1,-2,-3,-1,-3,0,-2,1,1,handRelax
0,-1,0,0,0,0,2,3,0,-2,-3,1,4,1,2,0,handRelax
-2,0,1,1,-2,-1,-2,-2,1,-1,-1,-1,-4,0,-1,-1,handRelax
-1,-2,-3,-8,0,0,3,-2,0,0,0,0,0,-2,1,1,handRelax
-1,-1,-1,-4,-1,1,-1,0,1,0,-1,-3,-2,0,3,0,handRelax
-4,-1,-2,-3,-4,-1,-1,-2,-1,-1,-4,-1,2,-2,0,0,handRelax
1,1,-1,0,2,1,1,-1,3,-4,1,-1,0,2,1,-1,handRelax
1,-2,2,-2,1,-3,-2,0,-1,1,-1,-2,-2,-3,-2,-3,handRelax
2,2,-3,-3,-3,1,0,1,-2,-3,-3,-2,-2,0,-1,0,handRelax
0,-3,1,1,1,0,1,-4,0,0,-1,1,-2,-1,1,-1,handRelax
0,-2,3,-2,1,-2,-4,-2,0,2,0,2,1,0,-1,0,handRelax
-12,1,-7,-1,11,-1,-14,-12,-12,-11,-12,-14,-26,-39,19,24,handClose
-15,-13,-16,-14,-20,-22,1,65,-13,8,2,2,5,3,-4,-65,handClose
24,22,17,11,2,-1,-67,-112,-6,-5,-1,-3,-13,11,44,-20,handClose
-6,-5,-5,1,8,2,66,15,14,6,4,-3,-11,-24,-55,43,handClose
-12,-3,2,-4,16,-9,-48,-106,5,-3,2,-2,-8,-1,83,53,handClose
-11,-6,-1,0,13,2,30,-4,-30,-7,-6,-6,-35,-34,28,5,handClose
-20,-8,-4,-3,-12,-5,-96,-4,13,8,12,25,41,24,-19,-52,handClose
-16,-13,-7,-6,3,-6,-57,-50,7,11,1,-2,-13,8,36,-8,handClose
2,-1,-1,-10,-14,-9,-36,-25,2,6,-2,0,14,-2,-10,-8,handClose
-8,-14,-2,-4,8,-3,-88,-24,9,1,3,5,4,-1,10,21,handClose
5,16,4,1,-12,12,37,-82,-6,-1,-1,6,10,57,59,50,handClose
-24,-24,-9,-11,-1,-8,-30,-58,3,-5,-2,-1,-7,16,-14,72,handClose
0,-1,1,9,-4,12,2,60,13,10,13,16,28,22,106,32,handClose
-4,-14,1,1,18,11,38,13,-27,-8,-3,-5,-14,-3,28,-66,handClose
-5,8,-3,-7,-7,-6,-45,-90,10,5,3,-3,8,-22,-44,-51,handClose
-5,-12,-7,-7,-12,-1,6,68,13,6,7,12,13,-14,-63,23,handClose
6,6,2,11,21,23,54,0,-9,-12,-11,-9,0,-31,-10,0,handClose
-4,11,-3,-3,-9,-6,5,7,-10,-2,-5,-9,-9,1,31,-1,handClose
8,6,12,9,-30,-32,-114,35,12,-4,8,7,19,2,-37,7,handClose
0,0,-6,-9,-14,-25,82,25,-1,-7,-10,-17,-21,-4,-100,16,handClose
10,8,12,11,34,51,36,6,21,10,-4,-4,10,2,37,42,handClose
-7,7,-10,-9,29,-4,42,-4,-25,-17,-8,-2,15,41,45,-21,handClose
5,1,1,6,-15,-42,-78,32,28,19,9,12,19,0,-13,1,handClose
-18,-9,1,7,5,-13,-36,-84,-39,-27,-21,-13,-1,30,-32,-43,handClose
-48,-13,-7,-19,-29,16,127,-128,-11,-6,7,5,-3,11,-56,-128,handClose
-7,-2,-5,-6,9,-6,-49,-61,43,0,9,8,-17,11,92,74,handClose
-7,8,1,-1,9,8,4,-58,12,20,-1,0,2,17,-39,-78,handClose
-13,3,-9,-10,8,14,-96,-75,-12,-9,-5,-3,-1,-20,-6,-32,handClose
13,6,7,5,-12,-38,-22,-8,-10,-1,4,16,31,-28,-80,-37,handClose
-19,-2,-7,-1,17,17,-57,-32,5,-5,-3,-13,-7,-2,-9,11,handClose
3,-3,2,6,24,57,-2,-4,-4,-10,-5,5,-2,-22,-60,46,handClose
-26,-19,-13,-10,-12,-36,-17,4,19,9,8,6,-2,19,53,93,handClose
47,28,19,14,10,30,34,-112,-12,-17,-14,-10,-6,10,-39,-3,handClose
-2,-6,0,-1,15,18,-28,-1,-7,-8,-12,-4,15,38,117,74,handClose
-24,-6,-12,-11,-5,17,-79,-71,-4,0,-8,-15,-50,-38,-87,47,handClose
-20,-4,6,1,-10,27,113,-115,-7,-5,4,15,-8,-3,45,4,handClose
-17,-15,-3,-7,12,-2,4,-90,-13,-13,-4,0,14,-25,-41,-65,handClose
-1,1,-2,17,30,-24,7,10,-1,9,-1,-1,8,-53,18,32,handClose
-4,9,-9,-5,-12,-22,-2,32,19,24,18,11,17,33,53,-10,handClose
-1,1,-3,-3,-13,-4,-5,-44,4,0,3,5,-30,4,-10,2,handClose
7,4,1,-2,-25,-26,-25,-48,-19,-27,-12,-20,-21,-30,-50,-3,handClose
-19,-7,-4,2,16,-5,-58,-11,-35,-16,-12,-15,-34,-74,-60,-52,handClose
-32,-17,-13,-13,-10,-13,-64,-128,18,-1,5,12,34,49,-62,-7,handClose
15,8,1,8,-28,-32,64,92,19,3,4,10,6,44,2,-29,handClose
20,1,5,7,-9,24,-119,-38,1,-1,-2,-4,0,-7,2,4,handClose
-3,20,10,14,42,72,54,-95,-10,-14,-15,-20,-7,-2,-32,-23,handClose
14,-6,1,1,-15,-10,1,68,4,-7,-2,-10,-14,-13,-21,16,handClose
9,-10,5,3,1,-2,34,8,-7,-6,-4,-8,-7,-19,-51,-30,handClose
-1,16,2,7,0,-10,-52,-24,-30,-5,-11,-7,-1,19,-80,-55,handClose
-20,-5,-5,11,20,18,43,-110,-11,-11,-9,-3,-9,-34,91,30,handClose
-16,-9,-15,-13,-10,9,-60,-12,-15,-2,3,-10,-23,-67,-110,1,handClose
25,1,2,11,51,30,19,95,56,27,21,17,-5,-1,-62,73,handClose
-13,-17,-2,-12,-21,-13,2,-35,1,-10,0,-2,0,-12,-3,52,handClose
-4,5,-8,-10,2,0,-90,-8,-23,-5,-16,-12,-27,-40,34,-59,handClose
-4,-2,4,7,28,9,-35,-63,11,-1,-1,-9,-37,-41,-42,12,handClose
-6,-5,-9,-9,-12,-24,0,-19,-11,-2,2,12,33,7,21,-50,handClose
7,-2,-10,-6,26,93,7,107,22,-2,2,-5,-2,17,-20,83,handClose
21,8,5,8,23,56,-30,77,-7,0,1,0,-4,52,-100,-14,handClose
0,2,5,-1,-45,-4,-9,-20,-12,1,1,2,-3,14,56,-30,handClose
-27,-15,-9,-10,-4,-34,26,-24,7,-19,-5,-3,-3,15,26,53,handClose
6,0,-4,-1,-9,53,27,42,-5,15,-9,-21,-37,-59,46,5,handClose
-24,10,-2,7,24,43,-4,-47,11,-6,0,3,13,26,8,60,handClose
-13,2,-7,-11,-40,2,-40,10,-26,-8,-6,-16,-26,-66,-15,-128,handClose
-36,-42,-24,-23,-25,-13,-73,-126,6,18,0,14,47,85,127,-20,handClose
-30,-17,-16,-27,-49,-95,-118,54,5,-16,1,-22,-42,-25,-25,25,handClose
43,53,7,11,-46,-36,-74,-19,87,44,28,30,31,68,127,127,handClose
21,1,-13,-22,10,55,-128,127,9,-7,-6,-11,6,-5,-63,29,handClose
-10,-24,-10,3,16,-2,-42,-106,-29,-16,-1,12,-19,-9,1,-54,handClose
-22,-5,8,-3,-7,68,6,-128,-43,-25,-9,2,45,42,127,-19,handClose
-2,3,17,24,27,52,-7,-128,-28,-19,-6,2,13,-20,53,-67,handClose
-10,-2,2,-6,-17,-41,87,21,-11,-3,-5,-9,-10,-19,127,-27,handClose
-6,12,-5,-20,-5,15,127,127,-2,6,16,21,21,65,-4,72,handClose
5,39,18,7,62,39,-49,50,-16,-1,3,-1,-17,8,31,-120,handClose
-15,10,-4,-7,-34,-33,-106,-63,59,30,13,5,-26,3,120,80,handClose
-62,-25,-22,-17,-5,-82,68,-62,-21,-17,-6,-20,-4,-17,62,-46,handClose
70,59,28,17,-14,-83,-128,-7,-10,-8,5,32,89,39,35,-60,handClose
37,-20,2,13,55,84,-24,127,-21,-37,-16,7,30,14,13,-50,handClose
25,-24,1,-13,-11,105,-92,33,-56,-7,-29,-20,-67,-106,127,-26,handClose
-2,-19,-14,8,39,14,124,63,0,-28,-26,-44,-86,-128,-128,127,handClose
-28,16,-9,-10,-38,-23,-45,-33,81,18,21,20,39,32,-75,127,handClose
-3,-26,-18,-18,7,111,-71,-114,-71,-56,-45,-46,-60,-107,-128,62,handClose
127,97,91,93,59,53,-32,39,22,12,-8,3,56,5,18,116,handClose
-16,-6,2,29,97,97,127,-35,-22,-28,0,1,-33,-7,-26,38,handClose
-10,-4,-18,-19,-34,-40,28,24,-11,11,-8,-12,-10,7,-35,-43,handClose
-33,20,-5,-11,3,-1,-128,-41,-92,-37,-28,-36,-5,-33,127,-76,handClose
-23,-6,-8,-19,-32,13,4,-46,13,-31,4,4,3,7,5,64,handClose
5,0,2,10,-5,-1,12,41,-7,-3,-20,-10,26,-23,-96,-28,handClose
-50,-35,-20,-37,-34,-7,84,-22,47,13,12,22,39,51,54,76,handClose
-10,-24,2,6,9,-23,53,-128,-24,-23,-9,-4,1,1,12,-52,handClose
1,-2,-16,-9,11,-13,94,99,-24,45,-19,-25,-60,-100,-75,-32,handClose
-18,-10,-2,8,20,20,-128,19,84,27,34,30,20,-39,-128,-3,handClose
24,23,15,13,25,26,44,-128,8,-24,-3,20,9,-2,69,116,handClose
6,-1,-2,3,3,-54,103,74,-7,17,-11,-21,-47,-26,-47,-83,handClose
-74,-54,-28,-35,-24,-128,-128,-128,-12,5,17,15,-31,-39,-100,-101,handClose
59,29,19,16,-7,90,77,18,-4,-1,3,14,22,9,-35,-46,handClose
-15,6,-12,-13,12,26,-23,-67,0,16,-2,-22,-52,29,43,-50,handClose
-11,-13,-5,-9,-21,61,59,115,-8,-3,-6,-8,4,-21,-128,44,handClose
-1,0,-5,-12,-13,-11,115,32,39,32,13,5,9,-12,-123,-6,handClose
15,22,20,24,17,-33,-125,-55,1,0,8,17,6,29,73,110,handClose
-39,-15,-14,-20,-3,-17,-29,-110,-19,-11,-12,-1,33,33,109,66,handClose
51,24,19,13,-12,-11,35,127,17,5,10,10,16,6,6,-38,handClose
-12,-23,-22,-19,15,-15,23,22,-33,-24,-14,-19,-50,-39,51,-70,handClose
-2,-15,-4,-8,-17,-10,-27,62,1,14,8,1,-13,-28,4,-17,handClose
-46,-18,-23,-24,-46,15,-43,-128,-26,26,-5,-15,-13,-1,32,-128,handClose
-47,-20,-16,-18,-24,-4,-7,-71,52,39,26,33,45,9,-46,-81,handClose
34,15,15,-1,17,-36,-59,30,17,13,21,15,49,88,46,-19,handClose
3,17,16,-2,3,38,30,-25,-11,-12,-7,5,2,-19,-25,-21,handThumbsUp
-1,-7,4,-8,-37,7,10,-30,13,0,-25,15,11,13,17,36,handThumbsUp
-15,-5,6,-5,-10,-15,0,11,-19,-16,27,-13,-21,-14,-12,-27,handThumbsUp
-4,3,-2,14,19,2,60,5,8,-10,-28,-15,-17,-14,16,-19,handThumbsUp
38,22,21,19,10,-42,-40,16,-14,37,11,11,-8,-13,30,-57,handThumbsUp
8,6,4,-2,4,2,0,-79,-37,-11,14,6,28,21,-114,-128,handThumbsUp
7,1,16,-2,5,10,12,3,13,1,3,-3,-2,20,117,-11,handThumbsUp
-21,-20,-29,-10,-28,-39,-39,9,12,8,-16,1,20,35,6,-33,handThumbsUp
-19,-2,-1,-5,7,39,28,-50,13,0,0,-7,11,13,-4,24,handThumbsUp
10,-9,1,-6,-14,-37,-82,86,-21,-10,5,12,9,8,-36,-52,handThumbsUp
-6,13,0,-11,15,20,16,-100,-26,-20,-16,-13,-17,-21,40,12,handThumbsUp
-5,-11,11,-11,1,-8,1,37,27,9,8,4,18,24,11,99,handThumbsUp
18,4,-1,-2,-33,-24,2,106,-6,10,-12,-15,13,-11,-38,-47,handThumbsUp
-7,1,26,16,-27,-38,-19,-61,0,-11,-5,11,6,-30,-41,36,handThumbsUp
-1,-4,-3,-11,4,-21,-11,25,-14,-22,-10,-10,-15,34,18,-28,handThumbsUp
-26,-13,-13,-26,-17,1,22,-58,17,28,34,-6,0,-3,25,-32,handThumbsUp
22,14,16,13,2,12,-27,69,-21,-25,-30,-21,-13,-24,-6,-20,handThumbsUp
-6,-7,-6,6,-3,4,-15,-4,-8,-12,-32,-28,-21,20,16,-31,handThumbsUp
-6,2,-12,-18,-13,-7,5,21,10,16,14,13,5,-10,-17,-22,handThumbsUp
2,-6,9,2,18,6,-40,-23,3,-3,1,-9,0,-8,-8,12,handThumbsUp
36,26,6,2,2,-28,-66,23,-22,17,16,48,1,20,55,-40,handThumbsUp
-9,-11,2,-1,-13,3,58,-20,-6,0,-10,-17,-5,0,30,-7,handThumbsUp
13,6,5,0,5,-11,-11,1,20,6,13,16,-2,3,10,86,handThumbsUp
-14,-17,-9,-5,4,-10,-18,31,-3,-2,-6,15,-2,-14,-11,34,handThumbsUp
1,-7,-35,-28,-5,2,15,4,-18,-20,-8,-11,-26,-19,-16,-11,handThumbsUp
-12,1,-26,-11,3,19,4,-41,-14,-5,7,-12,-24,-32,5,0,handThumbsUp
1,3,2,10,3,-4,-4,13,18,4,4,-3,6,-18,-20,54,handThumbsUp
-2,3,1,-9,-10,19,80,-49,5,11,18,31,-3,-11,-14,-48,handThumbsUp
-25,-4,-3,0,-9,-8,15,-27,-13,-12,-21,-21,8,24,12,-21,handThumbsUp
17,5,-22,2,2,6,44,86,23,8,-16,-10,1,1,-26,53,handThumbsUp
-2,-7,0,-6,12,9,3,52,-9,-1,6,1,-8,3,0,4,handThumbsUp
-24,-12,11,6,-7,1,7,-117,-23,-14,-1,-8,-1,-1,19,-38,handThumbsUp
-3,-14,-3,13,10,10,16,-10,-1,4,3,11,13,8,-13,-3,handThumbsUp
7,4,-17,-18,-16,-20,-28,18,-5,-8,-8,14,19,30,25,-10,handThumbsUp
-5,6,10,-4,15,21,9,-49,6,7,15,-7,-2,-26,-45,5,handThumbsUp
-4,-10,-28,-18,-16,-20,11,5,3,-6,-11,-11,-5,24,28,58,handThumbsUp
-8,4,7,-3,-11,-2,-10,-8,27,7,3,9,9,-13,-45,30,handThumbsUp
-7,-9,-7,-7,-4,-7,45,39,18,8,-8,4,25,10,-5,28,handThumbsUp
7,5,2,-8,10,4,-32,19,10,11,1,8,-13,11,66,25,handThumbsUp
-18,-4,-1,2,-5,19,73,7,13,9,26,31,6,-4,-13,18,handThumbsUp
-18,-27,-22,-17,3,-16,-59,-38,-4,8,-7,5,-20,8,4,27,handThumbsUp
19,24,9,1,14,24,67,57,-12,8,-5,-8,-4,-3,-1,-99,handThumbsUp
-3,4,18,15,-2,7,15,-6,-10,-8,-8,-9,-16,-1,-67,29,handThumbsUp
-10,-23,-2,1,-5,-10,-22,78,9,-6,13,25,19,-10,-44,-40,handThumbsUp
-2,9,14,-5,-16,-18,25,-10,-5,-3,-40,-16,-5,5,-17,-1,handThumbsUp
19,6,16,20,16,26,32,32,4,22,-14,-1,3,-3,82,66,handThumbsUp
-6,1,5,6,9,1,4,-13,20,-3,-1,-10,-41,-48,-3,41,handThumbsUp
-11,0,0,-15,-5,-9,-43,-85,5,-2,0,-3,13,11,-57,20,handThumbsUp
-4,16,1,-11,10,-8,-30,-120,-6,-13,4,28,33,17,39,8,handThumbsUp
0,-3,-5,-3,-21,9,25,-23,-3,-12,-5,-4,-4,-13,-5,10,handThumbsUp
-5,-2,-12,-3,4,5,4,25,1,2,3,-7,-8,-18,42,-13,handThumbsUp
-1,1,-5,-14,-11,0,8,-2,23,11,5,-6,-6,5,18,127,handThumbsUp
5,-6,-15,34,16,18,53,69,-15,-2,15,9,8,8,15,-47,handThumbsUp
10,11,-10,-13,7,0,-46,40,-14,5,-28,-29,-3,16,33,-57,handThumbsUp
-4,-5,30,13,-8,-16,-32,-47,1,-9,2,6,6,1,16,14,handThumbsUp
5,0,26,25,3,3,14,11,0,5,8,-2,-1,-17,-32,-12,handThumbsUp
-7,15,5,-4,-1,5,-33,-30,-7,-10,9,0,-10,19,29,0,handThumbsUp
0,-1,15,5,8,23,26,-57,-17,-15,-8,7,-11,3,-13,-78,handThumbsUp
-6,2,-19,10,17,-42,-81,-32,-3,-16,-2,-17,0,-8,7,19,handThumbsUp
4,-2,7,5,32,39,-34,10,-14,2,0,-13,-23,3,-53,-32,handThumbsUp
16,5,-6,-5,7,0,-14,3,-2,3,-13,4,-6,-13,32,-19,handThumbsUp
-7,-4,-3,2,0,18,57,31,10,4,-5,-2,18,28,30,44,handThumbsUp
-25,-18,-8,-24,-2,-19,-45,-76,-12,1,12,15,-9,5,29,-6,handThumbsUp
15,11,22,4,20,27,3,-78,-2,-5,-4,-12,0,-15,-28,-10,handThumbsUp
20,26,20,33,14,6,10,64,-21,-9,-17,-25,-19,0,34,-79,handThumbsUp
4,4,9,-18,-7,-7,52,36,-13,-10,14,24,20,3,-25,-8,handThumbsUp
26,1,1,-2,-3,-13,-47,12,-6,6,-22,-12,7,20,2,-38,handThumbsUp
1,9,0,-2,11,-2,-26,-4,3,-2,1,11,-14,-12,8,-25,handThumbsUp
11,16,6,12,5,37,75,-5,-13,-18,2,13,-3,-10,-12,0,handThumbsUp
6,-1,10,-2,-2,-9,-40,11,-5,1,22,7,20,11,21,6,handThumbsUp
-13,-4,-14,-13,-5,-6,-15,10,-2,-4,-47,-22,-5,-1,-58,67,handThumbsUp
4,2,16,18,8,18,2,-12,-1,-1,10,-8,-23,-9,-21,4,handThumbsUp
2,14,-2,-7,28,44,112,-25,6,-5,15,8,8,21,45,-35,handThumbsUp
-9,-11,16,9,-20,-21,-38,-21,0,-4,11,20,-15,-17,5,-7,handThumbsUp
-7,-1,-7,-19,-25,-26,-20,-3,-1,0,-23,-25,-4,7,-32,99,handThumbsUp
-15,-8,-8,-26,-18,-14,-7,36,-5,-20,0,4,13,14,-22,-27,handThumbsUp
-8,-8,-4,6,-5,17,1,-11,-13,-8,-14,-5,2,-4,9,3,handThumbsUp
7,8,10,6,8,20,-41,22,8,-3,-15,-2,5,8,-2,33,handThumbsUp
1,-28,-18,10,15,21,-11,44,-11,-18,-3,-3,14,8,-19,-19,handThumbsUp
-7,8,2,-21,-33,-12,37,29,3,13,13,1,19,0,-11,7,handThumbsUp
-3,-4,-4,-6,3,6,18,19,15,9,22,26,-3,-22,-26,33,handThumbsUp
-4,-2,-34,-27,-6,2,22,-1,19,5,16,9,5,39,59,67,handThumbsUp
2,6,20,12,-8,6,4,14,10,23,1,-15,-12,-6,0,-28,handThumbsUp
-14,-6,-2,-1,-13,-32,-6,7,16,7,6,11,-6,-6,31,5,handThumbsUp
13,20,-2,5,17,-5,-38,36,-3,-15,9,-9,3,22,36,4,handThumbsUp
-9,-8,17,3,-4,-8,-3,-10,17,12,27,12,-11,-42,-41,44,handThumbsUp
-11,-12,-22,-11,1,0,-4,4,-2,-4,-13,-8,2,4,30,-23,handThumbsUp
-13,0,-1,5,8,21,42,-32,0,13,21,28,17,17,66,-52,handThumbsUp
-2,-12,-2,17,0,-6,-14,5,16,8,-7,-13,-17,-20,-41,16,handThumbsUp
-11,5,-24,-35,-18,-1,-40,-49,1,4,15,17,13,33,37,20,handThumbsUp
2,0,17,4,2,4,33,32,-22,-23,-14,-19,-28,-15,-39,-28,handThumbsUp
-7,6,-5,-11,1,-4,-23,-79,-8,-10,-3,-6,-2,13,-29,-20,handThumbsUp
-10,-6,-5,-18,-25,-19,-14,41,-3,12,-2,-11,-33,-44,-34,-62,handThumbsUp
-8,-1,2,10,3,1,32,-38,12,7,9,13,-7,-15,-48,17,handThumbsUp
1,-9,1,-7,-4,3,-1,-16,-10,0,2,4,-6,-8,51,-15,handThumbsUp
-8,-11,-18,0,15,8,-26,7,8,-19,-14,-18,9,17,13,36,handThumbsUp
8,3,7,24,43,11,3,15,-14,10,-22,7,-2,12,15,-7,handThumbsUp
5,-5,-2,-12,-10,19,26,28,-5,-3,7,19,27,36,-22,-14,handThumbsUp
5,-3,1,-2,5,-10,-19,27,6,8,16,1,9,14,6,-36,handThumbsUp
-5,-7,2,-15,-35,-19,-46,-11,-9,-8,-46,-22,-10,-6,-8,-61,handThumbsUp
-19,-7,-4,-4,6,-2,-14,-34,-3,-5,-7,-1,-7,3,2,-4,handThumbsUp
-11,-4,5,-11,-26,-7,6,-60,-1,3,5,12,9,5,8,34,handThumbsUp
-3,-5,-6,-14,-11,0,-43,-37,-6,1,28,-10,-18,-3,87,-4,handThumbsUp
-5,0,-15,-10,17,29,41,-51,21,29,-7,-1,14,-37,-100,41,handThumbsUp
-18,-13,-11,-5,-4,7,47,-36,4,-2,7,4,10,23,20,-56,handThumbsUp
11,1,-3,37,-16,-6,-7,24,8,4,-5,-28,-10,-3,-6,7,handOk
10,47,-16,-41,30,31,16,0,2,2,68,31,25,-4,-12,10,handOk
-22,-22,-2,-65,-25,-10,-5,-14,9,30,-8,-8,-24,3,21,-11,handOk
19,7,-9,26,11,3,5,8,5,-13,-71,-3,12,-4,-1,3,handOk
7,0,11,-53,13,21,10,15,11,20,29,-26,-24,-16,-21,5,handOk
-4,-1,-19,104,11,-7,-5,-3,7,10,31,21,30,8,-7,-5,handOk
2,0,-9,-28,-13,-8,-4,-3,-13,-7,26,44,-5,-3,6,-15,handOk
1,-4,-6,-28,-12,-4,-3,0,-10,-9,-85,-47,-32,-1,6,-23,handOk
5,-1,-11,12,-17,-18,-20,16,22,13,13,-11,16,-1,-11,12,handOk
-30,-23,-25,-21,-6,1,6,-27,-3,18,5,-2,7,11,12,10,handOk
19,34,28,44,23,16,3,-6,2,6,-8,-11,-29,1,6,1,handOk
17,8,19,36,10,26,41,10,7,9,17,30,15,3,-7,-7,handOk
4,4,2,-18,-4,-10,-4,-3,-14,0,12,81,17,-12,-20,4,handOk
-4,-2,-28,-48,-15,3,16,7,-8,-7,-23,-31,-25,-21,-9,-25,handOk
0,2,1,12,14,12,8,-1,17,23,68,35,29,7,3,3,handOk
2,0,-20,-21,-2,-6,2,-1,0,-12,1,37,2,-9,-2,-30,handOk
-22,-5,-25,-25,-8,-5,-5,-6,-6,0,-1,-20,-6,-5,1,-12,handOk
64,10,41,8,-7,-1,-8,18,-12,-6,-20,-36,-44,-13,-3,-8,handOk
11,2,-5,0,-5,17,5,18,-2,-15,-40,-128,-32,-24,-26,-13,handOk
21,-15,-79,-68,-22,-2,-4,-11,17,70,61,99,45,30,24,55,handOk
-3,7,50,11,25,3,0,6,-26,28,31,45,-3,6,0,-26,handOk
0,3,-19,15,-4,-7,-7,0,-2,4,15,3,-9,-5,-5,-13,handOk
-1,2,34,-18,-3,1,-1,-2,0,-2,-21,-14,15,3,-6,3,handOk
6,-1,-7,-44,-32,-11,-9,-6,1,2,0,-22,-11,11,2,11,handOk
-11,-25,-126,-26,-16,-4,-11,1,-4,-7,-1,24,-3,-6,-2,-4,handOk
5,34,127,33,-7,-17,-8,-1,18,-2,-69,-25,-31,-13,-8,-2,handOk
-9,-8,-7,23,-6,1,6,-7,-7,-9,8,41,10,9,12,-9,handOk
-15,-18,-44,20,2,-7,-10,10,-4,-13,-71,4,14,-11,3,-3,handOk
-12,-13,-15,36,-15,5,1,-22,33,44,127,42,11,25,8,23,handOk
22,23,9,-5,-30,-10,-14,8,-5,0,10,9,8,-1,-2,-6,handOk
-25,-38,-7,-9,-10,-16,-23,-16,2,0,-33,-20,3,-7,-1,4,handOk
3,0,-4,-16,26,4,2,-1,5,4,-49,-37,-4,3,-2,3,handOk
-20,3,-11,-24,25,5,4,-23,37,24,125,25,-19,-18,-8,4,handOk
52,0,6,56,8,3,6,17,-9,-5,-16,-40,6,6,21,0,handOk
-4,-10,-9,-42,-11,-5,-10,-17,3,10,-1,8,-10,-9,-15,-5,handOk
5,3,-17,-33,-24,-6,0,16,1,-1,-13,-15,-23,-9,-5,2,handOk
-3,-5,-10,0,5,-1,-5,-10,-8,-3,15,57,15,6,9,-32,handOk
1,-2,-20,-5,8,10,10,-1,4,-31,-39,-3,28,4,-16,2,handOk
8,8,41,-24,-11,-11,0,2,-28,-49,-5,37,12,11,10,-8,handOk
16,15,27,33,8,7,11,-10,18,10,-13,-34,-29,-21,-30,43,handOk
-32,-11,43,28,7,8,-9,-1,-4,1,1,14,15,23,29,-10,handOk
4,-2,-33,4,12,-5,5,6,3,7,-8,-21,-13,-3,-3,0,handOk
-5,-11,-27,-80,-37,-12,10,-5,-5,-11,-15,20,-3,9,31,-7,handOk
-33,-49,-55,-128,-33,-19,-10,0,17,13,52,25,21,-3,-5,4,handOk
2,6,-19,41,16,23,9,2,11,14,21,77,20,0,2,10,handOk
-6,7,33,36,22,-4,-22,-3,15,23,-1,-20,-16,-1,12,5,handOk
13,-1,-1,-10,11,2,-12,2,-12,-6,-5,2,9,2,7,-9,handOk
19,42,-21,6,19,-2,-12,24,-6,-3,1,25,5,-3,-12,-2,handOk
-15,-23,-15,-14,-6,1,6,-14,5,4,16,-8,-9,-1,-5,-5,handOk
4,23,56,10,-7,-2,-10,-4,-25,-28,-16,-62,20,1,-20,-12,handOk
22,7,-7,17,-6,-10,-12,11,2,-5,-12,-16,-7,1,10,5,handOk
3,-6,-30,-4,1,-3,-7,7,7,11,7,-44,-9,-9,-11,2,handOk
-10,6,41,15,-12,-3,4,-14,2,1,1,78,6,-2,-3,-1,handOk
14,-3,-10,19,-2,0,8,1,-1,12,-21,-57,-7,3,9,0,handOk
3,-1,5,-22,-23,-9,-16,4,0,-1,10,-3,-5,-9,-22,10,handOk
12,8,-10,22,4,17,9,13,-1,-4,8,-18,-1,4,2,-1,handOk
-11,8,45,7,-6,-2,0,-11,-20,8,-3,87,35,-10,-7,-17,handOk
17,24,17,-7,18,2,-7,6,-3,3,1,-44,13,18,7,-4,handOk
-33,-61,-24,4,-18,-7,15,-22,-31,13,6,42,9,13,8,10,handOk
-1,12,71,11,13,21,34,3,59,7,-6,-4,-6,2,15,12,handOk
-6,-5,-23,-27,-5,-2,-12,3,-13,-19,-44,39,-27,-37,-33,-3,handOk
-6,0,-3,-7,15,2,-1,-3,-18,-10,-9,-29,-8,-2,6,-36,handOk
-7,-7,-10,18,-16,-12,1,-5,-12,-3,1,-4,-19,-1,-4,-3,handOk
17,15,-24,-10,18,15,10,-15,27,6,-27,-41,2,0,4,2,handOk
-55,-69,8,19,-2,-6,1,-13,-65,-56,4,12,-14,-8,-3,-28,handOk
-4,-6,6,86,-13,-3,3,-5,9,23,102,-43,-32,1,7,5,handOk
-2,-13,-61,-36,28,2,-9,-13,18,24,2,20,-10,8,4,11,handOk
-6,-4,-6,-20,-11,-5,-6,-13,-31,-73,-31,12,36,-1,1,-10,handOk
-5,-15,-53,-44,-12,-9,-7,7,8,5,-11,-43,-32,-11,-9,17,handOk
-5,15,27,-10,3,5,4,-6,-4,0,7,33,7,3,-5,10,handOk
-10,-1,3,-8,-13,-12,-14,-1,-24,-15,-9,6,-12,3,8,-17,handOk
17,24,36,103,21,6,1,18,4,5,0,-16,18,20,27,-13,handOk
-3,-22,-55,-38,-2,-16,-20,-2,-7,-1,-7,-65,5,-1,-11,5,handOk
-34,-28,90,62,17,7,0,0,5,3,-30,12,28,12,5,5,handOk
6,23,-8,-41,-1,6,3,-6,9,4,5,31,1,1,-8,12,handOk
-7,-1,20,25,-2,0,7,-20,1,-6,-20,-9,-3,2,8,2,handOk
1,-2,-2,5,13,2,1,-9,1,0,5,1,-9,-5,-5,16,handOk
9,10,6,11,9,18,6,5,2,9,8,56,2,-10,-23,4,handOk
-3,7,-26,-26,25,14,9,3,10,8,1,-3,9,12,11,10,handOk
19,-1,-11,23,-22,-14,-2,7,-10,-5,-32,-105,-14,-9,-13,-18,handOk
23,12,8,15,-17,-18,-19,3,-20,-12,-10,-54,-28,3,7,2,handOk
-50,-8,-18,-27,-10,16,12,-3,1,8,5,1,10,-1,-3,-4,handOk
-2,0,-17,-39,-4,-4,-8,1,5,-9,-45,-39,-10,-8,-9,12,handOk
-20,-4,62,30,-1,-6,9,2,1,17,63,33,4,5,6,-22,handOk
2,-2,-20,-36,12,4,-6,-2,22,0,-52,-12,15,4,-5,13,handOk
1,-10,-47,3,-7,-7,3,6,-1,3,4,7,6,6,-19,-2,handOk
6,10,14,-3,-6,-8,-10,-4,-7,-1,-18,-4,-17,-8,7,1,handOk
-13,-4,19,-16,-43,-18,-29,-15,-13,0,0,-9,-7,4,4,17,handOk
-2,5,-17,-48,7,13,13,11,13,25,1,-30,-11,-14,-8,10,handOk
2,8,9,29,-5,1,8,-11,-8,-10,-45,-61,-12,5,6,-3,handOk
4,17,18,99,35,-8,-12,5,4,7,-22,2,-14,-8,-8,16,handOk
1,1,14,54,17,9,0,6,-6,4,78,-55,-9,-7,5,-18,handOk
2,1,-32,-39,1,-1,-4,11,1,1,12,74,15,6,3,0,handOk
-3,-6,-12,-47,-4,-2,-4,-5,8,15,10,13,-3,1,1,14,handOk
-6,-13,-24,-22,-5,-11,-7,-2,-3,-14,7,-29,30,12,11,-5,handOk
3,-2,-22,-15,0,-3,-7,2,22,27,83,35,22,4,5,-3,handOk
8,23,-17,-24,1,3,-7,1,-10,-8,36,-9,-22,-9,2,-4,handOk
-5,3,15,69,0,-5,-1,13,-6,-8,-33,-43,5,-3,-7,1,handOk
10,4,-20,-37,6,26,22,-5,0,6,16,15,-5,-10,1,-9,handOk
-4,-2,5,31,9,-1,0,-9,0,4,13,4,2,1,-4,-2,handOk
4,10,-9,-10,-2,21,31,5,-2,9,-7,-5,8,7,10,-16,handOk
-22,-10,-2,-51,-21,-13,-20,-1,-1,4,32,13,5,0,-5,0,handOk
-1,-17,-9,29,-14,-14,-22,-2,-3,1,-20,-16,-17,-17,-18,6,handOk
4,22,-24,-75,-21,3,9,5,-3,2,15,9,19,16,10,-6,handOk
0,-2,0,2,1,0,3,0,-1,0,-3,3,4,2,1,-1,handRelax
-1,-1,-3,-3,0,-2,0,-2,-1,-1,0,-19,-3,0,-1,-1,handRelax
-5,-4,-3,5,9,4,2,-3,0,1,2,1,-4,-5,-5,-3,handRelax
1,-2,0,1,0,-1,-4,3,0,4,5,2,1,1,2,-3,handRelax
1,-1,0,0,-2,-2,-2,0,2,0,-2,-2,-3,-3,-2,1,handRelax
-2,-2,2,0,0,-2,2,1,-3,-3,-5,-6,1,-4,-4,-1,handRelax
0,1,3,3,-1,0,-3,0,0,-2,-5,-3,-3,3,1,-4,handRelax
3,3,0,0,1,0,1,2,-1,2,-1,0,2,0,1,2,handRelax
-3,-3,-5,-9,-1,-2,1,1,-1,2,5,7,-1,-2,0,0,handRelax
0,0,0,-7,-3,-4,-3,-1,-3,-4,-8,-3,3,3,3,-2,handRelax
-2,1,4,11,1,-2,3,-1,-4,-2,-1,-2,-3,-2,0,0,handRelax
-2,-3,-2,-4,-3,0,0,0,0,1,3,-2,-12,-4,-3,-2,handRelax
0,-4,-7,-7,-1,-3,-5,-4,0,0,0,-1,-3,-1,-1,-3,handRelax
-3,-4,-2,3,1,-2,-1,-3,-1,0,1,-2,3,3,-1,0,handRelax
-1,1,4,7,-2,0,-3,0,-1,1,-1,2,-1,-1,-2,-3,handRelax
2,-3,-5,-21,-4,0,-3,1,-1,0,2,0,-4,-3,-1,-2,handRelax
2,-4,-12,-19,3,1,1,0,1,-3,-1,-1,-2,2,-3,-4,handRelax
-2,-5,-6,-2,-11,-3,-2,-2,-2,-1,3,3,-2,2,0,0,handRelax
-3,-1,-1,4,0,-2,2,-1,1,-1,-2,5,1,4,1,-3,handRelax
-2,1,1,-2,-5,-2,-1,0,-2,0,3,4,12,1,0,0,handRelax
-1,-3,1,4,-4,0,0,1,-2,-3,-9,-21,-4,-3,-3,-2,handRelax
1,0,2,-5,-1,-3,1,-2,2,2,16,41,9,4,-2,-2,handRelax
3,-1,2,-6,-1,0,2,-3,-4,0,-4,-2,-2,1,-4,-3,handRelax
-3,-1,0,-4,-2,0,-5,1,1,0,-1,6,-2,-4,1,-1,handRelax
-2,2,1,-5,2,1,3,1,-1,-3,-2,0,0,1,-4,-4,handRelax
-1,-5,0,0,3,0,-2,-3,-2,1,1,-5,-2,-2,-1,1,handRelax
0,0,-2,-6,1,0,-1,0,0,0,-1,7,1,-3,0,2,handRelax
-3,-4,1,8,3,-1,3,-1,-1,-1,-4,-1,-1,1,-4,-2,handRelax
-1,2,-5,-14,-8,-6,1,-3,0,-4,-4,2,-1,0,0,-3,handRelax
-3,1,7,-9,5,3,3,3,-1,-4,1,4,1,-2,-1,0,handRelax
2,-3,-8,-3,-5,-6,-4,-4,0,-2,0,12,-5,2,-1,-4,handRelax
-3,-1,-6,-13,-3,0,1,1,-3,-3,-1,-5,-9,-5,-3,1,handRelax
-2,0,4,20,1,-3,-3,0,2,0,-2,4,-2,3,0,1,handRelax
-1,-3,-4,0,-2,-2,3,-1,-2,-1,-5,-1,-1,0,0,1,handRelax
-2,-2,-7,-12,-4,0,-3,0,-1,0,-3,-3,0,0,-2,4,handRelax
-5,0,-3,1,-2,1,-1,-2,-3,-1,1,10,1,0,2,0,handRelax
-1,0,-1,-5,-2,-3,0,0,1,1,4,-2,2,2,-2,1,handRelax
-1,0,4,4,-2,0,-3,0,-3,-2,-7,-6,0,-2,1,1,handRelax
0,1,1,1,8,-1,0,-1,2,-1,-2,-1,-2,0,-1,0,handRelax
-1,0,-1,1,-1,0,-1,0,-1,1,-2,1,-4,0,1,1,handRelax
-1,-2,-1,3,-6,0,-2,0,1,-2,1,-4,-1,-1,0,3,handRelax
-1,0,-2,15,-2,0,2,-2,-2,1,-3,-1,6,-1,-3,1,handRelax
1,0,0,-3,1,1,2,1,-3,-5,-4,1,-5,-1,-3,-2,handRelax
-1,1,1,1,-8,-1,-2,-2,-3,1,4,2,4,0,2,1,handRelax
1,-2,0,0,0,-3,1,2,-2,-3,-2,-2,-5,-4,-3,-5,handRelax
-2,0,1,-8,-4,0,1,-2,1,-2,1,0,-2,-2,-3,-1,handRelax
-1,0,-1,6,0,0,-3,0,3,1,1,2,-2,3,2,0,handRelax
0,-1,-2,-3,-2,-1,-1,2,1,1,0,-1,-6,-1,-5,-1,handRelax
1,1,-4,-1,0,-1,-1,2,0,-1,-2,-1,-1,0,2,-2,handRelax
1,0,-4,-3,-4,-1,-1,-1,0,3,2,-1,-3,-1,2,2,handRelax
1,-2,-3,-8,-3,-2,-4,1,-3,-3,-5,-7,-4,-1,-3,-3,handRelax
-3,0,-3,5,-3,-2,-2,-2,-1,-6,3,15,-7,-3,-2,-3,handRelax
1,0,-2,-2,-1,-1,0,0,-2,-4,-8,-16,1,0,3,0,handRelax
-3,-1,-1,-5,-3,2,0,-4,0,0,-3,-1,-2,-6,-3,-1,handRelax
-3,-2,-1,6,1,-3,-2,-1,-2,3,1,-4,0,2,-3,-1,handRelax
1,0,-3,-5,1,-1,0,1,1,2,-1,-3,-5,-3,1,-1,handRelax
-1,0,-1,-4,0,-2,-3,0,-2,0,-1,-1,2,-3,0,2,handRelax
-2,-4,1,1,0,-1,1,0,-2,-4,-5,-1,1,0,-1,0,handRelax
1,-4,-3,-4,0,2,1,-2,1,-1,1,-1,3,4,2,0,handRelax
-2,-3,0,0,-2,0,-2,0,0,2,-3,-3,-4,-2,-3,-5,handRelax
-1,0,1,2,-6,-3,1,-1,-3,-2,-1,-1,-4,-2,-1,-1,handRelax
0,-1,-1,-4,1,1,0,1,2,-1,0,3,-3,1,1,-2,handRelax
-1,0,2,-6,0,-5,0,-1,-1,-1,-1,0,3,1,2,0,handRelax
0,0,-3,3,2,0,1,-4,0,0,-3,-2,-5,-3,-1,-1,handRelax
-2,2,1,10,5,-4,-6,-1,2,0,3,-8,-12,-1,0,-2,handRelax
-3,-1,1,13,4,-6,-3,0,0,-3,-4,-14,-7,-1,0,-1,handRelax
-1,-3,-8,-25,-7,1,1,2,0,-2,-2,-2,-5,1,2,1,handRelax
-1,-4,2,15,-4,-3,-3,0,1,1,1,2,5,2,-2,-2,handRelax
2,-2,-3,-7,2,3,0,3,-5,-1,-1,0,-7,-4,-2,-3,handRelax
1,2,7,7,7,2,-3,4,-1,-2,-2,1,-2,-4,2,-1,handRelax
-2,-1,-12,-4,-5,-3,-4,0,0,1,-1,-4,-2,-3,-2,-2,handRelax
1,-2,1,8,-4,-1,0,0,-1,-1,-1,8,-4,-2,-3,-1,handRelax
1,2,7,4,25,10,4,2,0,0,-2,-11,0,3,3,1,handRelax
-2,-3,1,-4,-6,4,1,-2,-4,-3,-4,2,-1,-8,-7,-4,handRelax
0,-2,-1,3,0,0,-2,0,1,1,-2,3,-6,3,1,0,handRelax
-1,-1,-2,-6,0,-2,-3,-3,-5,-5,-5,-21,-19,-11,-3,-2,handRelax
0,-1,-2,-7,1,0,-3,0,-1,2,4,30,12,-3,-2,-4,handRelax
0,-3,-1,1,-1,-1,-2,0,-1,-5,-1,-2,-3,-5,1,-1,handRelax
-5,-4,-6,-3,-3,-3,-3,1,1,0,0,8,9,1,1,-1,handRelax
-1,-1,2,3,-4,-1,2,-2,3,4,0,7,12,5,3,2,handRelax
-4,-6,-11,-13,-10,-4,2,-3,-2,-4,-7,-7,-6,-5,-5,-1,handRelax
-3,-1,5,9,1,0,-1,3,2,4,4,7,10,3,1,2,handRelax
0,-3,-2,-3,-7,-3,0,-3,-3,-6,-5,-3,3,3,-5,-2,handRelax
1,-3,-2,0,1,1,1,-4,-1,-2,-2,-3,-10,-2,2,-1,handRelax
-3,1,0,3,27,6,-3,1,-5,-4,-3,-1,-8,-2,-2,-1,handRelax
0,-3,-3,5,8,-2,0,-1,0,-2,-1,6,-4,-3,-4,-3,handRelax
-2,4,3,-4,1,-4,2,-3,-1,-4,-7,-14,-15,1,2,3,handRelax
-4,2,1,1,-2,-9,-7,-4,-2,-3,-6,-4,-7,-3,-1,-2,handRelax
-7,-2,-9,-3,-2,5,0,-3,-2,2,2,-3,-2,-2,-1,1,handRelax
0,0,-1,-2,-4,-3,-1,1,1,-4,-1,-8,-1,1,0,-2,handRelax
1,0,1,0,-3,-1,0,0,-1,1,-1,-3,-1,0,-4,-2,handRelax
2,-2,-2,-7,-2,-5,-2,-2,0,-2,-1,1,-6,0,-3,-2,handRelax
-1,-2,1,2,-1,-4,-1,-1,0,0,-7,-5,-2,-2,1,-3,handRelax
0,-1,4,12,0,1,1,0,0,3,4,6,12,5,1,-2,handRelax
0,3,-3,-25,-3,1,4,-3,0,1,1,-1,1,-1,1,1,handRelax
1,2,6,8,4,3,1,3,-2,-5,-4,-4,-4,0,0,1,handRelax
1,-3,-1,5,2,1,2,1,-1,-1,0,5,-11,-11,-9,-3,handRelax
-1,-1,0,-2,1,0,0,-2,-2,-2,-5,-14,-7,-3,0,0,handRelax
1,0,-1,-8,-7,-4,-1,0,-2,-1,0,0,-4,-5,-3,0,handRelax
-2,0,0,0,1,-1,1,-2,-4,-1,0,-2,-1,-4,-3,-1,handRelax
-2,-3,-5,4,1,0,-1,-2,-3,0,3,3,1,-5,0,-2,handRelax
2,-1,10,12,-1,0,0,2,0,3,-6,-9,-2,0,2,1,handRelax
-2,-4,-10,-15,-5,-4,-1,-3,-1,-2,0,4,0,1,-2,-2,handRelax
2,-2,-2,-7,-3,-3,1,-4,-3,-3,-3,-6,-2,-2,-2,0,handRelax
50,70,19,18,-28,-7,-65,48,-1,11,21,30,26,32,36,-17,handClose
13,4,9,3,14,25,31,-61,1,-19,8,18,18,-7,14,38,handClose
-2,1,-9,-30,-22,-15,-7,-29,0,3,12,12,-11,-41,26,-60,handClose
21,-5,1,4,23,44,11,91,-12,-11,-25,-38,-31,-72,-76,42,handClose
-49,-25,-16,-10,-32,-31,79,-118,3,14,-6,2,18,19,-48,-128,handClose
49,33,21,41,-16,-15,-44,2,27,14,9,-3,-30,4,26,47,handClose
-19,-15,-10,-20,13,12,42,-60,-54,-53,-23,-25,1,3,-76,-50,handClose
31,48,13,3,-8,10,-61,2,27,17,9,7,-10,-6,17,-67,handClose
-18,-5,5,-15,-30,-47,-19,33,0,-9,-9,13,30,7,74,43,handClose
-4,-6,-41,-50,-17,-14,-52,17,-24,9,3,5,6,102,-79,-61,handClose
-34,-15,4,14,24,17,62,-41,54,24,29,20,-1,-9,-83,-30,handClose
-15,-4,17,33,51,31,37,-36,7,-12,-11,-4,34,2,-46,5,handClose
-17,-41,-14,-4,4,-14,18,7,-7,-4,-4,-3,5,0,6,52,handClose
-21,38,2,0,34,38,76,-31,39,12,10,8,50,60,127,127,handClose
8,-1,-2,-7,-35,-70,-92,-96,-32,-24,-21,-36,-90,-63,-44,69,handClose
-13,0,-22,-36,12,127,26,87,21,21,27,22,14,-43,-128,-128,handClose
31,15,12,12,14,22,6,13,3,-3,27,71,60,48,110,-100,handClose
-4,-19,-4,-6,22,-10,20,14,-22,-6,-8,-21,-1,13,-25,-4,handClose
-20,-20,-2,5,1,3,42,-25,-19,-9,-4,-10,4,-2,39,-46,handClose
-4,-4,4,-12,-14,-16,-20,-3,23,26,22,22,1,26,33,-63,handClose
-17,-15,-12,-1,-7,-27,-26,43,18,10,-2,-11,-32,-1,10,56,handClose
-4,4,0,-9,-24,-31,-28,-71,-46,-44,-17,-27,-47,-60,-31,-29,handClose
13,-2,-9,4,20,33,7,59,61,36,17,11,6,26,6,48,handClose
-12,-8,-13,-17,6,-16,20,11,0,1,-2,-1,-19,6,-10,-17,handClose
-3,-15,3,2,-29,2,-3,23,-1,-3,4,7,26,27,-5,15,handClose
10,19,7,16,14,12,30,-13,17,26,17,8,-34,9,-49,-83,handClose
-23,-19,-10,-17,13,22,85,-5,-6,-16,-9,-9,-7,29,-37,-12,handClose
12,6,15,44,-7,19,4,3,-6,-13,-2,-5,8,-11,-10,-17,handClose
-2,-2,-3,-7,-13,21,89,21,18,3,-16,-8,27,20,33,61,handClose
-4,-4,-10,-7,-21,18,0,10,-5,-15,1,-5,1,-8,-10,96,handClose
-10,-5,6,4,-43,-42,-16,-25,-7,3,16,36,38,28,-47,-119,handClose
-12,-10,-9,-15,8,-2,-35,-22,22,29,-6,-15,-38,-5,-4,37,handClose
5,8,11,22,49,28,-2,13,-12,-15,-9,-8,-22,8,22,-30,handClose
-28,-19,-14,2,-39,-37,-47,-56,9,6,10,7,10,3,8,-29,handClose
3,-1,3,-17,-16,0,-8,28,-28,-20,-35,-24,-12,0,-21,2,handClose
-23,0,1,-12,-12,-33,-46,-107,7,2,5,3,-19,-5,-52,-57,handClose
19,4,3,16,11,44,43,41,3,-7,-8,1,5,4,-5,51,handClose
23,21,1,4,0,24,22,78,-11,-17,-16,-6,15,-8,5,57,handClose
-13,-11,-2,0,5,10,8,-14,-2,6,11,20,19,25,88,15,handClose
-6,-10,-6,-7,-27,-17,-4,1,35,26,17,15,2,37,-14,-25,handClose
-9,-10,14,23,4,11,16,-18,-5,-11,-12,-9,9,-12,-11,7,handClose
-6,11,-12,-34,-8,-7,-27,-56,2,-6,5,12,1,13,9,17,handClose
5,7,8,15,11,20,21,18,-11,-5,-10,-11,-11,-25,-85,-6,handClose
-10,-1,1,7,-2,30,3,-7,6,-13,-2,-5,-12,-31,-66,43,handClose
1,1,-5,-3,2,-5,-59,3,-8,-5,-5,-5,-3,-38,11,-74,handClose
-27,-7,-5,-1,5,3,37,-128,5,2,-5,1,7,-9,-15,8,handClose
34,-9,2,2,14,1,46,127,7,-5,9,5,-58,-27,-36,45,handClose
-16,-11,-18,-9,-11,-22,71,-6,-14,-2,-10,-4,-13,26,-16,-19,handClose
-6,2,11,22,45,67,-31,-31,-11,-12,-4,-16,21,8,-23,-54,handClose
-12,-8,-8,-4,-1,-29,28,44,4,-3,-2,14,31,16,36,66,handClose
34,39,29,12,-1,17,12,-62,-2,3,-17,-30,19,11,34,-5,handClose
15,8,2,1,9,-5,-38,-21,0,0,2,3,-5,34,125,20,handClose
-14,-10,-20,-22,7,-1,-3,-21,6,-9,-5,-2,-13,-60,-64,35,handClose
-2,9,1,-2,1,-10,36,-14,-9,38,4,0,-19,31,116,-79,handClose
-7,-18,-2,23,3,-10,-37,42,16,-4,-6,-8,6,10,68,127,handClose
1,6,-1,4,24,-8,-28,-13,34,11,11,10,22,40,14,37,handClose
-17,-14,-7,-6,-13,29,39,-34,8,-12,-6,-6,-3,-25,-45,49,handClose
-7,12,-1,16,-10,-51,-92,18,11,4,10,7,4,12,-60,-41,handClose
-3,-1,2,-13,13,41,115,-6,2,-7,-4,-4,6,13,-4,37,handClose
-2,-1,5,5,-12,-6,6,7,-13,-7,-8,-4,7,31,6,-38,handClose
-27,-6,-12,-9,-3,-47,-95,-35,24,10,1,-6,-25,-29,10,4,handClose
12,1,-6,-5,-13,7,25,5,13,21,7,26,-27,5,5,34,handClose
-10,-19,-5,-20,10,-11,-19,-59,4,2,-8,-17,13,4,-6,-8,handClose
-4,-2,-7,-6,19,-10,-82,9,-12,-6,4,6,-4,2,33,-49,handClose
23,12,13,11,-40,15,127,127,-16,-5,-1,3,-12,-31,31,-96,handClose
29,6,9,15,24,29,-51,45,-4,-3,-1,1,-3,7,12,1,handClose
-3,-10,-9,-13,-1,-11,11,22,-21,-7,-8,-12,-14,-37,-28,-47,handClose
-25,-16,-7,-9,-3,2,-26,-17,6,15,2,-14,-20,-4,1,-7,handClose
17,16,7,9,39,34,126,59,2,13,-1,8,20,9,-6,-15,handClose
1,-1,-8,-2,10,-1,-95,13,-12,-6,-2,-9,-15,-30,-50,-4,handClose
15,-4,17,13,11,23,24,57,7,1,4,14,5,-3,-26,5,handClose
4,-1,24,28,-5,0,9,3,-21,-11,-24,-23,3,-27,24,-50,handClose
4,16,-1,3,2,3,6,23,21,11,4,-1,-28,-16,12,40,handClose
5,6,-8,-31,-28,-14,-3,16,26,13,7,5,-8,-12,9,85,handClose
-14,-7,-6,-4,3,-8,1,-46,-14,-11,-14,-14,10,-21,49,20,handClose
0,9,0,11,51,11,22,40,31,23,16,23,18,9,-79,2,handClose
-9,-3,5,1,-8,-3,-10,-32,-7,-15,-2,-8,-19,2,8,12,handClose
-5,-15,-5,-2,-17,-19,-26,-6,-6,-9,3,8,1,10,41,-18,handClose
8,12,0,-1,0,-1,9,57,3,6,1,3,33,35,35,35,handClose
-3,-4,0,-3,2,-5,36,-5,6,10,1,-6,-64,-32,-80,43,handClose
-2,0,-2,2,3,-19,-37,16,8,0,3,2,0,20,-13,19,handClose
-21,-7,-3,-8,-17,13,15,-89,-1,4,-2,-5,-21,-16,7,-12,handClose
7,-1,-4,-6,1,7,16,16,5,5,13,13,-7,-7,-3,-29,handClose
7,9,4,-3,-1,-20,-10,5,-12,-10,-7,0,7,6,-4,-24,handClose
-5,-7,-12,-17,-18,-7,-8,-13,9,9,8,10,16,6,7,3,handClose
11,4,2,-4,-37,-10,3,23,-11,-4,3,0,2,8,-3,-20,handClose
2,-1,-1,-6,7,-7,-14,1,9,-1,0,6,3,1,-3,59,handClose
-4,1,-20,-24,-8,-10,-13,10,-4,1,3,10,10,5,10,-33,handClose
-1,4,9,21,17,5,33,-35,0,-10,3,-2,-16,-17,-29,-22,handClose
-2,-1,-5,-1,4,-6,-4,16,4,-2,1,1,0,3,5,26,handClose
7,4,6,4,9,8,-3,-22,-3,-6,-1,-2,2,-4,-5,-4,handClose
7,15,-3,0,0,-2,-5,4,-9,-10,-4,-3,0,2,-4,-5,handClose
9,2,3,3,-9,-4,-7,14,-9,-11,-3,-7,-17,-33,-15,-5,handClose
-6,-7,-4,-1,7,8,8,-24,22,17,14,6,-19,15,31,-27,handClose
-12,-1,-1,-1,9,0,-10,38,1,-8,-2,1,11,14,12,8,handClose
19,23,1,-9,-18,-4,-11,7,0,-5,-3,3,11,-9,-9,13,handClose
-5,0,1,-2,10,-11,-29,-10,-19,-9,-4,5,-1,-4,-1,-1,handClose
-5,-19,-5,-14,-29,-21,20,-5,4,-5,-2,0,3,-1,-8,-1,handClose
0,6,-3,1,11,-1,-6,23,-1,-5,1,3,2,-1,-7,2,handClose
3,1,-2,-2,-28,-2,10,0,2,3,1,4,11,-5,9,13,handClose
-3,-3,-1,1,8,-2,-2,-3,-5,-1,-1,4,9,19,-7,-7,handClose
-9,4,5,3,8,2,4,5,-5,-6,-4,2,9,2,-9,-10,handClose
-2,1,-1,0,-5,2,8,1,5,10,1,2,20,9,9,16,handClose
-4,-4,-2,-4,0,-8,22,4,-7,-5,-3,-4,-8,2,18,-16,handClose
8,3,1,1,3,12,11,17,-2,-8,-7,-1,-14,-5,-9,-2,handClose
-11,-15,-9,-8,-11,-19,0,-16,0,3,-2,1,1,-3,7,4,handClose
7,10,10,-30,-38,-21,35,23,10,3,-5,-11,19,53,21,27,handThumbsUp
-11,-12,-1,3,-19,-21,-31,19,-10,-15,-8,-1,-12,-13,127,3,handThumbsUp
14,24,12,14,3,-14,-6,-128,24,10,1,16,35,14,-46,63,handThumbsUp
-5,-1,1,-10,-3,17,94,35,6,16,25,40,27,-2,39,24,handThumbsUp
5,-10,-24,-25,-25,-41,-93,91,-19,-6,5,-12,13,23,-31,-106,handThumbsUp
13,13,24,-10,0,-1,18,-67,52,11,20,42,60,33,-6,91,handThumbsUp
-12,-12,-15,26,31,34,5,11,-9,7,-8,-22,-23,0,-14,-23,handThumbsUp
-7,-7,1,-7,-20,-13,12,29,-9,-10,-6,5,-13,-19,7,7,handThumbsUp
-9,-3,-4,1,14,-10,-12,-60,-25,-9,-7,-14,-7,18,-3,-13,handThumbsUp
-8,-6,-1,0,-7,-6,-43,-29,-15,-4,-2,2,6,9,127,18,handThumbsUp
36,12,15,25,31,-6,28,127,27,7,-6,-2,45,3,-57,-14,handThumbsUp
12,7,9,17,-1,8,-26,5,4,18,-7,-15,-25,-18,-31,23,handThumbsUp
4,1,3,-3,7,2,-4,-37,-6,1,-2,-1,11,3,9,-25,handThumbsUp
-35,-36,-5,2,-29,-5,50,-51,7,-5,-11,-4,-10,-13,3,90,handThumbsUp
47,29,0,11,4,24,27,127,19,23,21,-20,-4,21,-27,-11,handThumbsUp
1,13,12,-6,11,9,7,-12,-14,-10,-12,14,5,6,-3,8,handThumbsUp
-25,-16,-7,-6,0,4,19,-63,-18,-11,-14,-32,-23,-34,120,2,handThumbsUp
-2,-1,6,-8,-19,-1,7,-20,2,7,3,-20,-5,0,0,-42,handThumbsUp
-9,-5,-4,-11,-8,-6,-11,-61,-9,1,-5,12,6,-11,-16,-41,handThumbsUp
-11,-8,-5,-24,-15,0,1,15,-17,-14,-10,-16,-23,-3,0,19,handThumbsUp
17,2,-6,-7,4,-14,-40,66,13,13,16,0,-1,-31,-59,-128,handThumbsUp
6,21,18,19,35,57,127,1,-17,-22,-9,7,-34,0,-23,-5,handThumbsUp
11,6,18,-1,-7,7,-37,-101,-4,0,-7,-9,-11,-9,77,-35,handThumbsUp
9,13,0,-10,-3,-1,53,91,24,25,9,-14,-4,-44,-67,60,handThumbsUp
7,6,3,21,17,10,4,-8,7,6,0,15,-16,-7,-5,51,handThumbsUp
-17,-14,1,-10,-7,-10,38,-114,-16,-8,1,-10,-12,-36,-33,-14,handThumbsUp
8,5,10,0,26,20,7,107,-14,-10,-9,-15,-6,15,102,-30,handThumbsUp
31,19,4,11,21,33,-33,-63,7,6,7,24,-13,31,50,38,handThumbsUp
-3,-13,-10,-7,3,-1,-10,5,0,2,-13,-19,-1,6,15,27,handThumbsUp
-5,2,9,-2,2,-2,-8,-26,-13,-6,-10,6,5,8,13,-35,handThumbsUp
-19,-13,-15,-10,0,-24,-83,-35,13,6,12,4,-8,-1,21,127,handThumbsUp
11,5,5,-4,-6,26,28,-55,-16,-14,-7,-7,-2,11,-1,-5,handThumbsUp
0,5,4,3,11,10,33,22,-8,-2,9,-8,-9,-1,10,-42,handThumbsUp
22,13,6,-7,4,26,-9,2,-9,-1,0,4,-19,-20,-65,-21,handThumbsUp
-9,-7,-3,-2,10,15,38,-47,2,-2,-7,-4,14,18,7,-112,handThumbsUp
-2,-2,2,4,0,-1,-4,7,2,-9,-40,8,4,-3,8,112,handThumbsUp
-5,-1,1,10,11,6,20,-29,-22,-21,-25,-24,6,29,-128,-72,handThumbsUp
22,15,8,11,-11,-14,22,29,-18,-10,-8,-6,-1,11,127,3,handThumbsUp
-8,-4,9,11,12,14,61,-13,17,1,-3,5,-7,-24,-61,7,handThumbsUp
24,8,12,-11,-5,-15,-20,60,-10,-4,-7,4,5,-10,-27,-13,handThumbsUp
-12,-5,-15,1,-5,-16,-40,4,-14,-11,-16,-23,-4,9,67,-56,handThumbsUp
-10,-11,-18,8,-10,-11,-20,-12,-8,-15,-1,-16,-15,-11,-82,-6,handThumbsUp
-12,-4,-4,-5,-12,-19,-14,-75,-6,8,6,12,19,23,35,-26,handThumbsUp
28,15,4,7,1,4,6,56,-1,10,-5,3,2,26,127,-10,handThumbsUp
-8,-2,-1,1,16,47,123,-67,-2,0,13,11,31,48,29,-45,handThumbsUp
1,19,23,32,38,77,68,-105,4,5,6,13,33,19,27,15,handThumbsUp
-8,-10,-13,-18,-15,-19,-86,7,-7,-13,-13,-9,-25,-36,17,57,handThumbsUp
12,10,5,12,25,-15,-54,-27,-12,-8,1,-14,-19,-19,-101,-22,handThumbsUp
6,0,5,-6,-25,10,40,7,2,5,3,-7,1,-12,127,39,handThumbsUp
14,8,10,15,21,6,-24,63,7,6,5,16,4,4,20,30,handThumbsUp
-14,-9,-12,7,-22,-24,-27,6,-14,-5,2,3,-7,-16,-36,-24,handThumbsUp
0,-1,-3,-1,-17,-5,31,13,-4,-3,-14,-23,-24,-27,31,-41,handThumbsUp
10,11,3,-1,-7,-10,-55,16,-7,1,5,-2,-12,-15,-85,-5,handThumbsUp
-10,-4,4,6,-5,13,1,26,-20,-10,-8,-16,-24,-49,27,-13,handThumbsUp
-2,0,-9,-14,-5,-24,-25,-16,27,7,3,2,-14,-25,-128,32,handThumbsUp
-12,-8,-12,21,9,19,5,-7,-1,6,6,14,14,12,8,-42,handThumbsUp
13,6,5,7,11,21,18,-24,14,-6,3,-9,0,-3,-17,21,handThumbsUp
21,9,8,8,-4,1,-5,-51,-2,-5,6,3,2,-11,-59,-34,handThumbsUp
-8,-10,-7,-1,-13,-16,-22,13,-9,-9,-16,-21,-25,-58,-73,15,handThumbsUp
-20,-18,-25,-13,-19,-44,-128,32,17,14,13,23,17,12,-25,47,handThumbsUp
17,15,23,9,-2,2,-28,0,-18,-6,-5,1,18,40,50,-37,handThumbsUp
-8,-12,0,9,-6,1,65,46,-19,-6,-2,-2,5,17,49,-70,handThumbsUp
-6,-6,-7,-9,-8,-10,-37,0,6,-7,3,5,12,14,28,32,handThumbsUp
10,10,3,6,10,34,59,-12,6,4,-2,-4,9,26,76,9,handThumbsUp
0,2,4,-13,-12,-13,-69,7,6,-3,-7,2,6,0,6,19,handThumbsUp
11,-10,7,4,-18,-8,-25,5,-16,-8,-10,20,41,0,-7,-64,handThumbsUp
8,17,8,9,-2,-6,-5,18,-7,-11,-10,-4,-16,-10,11,-3,handThumbsUp
-6,0,2,-3,-4,-13,-22,2,-29,-9,7,15,-28,-53,21,-61,handThumbsUp
-12,-5,1,-8,-9,-20,5,-7,13,6,-4,-10,-11,-18,-84,-51,handThumbsUp
5,1,4,9,13,12,-29,25,-4,-7,-10,7,17,41,-20,48,handThumbsUp
2,-6,5,-2,4,6,7,3,-12,-17,-9,-18,-20,-38,-128,10,handThumbsUp
-17,-9,-8,-11,-11,-19,-82,-15,34,18,14,23,-3,23,96,89,handThumbsUp
1,4,0,-9,-16,-15,18,-12,-4,0,0,3,3,12,46,10,handThumbsUp
-4,-1,-3,-4,-8,12,109,-10,4,-4,5,-6,2,-10,-36,13,handThumbsUp
38,25,28,31,19,-14,-86,19,-13,-12,2,6,21,28,124,-24,handThumbsUp
7,5,11,13,-15,-1,0,-20,10,12,-1,-23,-19,-7,-20,3,handThumbsUp
-14,-8,-4,-12,-13,-9,16,21,-9,-7,-8,8,-9,-21,16,-20,handThumbsUp
2,-7,9,12,-4,-37,22,12,7,11,8,0,-4,-23,-15,0,handThumbsUp
17,40,17,16,19,-3,-21,-13,-17,-18,-15,-12,0,17,125,8,handThumbsUp
12,4,4,-12,-4,3,19,17,11,5,7,8,6,-2,-122,-24,handThumbsUp
-14,-13,-8,-2,4,-27,-26,-12,-12,-9,-6,9,-4,-11,-68,-1,handThumbsUp
-24,-13,-1,12,-5,-24,31,-14,9,12,27,20,-18,1,-13,3,handThumbsUp
13,-8,16,0,3,-7,-42,-19,12,13,15,-4,-4,10,-2,34,handThumbsUp
21,25,8,-2,-9,-46,-47,39,2,8,1,11,38,32,58,-16,handThumbsUp
-4,-4,-2,-1,-22,9,31,-3,8,2,0,-1,4,-9,-21,52,handThumbsUp
10,20,2,11,2,-22,8,-13,-3,-4,-3,-4,-6,-9,-46,-27,handThumbsUp
4,-2,4,0,-3,-26,13,-20,-9,-8,-12,10,18,30,94,9,handThumbsUp
2,7,-8,-1,-4,-7,33,28,12,-4,-1,7,15,21,47,54,handThumbsUp
7,0,-16,27,2,-36,-57,61,-7,-16,-4,3,-4,-15,32,22,handThumbsUp
1,-10,-6,14,2,12,56,9,7,13,7,1,9,28,19,-60,handThumbsUp
5,0,-6,6,16,16,-69,-8,-6,-8,-6,-1,-1,3,3,7,handThumbsUp
12,6,11,-8,4,-1,-2,-5,8,5,8,8,28,37,39,-36,handThumbsUp
13,8,2,8,-13,-14,-9,63,-8,0,-7,-11,-5,11,49,30,handThumbsUp
9,1,1,0,7,-1,-60,18,4,4,9,6,12,14,8,18,handThumbsUp
1,-3,5,9,7,11,38,21,1,6,-10,-9,13,26,-62,-45,handThumbsUp
12,7,5,4,17,-8,-31,0,8,7,3,2,4,-16,0,42,handThumbsUp
-1,3,-5,-3,-4,10,11,-4,3,3,10,-25,-37,-20,37,64,handThumbsUp
-11,-6,-2,1,9,9,-23,-13,-13,-2,-6,-16,-14,-5,-16,-87,handThumbsUp
20,3,3,2,-6,-11,29,63,-2,-14,-8,0,2,6,37,10,handThumbsUp
-8,-4,0,-11,-22,-21,-13,-5,-4,4,-1,0,10,0,-36,34,handThumbsUp
22,5,4,2,12,21,38,127,-11,6,-2,-5,0,19,103,-127,handThumbsUp
1,2,-1,-3,11,28,38,46,-20,-8,-16,-1,-7,-22,6,20,handThumbsUp
14,6,7,2,-8,-21,-37,38,8,6,-8,7,1,-12,-3,-65,handThumbsUp
-8,-5,-8,-6,4,1,14,-7,-3,-6,-4,-25,-31,-21,-88,5,handThumbsUp
24,23,19,1,12,1,-5,72,-3,5,6,-4,3,2,31,-7,handThumbsUp
-7,-18,-5,-4,-3,4,32,16,-4,0,3,2,-19,7,-14,-40,handThumbsUp
4,0,-6,-23,4,2,2,11,0,3,0,2,-19,-5,-5,6,handOk
-6,-3,1,-6,-5,5,2,-6,2,6,10,31,21,3,-1,3,handOk
-1,-4,-6,9,12,0,0,2,3,2,-9,-24,-43,-11,-1,0,handOk
-6,-3,-4,-24,-16,-3,2,-8,3,0,7,22,3,0,-2,1,handOk
-1,1,1,-6,-11,-5,-6,0,-2,-6,-21,-45,-2,4,8,0,handOk
2,-1,0,-3,-1,-2,0,3,1,0,-15,-16,-10,-3,-1,-3,handOk
1,2,5,-13,-26,-1,2,4,-4,-3,-19,-33,4,0,2,-6,handOk
-4,-8,-1,22,19,5,-2,1,0,-5,-7,0,5,3,-1,-1,handOk
5,-1,3,-4,-29,-15,-4,1,0,3,6,9,-8,2,3,2,handOk
-2,-3,-3,-2,-8,0,-2,2,-2,1,9,31,1,-16,-8,-4,handOk
-4,0,0,-8,-20,-5,-1,-1,0,1,-1,-22,-1,1,4,3,handOk
-2,-2,9,33,30,-2,-4,-3,0,-1,-1,7,-13,1,1,4,handOk
2,6,-11,-55,-39,-4,4,-3,-1,0,5,7,5,-5,-2,-2,handOk
5,1,3,0,2,3,5,7,0,0,4,8,-2,-1,4,-1,handOk
-6,-2,4,4,8,-3,-8,-7,-3,-3,-20,-26,-11,-6,-6,-5,handOk
-1,1,9,16,-7,-9,-7,-2,1,4,5,-6,27,8,3,0,handOk
-4,-4,3,22,-5,-10,-6,-1,-3,-1,-2,5,9,0,1,8,handOk
0,0,0,-5,-15,6,6,-1,3,5,5,7,21,9,0,5,handOk
-1,-3,3,-2,1,1,-1,-1,1,-2,-1,11,-1,5,5,1,handOk
-3,-1,-4,-8,-8,-5,-3,-5,-2,-3,-4,-1,17,-3,-2,-3,handOk
-2,-4,-6,-9,2,-2,-5,-3,0,3,5,9,10,-2,-8,2,handOk
-1,0,0,-1,-19,-5,-1,0,-1,-5,-1,-7,-22,-12,-3,0,handOk
5,5,9,0,13,11,4,-1,-1,-1,0,-3,-11,-9,-3,0,handOk
1,-6,-13,-14,-6,-1,-2,5,1,1,6,27,12,6,-2,2,handOk
-5,-5,-3,-3,1,3,4,-15,-1,-2,0,-4,6,4,-4,-4,handOk
1,-6,-11,-29,2,-4,1,4,4,3,0,-15,-20,-1,0,1,handOk
-2,0,-7,1,-2,1,-3,-6,-2,-2,-3,-10,-6,-4,0,-2,handOk
1,1,2,3,-2,-7,-2,0,-3,2,20,46,15,1,-1,-4,handOk
0,1,0,-5,10,2,0,0,-3,-3,-1,4,-3,1,-2,-1,handOk
-2,-3,-9,-29,-8,-3,-1,0,-1,-2,5,31,17,5,2,2,handOk
-3,-5,-1,16,24,0,0,0,-5,-6,-12,-40,-6,-14,-8,-3,handOk
-3,-4,-4,-5,17,0,-6,-4,0,0,5,19,5,3,-1,-3,handOk
5,2,-8,-33,-28,-8,-1,5,-3,-1,-2,-6,-1,-1,0,0,handOk
1,1,2,6,2,2,1,0,7,1,0,-17,-11,2,6,4,handOk
6,4,6,-14,-10,-2,2,5,1,-1,-9,-14,0,-1,-1,-1,handOk
-9,-10,-13,-17,0,-1,-5,-9,1,-1,5,16,-11,3,1,2,handOk
3,-2,8,39,11,3,-1,-1,-5,-7,-22,-12,4,-7,-6,-4,handOk
-1,0,1,-2,1,2,0,-1,-2,-3,0,-5,-1,-3,-1,1,handOk
1,0,-4,-23,7,4,-1,-3,-2,-2,2,8,2,-3,-1,-1,handOk
3,-1,10,11,0,7,4,3,1,-1,-13,-36,-3,0,-1,-1,handOk
7,5,-3,-7,-33,-15,-1,1,-3,1,6,43,6,1,-3,0,handOk
-3,1,7,22,11,5,-7,-3,-3,-2,2,0,1,1,2,0,handOk
-1,-7,-15,-37,-7,-6,-3,0,4,4,5,21,1,-2,-4,-1,handOk
-1,-2,-4,-7,-13,-1,-3,-4,-4,-3,5,-2,-3,1,-1,-2,handOk
3,3,8,6,9,0,-3,-3,-3,-1,9,23,-2,-4,-3,-1,handOk
0,-3,-10,-6,-6,-3,2,0,-2,-2,-4,-17,-3,2,-2,-2,handOk
2,4,-3,-10,-7,-5,-4,-1,-2,-2,-1,-1,13,-2,-3,-2,handOk
-5,-1,3,21,7,-1,-3,-2,3,4,10,10,-6,-3,-3,4,handOk
-1,-1,-6,-16,1,0,3,2,-4,-4,0,-5,8,1,-1,-3,handOk
-2,-4,5,24,-4,7,0,0,-5,-3,-6,-6,-2,0,1,-2,handOk
1,0,-1,-8,-9,-8,1,1,-2,-4,-18,-40,-16,-4,-1,-3,handOk
3,0,-2,8,3,-10,-10,-1,0,3,4,9,6,0,-2,-2,handOk
2,0,-13,-47,-8,9,5,4,-1,0,6,25,6,-6,-5,-1,handOk
-1,-4,-4,-29,-19,0,7,0,-2,-7,-6,-29,-2,-6,-4,-2,handOk
1,-3,-3,2,-2,-2,-2,-2,-1,0,-3,0,3,0,-2,0,handOk
1,4,8,12,10,2,-2,4,-4,-1,-1,6,6,-1,-1,-2,handOk
-4,-2,3,24,-1,-3,1,-2,0,-4,1,-3,-8,-2,-4,-3,handOk
0,2,3,15,0,-3,-7,-5,0,2,3,-2,5,8,6,-2,handOk
0,2,2,-14,8,-1,-1,-3,-2,-3,8,24,5,-6,-4,-5,handOk
1,-1,-6,-7,-6,-3,0,5,0,-2,-7,-8,4,-3,-6,-3,handOk
0,-3,9,8,-15,-2,1,-4,2,2,-7,-18,-12,3,3,5,handOk
-7,-1,-9,-13,3,1,1,-5,-3,-2,2,4,-12,-9,-1,-4,handOk
-2,-1,1,15,7,2,0,-3,-1,-3,-2,-3,-1,0,1,1,handOk
4,1,0,-10,1,-2,-2,3,-2,-2,-7,-30,1,-1,-4,-3,handOk
1,-1,-1,7,-2,2,3,1,-1,4,17,45,6,3,4,0,handOk
-5,-6,-10,-7,-11,-4,0,-2,3,2,1,6,6,-2,1,-1,handOk
-3,-4,-8,-4,3,-4,-5,-3,-1,0,-4,-23,-8,1,-1,-2,handOk
0,0,-3,-6,-3,-1,1,-1,-1,-1,1,9,-11,-1,-2,0,handOk
0,-1,11,7,1,2,2,4,-6,-6,-1,11,15,5,1,-1,handOk
-2,-1,10,40,4,1,-3,-2,-3,1,2,8,8,-5,-4,-4,handOk
-1,-4,-23,-34,-12,-7,-2,-3,1,-1,-4,-13,3,4,4,1,handOk
0,2,9,19,5,0,2,5,-2,-4,-1,-17,-17,0,2,-2,handOk
2,1,4,9,8,9,-2,-1,-1,3,6,19,9,3,-1,0,handOk
-4,-3,-2,11,2,-5,0,-2,-4,-1,1,5,7,-1,-7,-1,handOk
-1,-1,1,1,1,1,0,-2,1,-7,-4,-7,6,-3,1,2,handOk
0,-2,-4,-22,-12,-7,-2,0,-1,-1,-5,-14,-1,4,-3,-2,handOk
0,-1,-7,-16,5,3,4,-2,1,-3,2,-2,-6,-3,0,-2,handOk
1,1,1,1,1,-1,-2,2,1,-1,2,-5,-1,-6,1,-1,handOk
-4,1,-1,-4,-7,-2,0,-3,-3,-3,5,19,15,1,-4,-3,handOk
0,6,12,43,14,2,0,1,-1,5,-2,-5,-7,2,-2,1,handOk
2,1,-2,-9,7,4,-1,1,-1,-4,-5,-7,1,-3,-1,0,handOk
0,0,-2,4,-6,0,-4,-3,-1,-1,1,-4,0,-3,-2,0,handOk
-3,-2,-2,-8,-1,1,-1,-1,-1,1,15,40,23,2,-3,3,handOk
-1,0,-1,3,-20,-3,2,0,1,0,0,3,-43,-4,4,0,handOk
4,1,4,0,4,8,5,4,-2,0,4,-11,-3,-1,-3,0,handOk
-2,-1,3,10,4,-4,-4,-4,0,3,1,-24,6,1,1,1,handOk
-1,2,2,-15,10,7,-1,0,-3,-1,-14,-27,5,2,-2,0,handOk
-3,-5,-7,-8,-2,-1,4,0,0,-1,1,3,-5,-1,-3,0,handOk
0,-3,4,21,5,2,0,-3,2,0,3,0,-1,0,2,1,handOk
0,-3,5,11,3,-5,-7,-4,-6,-1,3,2,-2,-9,-6,-4,handOk
-1,1,2,17,3,4,3,1,3,-1,3,-6,-3,0,1,0,handOk
-1,1,6,-17,3,7,2,1,-3,-4,-9,-25,-7,-3,-2,0,handOk
1,0,8,42,3,-7,-4,-4,-2,-3,-3,-12,-5,-2,1,2,handOk
2,-2,-1,-18,-1,2,4,2,-3,0,9,19,3,-3,-1,-3,handOk
3,2,-4,-3,-6,0,3,5,1,-2,-14,-33,-10,1,5,-1,handOk
-1,4,9,-4,1,2,1,3,-1,-2,1,17,3,-4,-3,-2,handOk
-3,-1,2,-10,3,-2,-2,0,-3,-5,-11,-45,-7,0,-5,-2,handOk
-2,-4,1,7,5,-1,-6,-4,0,0,2,-5,-3,0,-1,-1,handOk
0,-2,-2,-24,-9,-3,1,1,3,2,5,9,3,3,1,0,handOk
-1,-1,5,38,4,-7,-1,1,0,-1,-2,1,1,2,-3,0,handOk
-3,0,5,-17,5,2,2,-1,-1,3,14,48,3,2,1,-7,handOk
1,5,-2,-8,-4,3,-4,1,-3,-3,-3,8,-7,-8,-3,-3,handOk
