127,10,-23,69,73,127,103,64,34,2,-29,-53,-128,-128,18,0,handClose
-14,-47,25,-105,-72,-128,-6,-47,83,114,3,-61,40,71,0,46,handClose
-128,17,-19,127,127,-22,-118,-24,6,-92,-52,-44,-32,127,72,-32,handClose
-24,-63,-8,16,-128,54,-9,-35,101,63,78,-61,-128,-46,15,-2,handClose
12,15,20,49,40,-94,-67,40,-80,25,-65,-128,-128,-128,-35,-19,handClose
22,27,-29,-116,-99,-11,13,11,-128,-128,-59,-128,127,-128,-128,-128,handClose
-128,-58,-69,-87,-115,-114,-39,-62,113,-2,-41,20,-74,127,79,61,handClose
113,7,19,51,124,127,127,89,15,5,-23,-62,-84,34,18,2,handClose
57,32,16,127,73,127,91,37,2,-2,-3,4,65,56,54,21,handClose
94,-33,-7,-24,108,-128,-91,11,-22,10,-1,-128,-100,-28,-64,-21,handClose
102,9,41,127,40,127,31,-3,24,23,7,127,127,-37,27,23,handClose
18,14,-9,-68,-53,-89,-45,-3,27,2,-41,-39,-16,-28,-22,-9,handClose
-128,-88,-9,-128,-128,-118,-28,-74,27,20,0,0,-33,36,21,3,handClose
0,95,63,127,127,17,15,42,45,31,-38,-111,-24,-20,-8,-14,handClose
-28,-25,-55,-83,-73,-95,-63,-20,-128,-125,-35,80,-98,-128,-114,-66,handClose
21,10,-6,-9,-19,74,32,8,127,81,34,127,127,100,-27,41,handClose
5,-2,-27,-58,-65,83,27,5,64,-8,-28,-36,-35,-44,-1,28,handClose
46,41,24,42,47,26,25,23,-21,-29,-20,127,19,-48,-5,-33,handClose
-128,-40,18,-23,48,17,-3,-49,-107,-50,16,8,-15,40,16,-11,handClose
45,15,22,-22,-23,-24,0,13,13,55,18,-63,-53,-30,-38,27,handClose
-25,-16,-15,41,-10,-17,-21,-11,-128,-33,20,127,-70,-44,-52,-40,handClose
-128,-44,-30,26,-18,-39,-41,-74,24,19,-2,-8,-43,76,35,14,handClose
45,65,-16,36,-55,-59,-23,52,24,22,-8,16,-4,46,22,9,handClose
-128,-101,-22,-125,-86,-82,33,-27,44,-2,-32,-11,-31,34,17,-2,handClose
-82,-24,-5,-94,-98,-128,-78,-37,4,20,7,55,50,-45,1,29,handClose
-36,-19,-24,-43,9,17,2,-13,35,33,3,-58,-86,-37,9,15,handClose
28,45,23,30,18,40,17,29,-128,-112,-4,7,122,-60,-42,-68,handClose
-101,-38,-28,-28,-18,0,6,-39,65,50,48,127,44,81,34,39,handClose
53,15,-66,-70,-30,5,14,16,2,-10,13,123,97,57,20,6,handClose
-128,-95,49,92,-27,-48,-82,-82,-10,4,1,-23,-30,-12,32,-4,handClose
74,26,-18,-1,-25,63,43,24,22,-8,0,41,5,87,24,7,handClose
18,32,13,-27,-50,14,16,12,-94,-6,15,75,98,-128,-128,-34,handClose
2,-40,-28,-81,-26,78,30,-7,36,26,15,19,-16,59,7,10,handClose
33,6,-14,-105,-1,46,23,18,-14,4,-20,-8,-6,16,10,9,handClose
61,20,36,-64,-108,8,14,11,7,-11,-29,-103,-82,-68,-14,-18,handClose
-27,-5,-62,31,73,-128,-93,-9,-17,-1,-28,-128,-19,11,-24,-4,handClose
-22,-53,-43,-55,-112,-1,19,-23,8,29,26,127,59,22,55,37,handClose
17,54,70,127,12,-56,-33,23,39,0,32,-61,-12,39,-17,-8,handClose
30,6,-14,-29,-4,35,9,5,39,20,-22,100,-25,-61,-67,-10,handClose
-22,-21,-23,-122,-128,-43,-8,-29,-9,-43,29,89,-37,-37,-19,-18,handClose
66,9,-29,-16,-21,12,24,24,45,22,-5,75,-92,-80,50,3,handClose
-34,-14,24,79,15,63,32,-36,30,35,37,61,127,26,-44,24,handClose
4,29,-5,-47,-28,-9,0,25,28,-13,-35,-65,39,50,42,5,handClose
-117,-30,-4,66,-57,47,26,-22,15,18,-21,-128,-19,72,38,-6,handClose
65,24,25,-50,-25,-12,-12,41,-53,3,79,127,71,96,1,3,handClose
-128,-118,37,-80,-56,-95,-47,-85,-2,-3,4,-29,-8,25,20,-6,handClose
73,17,-7,11,25,85,47,22,17,6,3,-21,-128,-120,-34,4,handClose
13,4,-58,-21,-67,-70,-15,-16,66,52,47,127,127,83,32,49,handClose
-111,-60,-53,-40,-29,43,9,-66,-32,28,23,127,127,-38,-21,12,handClose
34,29,38,72,127,-115,-28,24,21,29,1,-13,-23,34,19,10,handClose
29,5,-8,19,-26,30,16,8,21,-36,-10,-20,-25,127,28,-21,handClose
-39,-44,-26,-51,-128,31,20,-14,-45,40,43,5,-106,-128,-107,24,handClose
16,-8,-22,27,20,127,14,3,10,12,13,21,-22,-2,5,2,handClose
-33,-14,10,-42,-4,68,17,-11,-1,-21,-29,-128,-53,-87,-36,-6,handClose
2,10,13,22,34,0,19,4,47,3,29,113,123,28,15,16,handClose
1,23,4,-8,-4,-1,3,2,6,2,-14,-6,-6,1,-5,-5,handRelax
2,-6,-2,5,-4,-1,-5,-8,-8,-1,2,-23,2,2,1,1,handRelax
-11,4,-3,-19,-4,-4,0,-4,2,3,3,0,-3,0,0,-1,handRelax
-4,-24,-9,1,-2,-3,-2,2,-19,15,11,12,-2,-2,0,-3,handRelax
11,-2,3,3,-3,1,-3,5,-1,-6,-4,0,-3,1,-1,-1,handRelax
-17,11,-18,-1,5,-2,0,-6,5,-3,-13,-9,-1,2,-4,0,handRelax
10,2,-20,-11,0,-1,0,-1,-1,-11,2,0,-7,-1,-1,2,handRelax
1,-3,4,19,0,0,-2,0,7,1,3,-6,0,1,3,3,handRelax
-12,-3,-15,-12,0,-5,-3,1,3,4,40,-2,0,1,-3,-3,handRelax
3,-10,-11,-19,-3,-1,0,-5,-1,-2,-11,21,10,-1,3,2,handRelax
0,14,24,-5,-7,-2,-4,3,1,-10,-21,2,0,1,2,0,handRelax
-11,-8,-18,-8,-5,-3,-1,-1,-6,-17,-14,-2,-3,2,-4,-11,handRelax
8,11,-6,2,-3,2,-4,2,5,17,20,11,3,0,6,5,handRelax
-13,-7,-4,-5,-4,-5,0,-1,1,-3,-11,-15,0,-4,0,-1,handRelax
2,11,8,3,0,-3,0,1,11,-5,-1,3,-2,3,-1,-1,handRelax
5,-18,-42,-8,-3,2,-1,-4,-1,3,9,-4,-3,-4,2,1,handRelax
2,3,33,10,1,1,-2,4,2,0,-21,-3,-1,1,0,1,handRelax
-8,15,17,41,2,-2,0,-5,-1,0,-9,-17,-5,0,-3,-1,handRelax
11,5,9,-15,-2,2,1,-2,2,-10,35,40,1,1,0,5,handRelax
-7,-1,-7,-5,-4,-1,-3,2,7,-5,2,-3,-2,-2,-4,-3,handRelax
-3,-6,-3,-1,0,2,0,0,-6,-3,-1,6,-2,-3,-2,-2,handRelax
8,13,46,21,4,1,-1,-1,-5,9,-19,-14,-5,-5,1,-3,handRelax
-5,-7,-15,-4,-2,-5,-2,1,-4,-19,-31,-15,-4,-3,0,-7,handRelax
5,1,-38,-5,-1,-1,1,-1,-8,3,-9,42,5,0,1,3,handRelax
6,4,67,-18,-1,-1,-3,-4,-1,-13,-26,-9,2,0,0,2,handRelax
-8,-3,-2,-7,-7,-5,-1,-4,6,31,42,7,0,3,-1,-1,handRelax
4,-4,-7,-1,0,1,-1,-2,-3,-6,-24,-12,-2,-2,-3,-2,handRelax
5,5,2,1,-4,3,-6,1,9,12,26,8,5,1,1,0,handRelax
-11,-11,-35,-3,2,-4,-2,2,8,-8,-3,-7,-5,3,-4,-1,handRelax
9,-7,-19,-11,-8,-1,2,0,-25,-3,-11,-1,-1,-3,-2,-11,handRelax
-2,-2,14,2,-5,-3,1,0,8,5,-3,-1,0,2,3,-1,handRelax
-12,7,-14,-15,-1,-5,-1,-1,7,18,-2,-3,-3,-1,-3,-1,handRelax
-1,-28,8,25,-1,4,-2,-4,-12,-14,-38,-17,0,-3,-1,-1,handRelax
-12,0,14,2,3,0,-1,4,-1,-8,54,58,4,2,0,-4,handRelax
2,-9,-6,6,2,-2,3,-3,3,-9,-14,-18,-3,2,-8,-7,handRelax
0,-3,-9,-12,-4,3,0,-5,-1,-3,-9,-3,0,-4,0,0,handRelax
-8,-4,-6,-4,1,-1,-2,2,7,15,18,0,-3,1,-1,1,handRelax
5,6,1,-11,0,-4,2,2,-10,-26,-12,-3,-5,-2,-4,-10,handRelax
13,-2,5,0,-4,3,0,4,-4,26,-3,1,4,-4,0,2,handRelax
-15,1,-10,1,-4,-6,-1,-1,7,7,14,-3,-2,3,-3,3,handRelax
-8,-17,-5,2,-2,-1,-1,-1,-10,-9,-8,8,-1,-7,-3,-2,handRelax
-16,-26,-4,-14,-4,-4,-5,-10,-8,-6,-7,-7,-4,1,-2,-1,handRelax
-4,7,7,4,1,0,2,3,5,5,-11,2,-1,2,-3,-3,handRelax
5,-7,-4,27,5,4,-1,1,-7,-14,-6,4,-4,-3,-2,2,handRelax
7,2,-1,0,-3,1,-6,1,-9,22,11,-7,-1,-1,3,2,handRelax
-3,-6,-10,9,-2,-4,0,-4,10,0,-6,11,0,-1,-1,-2,handRelax
-3,-7,10,-1,-6,3,-2,3,-2,-5,19,4,-3,-4,1,0,handRelax
6,6,5,8,-1,2,-3,-2,8,6,-3,-2,-1,2,-1,6,handRelax
-8,-3,-8,2,0,-3,2,-4,1,-4,0,-17,-5,0,-5,-1,handRelax
11,-13,11,2,2,3,-2,3,-5,8,8,6,3,-3,-1,-1,handRelax
-4,-10,11,-14,-4,-3,-4,-3,2,10,-3,-4,-4,-1,-1,-1,handRelax
2,25,17,-5,-1,0,5,5,-3,-2,-1,5,2,1,-5,-5,handRelax
1,-7,-12,-4,-3,3,-4,-1,-7,-1,-17,-9,-3,-5,0,1,handRelax
-13,3,-6,-7,-1,-7,2,2,6,1,15,-16,-1,2,2,-3,handRelax
-2,-1,-8,-6,-5,-1,2,-1,-1,-8,17,29,3,0,-1,0,handRelax
10,2,4,-3,-1,1,-3,-3,-27,-3,2,-22,-1,-3,1,-8,handRelax
5,3,31,1,12,20,12,-4,-7,-2,0,7,-5,-13,12,4,handIndex
-4,-4,-10,-15,-10,2,-1,2,-11,-5,1,-3,-5,12,8,-4,handIndex
1,4,2,33,15,5,6,2,9,7,9,-5,6,5,4,2,handIndex
13,6,38,1,-4,5,6,1,-7,1,-25,-27,-30,-38,-4,-3,handIndex
-5,-5,0,31,5,-9,-8,-4,4,1,6,-17,-14,28,15,0,handIndex
-8,-6,-11,2,-12,-39,-39,-14,10,-3,16,39,72,51,41,3,handIndex
-2,-10,12,-10,-24,15,37,1,-11,17,-2,0,-16,-38,-6,11,handIndex
-3,9,5,-21,-23,-23,-1,7,3,5,19,6,-5,4,3,-1,handIndex
-1,8,-4,5,34,72,-3,2,6,-9,-23,-17,2,10,34,7,handIndex
12,-1,19,15,4,4,-8,-5,-15,-7,0,-6,-60,-25,-7,-2,handIndex
-16,-8,-18,-31,-14,-8,3,-1,-1,3,-15,-3,17,11,-3,0,handIndex
-8,-6,-20,-5,-10,-19,-4,-8,-16,13,-1,7,-8,-112,-105,-4,handIndex
7,-25,-16,-28,-6,79,49,5,-2,-23,-8,2,0,36,72,11,handIndex
-9,-11,-1,8,10,2,1,1,19,60,20,5,3,8,-11,10,handIndex
4,-23,-3,-27,-9,-2,-8,-1,-33,-9,-2,-1,-1,-6,-6,-7,handIndex
6,29,5,35,-1,-1,-12,-3,8,19,-4,-7,-2,-1,23,8,handIndex
-23,-24,-9,-7,1,4,-11,-7,17,-3,0,-5,-3,3,-1,-2,handIndex
10,1,6,-9,-1,17,17,1,-10,0,10,0,-4,-7,-12,-3,handIndex
-2,-2,-26,-12,-16,-2,-2,-2,-4,-2,-3,-1,1,-2,-4,0,handIndex
-8,-1,37,63,9,5,-24,-1,5,0,-18,0,-1,15,-13,-5,handIndex
3,10,12,-6,-6,-26,36,3,-15,-41,-9,-8,-2,19,24,2,handIndex
-18,-7,-23,-11,5,11,0,-4,9,34,23,8,-2,-3,-11,-2,handIndex
5,-2,4,-1,-3,0,17,5,15,-4,-2,8,-20,2,-23,0,handIndex
-24,-15,-3,-28,-5,1,-4,-19,-14,7,10,-17,-10,-51,-26,-5,handIndex
-4,-5,-18,36,15,23,12,1,7,1,17,-2,10,52,13,2,handIndex
-1,2,-25,-21,1,10,-9,2,6,11,17,13,-13,-62,-37,-6,handIndex
3,-20,10,30,6,78,48,-6,-7,-13,-14,0,2,22,32,8,handIndex
-10,8,-21,-30,-1,-82,-59,-7,17,33,12,-6,4,34,34,9,handIndex
2,-11,-6,16,6,22,24,9,-37,-40,-7,-8,-3,-17,-16,-19,handIndex
6,-9,2,-18,-13,68,29,-3,13,6,-13,-12,-1,31,16,-1,handIndex
-24,-3,-14,4,-10,-44,-31,-8,6,-6,3,-2,-20,-46,4,4,handIndex
3,-12,-40,-33,7,5,-5,-6,5,27,3,43,7,4,5,6,handIndex
10,-13,16,-12,1,9,18,-1,-13,-15,9,-4,-5,-14,1,-6,handIndex
8,-4,48,2,0,-4,10,13,15,5,-5,-2,3,12,-6,-8,handIndex
-51,-9,-26,-20,-1,5,-5,-29,8,8,-7,3,2,0,13,7,handIndex
21,-34,17,47,-6,20,16,7,-3,12,44,11,-8,-50,-24,-6,handIndex
0,47,-23,14,20,1,-4,5,11,-10,-21,-36,-6,5,-5,-4,handIndex
-4,13,26,-21,-25,-32,-37,-4,-13,-13,1,1,2,17,9,-1,handIndex
15,7,0,25,15,22,31,14,4,-10,-13,12,-12,26,25,-3,handIndex
-10,-1,-11,-10,-23,19,2,-3,4,10,-12,5,1,-23,-7,3,handIndex
5,-12,-5,-18,-5,5,5,-1,-29,2,18,-5,-8,7,6,-5,handIndex
-9,-10,-12,-8,10,8,-3,-2,5,-9,3,16,23,9,1,-1,handIndex
6,10,-7,1,-33,-6,-12,0,17,2,12,9,-7,-16,16,3,handIndex
0,-3,-4,6,9,7,7,-3,9,3,-22,-15,-1,-32,-6,3,handIndex
-4,-2,5,-1,-6,23,7,-1,6,-4,4,7,12,13,4,3,handIndex
4,13,-2,-14,3,-24,-4,2,16,-20,7,-7,-15,70,16,1,handIndex
11,0,5,13,0,0,-32,-6,-18,8,-3,43,6,-21,2,-7,handIndex
-16,-14,0,-27,-2,10,12,1,-7,-23,-18,-7,-6,40,23,-2,handIndex
10,4,-19,20,-12,-12,-1,-1,1,50,62,-2,-8,-44,-34,-4,handIndex
4,7,0,-2,-9,-6,-10,1,8,-12,-19,-14,1,23,34,19,handIndex
-7,8,-12,7,3,-15,-5,1,13,-2,-3,-8,-3,36,16,3,handIndex
-16,-27,1,-1,-3,8,-4,-11,-9,6,-3,13,-1,18,10,7,handIndex
18,1,8,-13,-8,2,-5,-3,-4,-5,-13,-16,-18,-51,-27,0,handIndex
8,-2,11,29,16,66,23,7,11,-6,-4,13,43,21,-3,-3,handIndex
-8,-20,3,-10,-16,-76,-65,-14,-3,18,19,40,-8,12,8,1,handIndex
18,29,-8,-4,-4,4,-1,6,0,-12,19,9,6,4,1,-4,handIndex
14,104,57,16,3,4,1,-2,9,-13,-15,-18,-9,7,11,7,handRing
-9,5,57,37,6,-3,-5,-5,-3,45,-7,-4,-2,-6,-18,-1,handRing
17,47,-17,-26,2,34,2,-1,10,20,45,15,10,6,-3,-7,handRing
-14,-58,-69,-21,-17,-13,-3,-6,6,-17,-25,-15,-13,-21,-15,-7,handRing
-5,-22,14,7,0,-8,-6,-2,-20,-66,-45,-11,-2,24,21,3,handRing
-12,-55,-34,-16,-3,2,-8,-8,1,10,19,3,-8,-2,10,-3,handRing
8,20,15,19,6,-3,-23,1,-18,-34,-36,-10,14,0,-9,-4,handRing
24,30,11,5,-5,14,127,32,28,127,94,11,9,4,-4,1,handRing
-1,0,2,-16,-18,-20,-9,-7,-6,-26,-17,0,1,1,11,9,handRing
24,75,102,48,25,25,14,14,-20,-24,-3,-8,-20,-9,-24,-7,handRing
6,-51,-42,-4,-11,-18,-40,-19,9,-14,-15,28,11,-1,-3,6,handRing
-20,-49,-52,-23,-24,13,42,12,0,26,0,-8,-7,0,18,7,handRing
-21,-20,13,18,7,-4,-4,-12,-26,-101,-92,-43,-24,-7,-16,-17,handRing
-8,-53,-37,-6,-12,-4,-34,-15,3,44,5,-3,0,-6,-32,-9,handRing
-3,26,-17,-31,-17,-6,22,10,-1,-33,-23,-14,-2,11,58,6,handRing
-31,-128,-105,4,11,-7,-12,0,-17,-24,-39,-20,3,66,-16,-5,handRing
14,41,32,8,-22,-10,-3,-12,4,-45,-32,25,-4,-4,-9,1,handRing
7,-8,39,42,38,61,13,13,-2,-12,-18,-3,37,4,-9,-11,handRing
-5,-2,-3,-5,1,-1,-45,-16,-5,-1,44,14,-4,6,-3,12,handRing
-5,-17,-8,-14,-20,-13,50,8,-12,-33,-27,-3,-9,-4,-3,-7,handRing
-11,-48,-32,5,8,8,-20,-8,-1,-59,-58,-25,-2,2,-11,-8,handRing
-7,-66,-47,-13,5,-10,3,3,-11,-19,-24,-5,0,11,-7,-6,handRing
10,30,23,-6,-5,4,-26,-7,-16,-124,-82,-26,-9,-14,-16,-12,handRing
-11,-66,-56,1,-2,30,10,3,11,30,93,29,9,-9,9,7,handRing
9,-13,77,18,13,6,-24,-12,-8,-50,-61,-3,38,5,20,6,handRing
-12,-56,-5,-5,-5,-2,-10,-7,5,-28,-14,0,3,6,60,10,handRing
-19,-51,-62,-18,-3,-7,-1,2,-2,-41,-89,-21,-10,3,8,14,handRing
10,74,37,5,-10,-14,-2,-1,-8,82,127,14,-5,-10,-22,-15,handRing
15,44,64,3,-9,14,-8,-13,-5,-90,-128,5,5,-6,-4,-8,handRing
-2,-5,28,10,1,-8,-43,-7,-11,-16,-16,-9,8,1,5,13,handRing
-8,-117,-105,-26,-9,-3,41,12,1,12,1,18,9,-37,40,15,handRing
27,127,127,19,8,8,14,23,21,40,4,1,22,68,-6,0,handRing
6,-33,-21,9,1,-6,-35,-23,5,57,83,16,-1,-4,-6,-2,handRing
19,-1,-8,-5,26,73,26,13,4,29,-4,-15,0,-8,-7,-11,handRing
-21,-128,-52,8,12,15,-7,-8,-7,-59,-41,15,15,27,8,-1,handRing
33,121,75,36,30,11,-45,-13,0,30,19,2,9,2,14,11,handRing
11,-23,-12,-3,-2,16,107,48,-16,-20,-23,-6,-4,-8,-7,-15,handRing
-23,-39,-36,-13,-23,-9,2,-1,-19,-50,-53,-42,-14,-1,-6,-4,handRing
-17,-89,-11,-8,9,-3,10,1,8,121,51,15,3,-3,-15,-5,handRing
10,28,38,13,-3,4,-44,-19,-2,-128,-110,16,16,8,-1,4,handRing
-18,-53,-43,-13,-8,-26,-10,-9,30,56,37,12,10,10,-3,0,handRing
-2,8,-46,-13,-1,-3,-12,-11,12,53,68,8,3,9,36,24,handRing
10,-54,39,21,-4,-3,5,4,0,-13,-25,-3,4,-3,0,-5,handRing
-13,-20,-17,9,20,-30,-14,-14,0,-32,-21,-4,1,-10,-20,-13,handRing
-10,-27,-15,-22,-10,-2,9,15,-17,-2,-7,-7,-12,-5,27,11,handRing
21,105,35,14,10,8,40,6,-15,-115,-35,-8,-3,5,-8,-10,handRing
-8,-24,-22,-17,-8,-6,-6,0,32,127,127,32,14,6,4,13,handRing
-12,-50,-52,0,4,4,-19,-20,-21,-46,-36,-16,-14,-13,-23,-19,handRing
10,52,18,6,13,1,-12,6,-14,-21,-23,-10,-10,1,-3,0,handRing
-9,16,27,7,1,-6,18,4,-31,-12,-24,-32,-20,-39,-4,-13,handRing
10,81,42,-4,-6,-5,-3,1,26,9,35,20,-19,89,-6,0,handRing
-20,-124,-91,2,8,-3,-16,-14,11,44,18,6,38,11,8,4,handRing
18,112,74,17,3,0,7,12,-4,-36,-33,-7,-7,-4,-7,1,handRing
23,116,47,26,-22,-88,-53,0,-33,-50,-70,-43,-19,-4,1,-14,handRing
2,9,-16,3,-1,25,4,5,13,5,7,11,4,6,-2,2,handPinky
-5,-29,-60,-22,-10,0,2,-10,-57,-49,-88,-14,-13,-28,-34,-27,handPinky
11,-41,-122,-21,-7,3,-5,-4,22,-8,-61,-12,-4,10,9,7,handPinky
-7,52,127,23,9,1,8,11,-1,52,115,52,27,15,22,15,handPinky
-6,-9,-18,1,1,-2,2,-2,6,-32,-78,-19,-9,-3,-6,-7,handPinky
3,0,8,7,-1,-27,-20,2,-8,25,38,10,6,1,-4,2,handPinky
-3,-4,-8,-5,-4,-12,-12,0,0,1,-10,-4,0,3,5,2,handPinky
7,4,48,1,2,26,19,4,8,-3,1,2,11,9,7,-6,handPinky
2,-8,-24,-2,-10,-74,-35,-9,4,34,127,-15,-18,-74,-39,-3,handPinky
-5,-11,-26,1,0,-3,1,-1,-23,-29,-42,13,10,36,23,5,handPinky
3,-15,-45,-32,-20,-11,-6,-11,2,-49,-128,-47,-17,6,-5,-17,handPinky
-2,-21,-56,-1,-3,1,-5,-6,-6,41,127,45,18,12,11,11,handPinky
-20,-18,-68,-31,-10,-13,-8,-3,5,24,106,31,13,5,7,10,handPinky
15,-2,32,-16,-9,10,-3,-6,11,-20,-47,-8,-9,14,2,-4,handPinky
2,30,38,21,13,15,9,15,-29,-19,-11,-25,-12,-51,-15,-10,handPinky
6,-4,-23,1,1,1,4,4,-3,-24,-79,5,2,-22,-3,0,handPinky
0,-31,-23,-24,-12,-11,-6,-9,8,9,28,10,5,6,-5,10,handPinky
-16,-22,-82,-13,-6,-15,-18,-3,-11,-28,-106,-4,-1,-5,7,1,handPinky
8,20,8,9,4,5,3,5,15,76,127,21,9,9,4,8,handPinky
12,-27,-90,-8,-4,-18,-14,-3,20,3,-19,3,1,1,2,7,handPinky
-11,10,127,-2,-1,1,2,1,-7,-12,-43,16,8,-2,17,6,handPinky
6,-10,-26,-10,-1,9,2,-6,-2,-61,-128,-43,-25,-65,-45,-20,handPinky
7,-3,-14,-22,-12,-4,8,0,-2,49,127,24,11,22,15,5,handPinky
-15,1,1,-6,-6,-16,-6,0,-12,-14,-26,-2,-5,-13,-6,-3,handPinky
-24,-6,-1,3,3,13,6,-3,5,-3,-11,-4,-7,-28,-24,-6,handPinky
-5,8,19,19,9,5,7,9,8,0,22,5,4,10,8,8,handPinky
3,-8,-32,-6,-2,1,0,6,-32,-5,-9,-3,-1,-2,0,-16,handPinky
-13,-40,-66,-14,-5,53,17,-16,16,-29,-95,-24,-12,2,-6,-5,handPinky
7,27,39,16,4,-86,-37,-3,-2,-25,-84,-23,-11,20,12,-4,handPinky
1,-8,1,-17,-7,-1,1,-2,0,55,127,36,21,23,11,6,handPinky
4,14,56,16,6,2,1,2,17,-19,-67,-12,-4,7,-3,-7,handPinky
0,-11,-24,-8,-6,9,3,-6,-5,1,-11,3,8,5,5,7,handPinky
8,7,-2,4,-3,-6,16,6,-2,-13,-19,5,-1,-14,-13,-11,handPinky
20,14,-30,2,0,10,7,0,8,3,3,-8,-5,10,6,2,handPinky
-8,17,49,18,8,7,5,7,-17,-2,-7,-1,-2,-2,12,-5,handPinky
3,-28,-110,-1,3,2,3,2,-20,-19,-17,-9,-8,-47,-43,-11,handPinky
5,2,56,6,2,6,3,1,4,75,127,35,14,12,5,4,handPinky
5,-30,-112,-15,-9,-8,-1,2,-7,-12,-46,-15,-6,-31,-17,-4,handPinky
11,6,-13,-6,-4,7,4,0,7,-53,-67,-33,-19,0,-8,-8,handPinky
5,-20,-55,-3,-4,-35,-25,0,-39,104,127,51,21,14,17,0,handPinky
-10,-12,-35,-9,-1,18,6,-5,-6,-5,-9,-7,-3,-14,-3,-4,handPinky
4,1,4,-6,1,11,20,-1,13,2,7,3,2,3,-3,-1,handPinky
7,12,35,1,-2,-5,-9,0,-13,-6,8,-4,-4,11,0,-8,handPinky
-11,-59,-128,-27,-13,-21,-8,-9,-7,-2,9,-3,0,4,2,3,handPinky
13,120,127,67,26,22,20,28,0,-26,-75,-6,-5,-17,-22,-12,handPinky
5,2,6,-5,-6,13,3,-1,-3,-32,-123,-23,-12,0,5,-10,handPinky
-7,-3,31,11,8,16,16,4,-3,4,37,7,7,0,16,5,handPinky
5,-32,-66,-26,-6,2,-4,-9,-5,-37,-123,-24,-19,-73,-50,-17,handPinky
8,16,34,-1,-1,3,1,-1,-14,-16,-23,-2,-3,-4,4,-1,handPinky
8,-34,-128,-16,-13,-21,-13,-10,4,-9,-18,0,2,2,2,2,handPinky
17,77,127,37,15,20,17,14,33,2,-2,-8,-4,25,15,7,handPinky
10,-2,-30,3,-4,-32,-9,5,-79,-18,-13,-7,-5,-54,-36,-25,handPinky
0,-31,-95,-19,-3,49,30,5,4,31,84,30,20,-15,6,13,handPinky
5,-19,-69,-13,-5,1,-2,-3,0,-12,-2,-2,-11,-40,-24,-8,handPinky
-34,-34,1,46,-47,-128,-92,-54,127,54,40,127,127,85,59,35,handClose
-70,-36,-38,-90,-16,-10,41,27,-114,-28,46,127,-25,-19,13,-23,handClose
127,100,-7,-128,9,127,64,46,-128,-62,-45,58,68,-92,-128,-37,handClose
-30,32,-1,-128,-41,-54,-24,-1,91,68,0,-128,21,92,121,33,handClose
9,-9,7,123,-3,-38,-25,-4,43,-30,29,103,-38,42,51,5,handClose
-39,-56,-34,-71,57,32,47,-1,66,82,4,-119,48,127,127,70,handClose
-52,-57,-20,-21,33,-114,-71,-51,-8,-28,46,127,-20,-54,-53,3,handClose
-108,-58,-17,90,127,-11,66,18,81,8,-26,-83,-46,42,40,-3,handClose
33,-29,-13,-105,-40,24,-34,-29,-22,99,-20,2,-22,90,-29,32,handClose
-26,25,-29,86,-27,35,68,14,109,91,68,-128,-128,-128,-23,40,handClose
-29,-49,-1,-19,63,90,-8,-57,23,3,-30,-44,-21,78,29,-2,handClose
74,48,-12,-8,-54,19,25,11,-31,28,16,127,16,10,11,12,handClose
-128,-120,-8,-10,-12,-10,42,-20,-35,-47,21,127,127,-6,-59,-13,handClose
105,91,-35,-35,-47,58,38,26,-36,60,-8,-128,-16,-19,10,17,handClose
0,-128,58,127,127,-23,-81,-1,-2,32,23,-116,-73,-42,5,-18,handClose
-96,-83,-54,25,41,98,53,-5,-21,-34,-10,127,55,49,25,-18,handClose
5,-7,27,-3,31,-16,29,5,29,36,16,94,-117,-100,-117,16,handClose
67,17,22,-58,-49,-9,-50,-4,13,-22,3,-67,15,10,10,16,handClose
-119,-24,-50,-38,-45,-24,6,2,31,-5,17,-43,5,127,11,-42,handClose
37,15,10,19,15,25,15,10,-19,50,47,127,78,-102,-62,41,handClose
18,-6,18,-128,-89,-27,-32,-6,-15,-21,-33,-49,-15,-8,4,-22,handClose
15,21,6,127,127,58,39,16,67,11,16,-61,-41,10,-19,-4,handClose
-43,-12,-8,-49,-16,15,4,-26,-56,38,-19,34,70,-38,78,13,handClose
-66,9,-34,18,-11,-16,2,-9,58,32,-23,-29,-74,-25,-30,6,handClose
6,-49,27,-2,9,-3,-5,-4,59,-9,-1,-11,4,-60,-87,-15,handClose
-2,5,-3,8,18,-16,-19,-10,-19,16,-13,-33,16,5,26,10,handClose
7,17,9,63,-23,31,12,10,20,-17,-9,7,28,6,9,3,handClose
20,-13,-15,-128,-32,13,0,1,-43,-24,15,-9,-13,1,-36,-40,handClose
61,17,-5,66,49,-128,-99,-18,-76,4,-30,45,32,-27,7,15,handClose
-27,30,7,-23,5,84,68,24,103,79,23,127,-64,-31,-28,27,handClose
-34,-32,-29,-67,-56,-18,17,-28,-25,-60,1,34,27,20,-21,-4,handClose
42,14,10,-7,12,65,-10,-2,-5,29,-16,-55,-22,-4,16,3,handClose
-120,-36,-55,-53,-108,-127,-63,-40,50,30,39,32,24,11,14,7,handClose
32,1,-9,42,-7,22,37,30,-128,-68,22,45,-32,-111,-65,-24,handClose
40,31,15,-18,10,60,3,-21,85,40,-8,-80,37,8,13,10,handClose
-26,10,-29,-39,28,-6,28,0,60,49,-5,-53,-22,54,59,9,handClose
66,11,-35,-128,-23,49,8,1,-41,-38,2,40,-59,-26,-13,-8,handClose
-128,-49,34,45,-28,-49,-14,-28,22,11,17,-8,35,100,84,13,handClose
-89,-10,-50,-39,-13,-43,-30,-11,80,-7,16,47,-83,-42,-64,-14,handClose
-4,-23,6,-39,-49,-2,0,-20,-51,41,5,-128,53,-23,-26,16,handClose
108,50,-59,86,32,46,32,42,60,63,-7,4,9,37,40,15,handClose
-128,-53,38,67,30,8,-11,-33,60,27,24,-18,-9,7,21,4,handClose
65,35,25,-20,-4,-48,2,20,-128,-37,-45,-9,8,24,5,-9,handClose
-70,-9,14,108,36,25,66,32,6,-28,-1,-5,-118,-61,-24,-2,handClose
11,3,-12,-59,-20,70,-20,-6,64,7,19,-46,0,45,-9,-20,handClose
63,54,43,127,21,-56,12,20,-63,-23,-5,-22,15,114,63,-2,handClose
-49,-30,-15,-52,-17,-19,-40,-19,71,35,4,-63,-3,-89,8,7,handClose
41,4,-42,-60,4,39,-1,-19,-5,-37,6,-121,-53,-9,-48,-4,handClose
127,77,66,-35,-42,-76,-66,21,-128,-42,19,127,125,44,54,8,handClose
-128,-14,2,24,8,19,28,0,-11,-75,-7,21,-30,29,-13,-30,handClose
88,35,-33,-36,10,8,21,13,-18,44,69,-40,-7,-36,-28,16,handClose
33,-17,13,-110,-38,17,-28,-18,12,0,-15,40,77,-26,-8,-10,handClose
-74,26,6,23,-70,14,34,39,22,14,-15,-6,18,20,14,-12,handClose
21,4,1,68,16,-26,-15,-2,-81,-15,-58,-76,-53,5,8,-3,handClose
57,5,13,0,-2,7,-7,-10,20,1,11,-2,-6,5,-19,-5,handRelax
-65,-6,-27,1,3,-10,16,5,15,2,11,8,5,3,12,0,handRelax
21,1,3,-5,1,2,1,-6,68,3,7,-6,-5,10,-13,-10,handRelax
67,6,19,1,-2,9,-22,-5,-48,-1,-6,5,-3,-12,-4,4,handRelax
-99,-10,-30,13,0,-17,8,9,-6,-8,-11,1,2,-5,10,0,handRelax
-56,-5,-24,2,6,-8,18,6,19,-1,0,-9,2,4,-3,-3,handRelax
19,6,8,2,0,-1,1,-1,19,6,14,-1,-1,0,-17,-5,handRelax
61,-1,9,-10,-6,11,-17,-5,11,1,-20,-23,3,1,4,-3,handRelax
-100,-10,-21,5,6,-16,8,9,75,6,54,33,-1,10,-13,-12,handRelax
26,4,5,-1,1,6,2,-4,-53,-3,-11,-10,-2,-13,-5,4,handRelax
16,7,11,0,-5,3,-17,-3,1,-5,-12,-5,2,-1,12,-2,handRelax
-56,-8,-21,1,3,-11,18,2,59,11,26,-6,-8,10,-17,-7,handRelax
23,-7,-4,-1,4,3,1,-2,-109,-7,-28,2,-1,-18,10,8,handRelax
-57,-4,-9,5,-3,-7,-4,5,14,4,0,-2,2,3,6,-3,handRelax
1,2,-7,-2,2,-6,11,-1,78,5,13,-9,-1,8,-10,-9,handRelax
15,-4,-7,-2,1,6,0,-8,-45,-1,-29,-6,2,-8,15,4,handRelax
9,8,39,5,-3,2,-16,0,15,-5,5,-3,0,5,-3,-6,handRelax
15,-2,0,-5,1,-2,6,0,50,1,14,-5,-5,9,-17,-7,handRelax
84,6,21,-5,-1,13,-14,-8,-104,-6,-26,-1,2,-17,12,9,handRelax
-65,-6,-12,1,-6,-11,-4,2,24,-1,0,-4,-1,2,0,-2,handRelax
-5,-3,-9,-2,0,-3,10,-4,4,3,18,3,-3,0,-16,-4,handRelax
56,7,21,0,-5,7,-22,-8,-39,-4,-12,1,5,-9,15,4,handRelax
-110,-9,-31,-1,2,-17,14,11,18,-2,-1,-6,0,5,0,-5,handRelax
14,0,-5,3,1,-1,4,-4,-69,-6,-8,2,-2,-16,-1,9,handRelax
80,3,26,-1,-4,12,-15,-13,5,-1,-12,1,5,0,8,0,handRelax
-34,-6,-13,8,1,-8,16,2,24,-2,6,-3,-1,10,-6,-7,handRelax
25,-1,-1,-7,0,5,0,-3,1,4,9,-2,-5,-2,-14,-4,handRelax
50,7,21,-2,-8,8,-18,-6,13,1,-1,-1,0,4,2,-3,handRelax
-104,-10,-24,6,4,-14,18,10,91,10,29,-4,-3,11,-16,-6,handRelax
30,2,8,-1,-2,6,-3,-4,-73,-7,-18,1,-3,-11,-1,7,handRelax
-3,-2,3,0,-4,2,-15,0,-4,-4,-11,-2,2,-2,11,0,handRelax
-31,-6,-6,-4,0,-8,15,2,47,9,19,0,-4,7,-20,-3,handRelax
18,-1,3,-6,-4,4,3,0,-107,-10,-33,2,1,-18,15,12,handRelax
-77,-4,-13,3,-2,-12,2,9,17,6,0,-1,3,2,4,-6,handRelax
5,1,0,-3,2,-1,8,-3,89,5,27,-2,-3,11,-15,-6,handRelax
37,1,10,3,-1,6,-6,-7,-23,-6,-17,-2,5,-6,15,3,handRelax
2,4,4,-3,-3,-3,-13,-2,23,5,0,-3,0,6,0,-4,handRelax
14,-5,2,1,3,3,4,-3,36,1,20,-4,-7,3,-22,-6,handRelax
87,-4,13,-11,-6,10,-13,-7,-97,-6,-19,2,3,-13,14,8,handRelax
-82,-5,-10,10,-1,-11,2,7,37,-1,7,-2,-4,5,-5,-9,handRelax
7,0,-3,-4,5,-6,10,0,-10,-3,6,-3,-3,-2,-15,3,handRelax
40,7,17,0,-4,6,-19,-1,-13,-3,-19,0,4,-3,13,-1,handRelax
-96,-7,-29,0,2,-16,19,9,29,3,6,-1,-3,1,-1,-4,handRelax
5,-4,0,-5,-1,3,4,-7,-82,-2,-10,7,-2,-13,6,10,handRelax
83,5,20,-2,-5,14,-19,-8,11,4,1,5,2,-4,9,-2,handRelax
-9,-4,-10,1,5,-5,15,1,41,-3,-7,-9,-4,6,-8,-7,handRelax
15,3,2,-9,-2,6,-2,-4,-17,2,2,-3,-1,-3,-8,2,handRelax
43,6,22,0,-6,7,-22,-4,19,-4,13,0,3,1,6,-1,handRelax
-86,-7,-39,-14,0,-14,15,8,80,7,24,-4,-3,11,-20,-7,handRelax
47,3,8,-3,2,7,-8,-6,-87,-5,-22,2,4,-15,4,8,handRelax
-29,-6,1,0,-6,-8,-14,2,9,-1,-5,-4,3,4,8,0,handRelax
-10,-5,-19,-4,1,-5,14,-2,30,3,16,2,-4,5,-20,-2,handRelax
21,-1,17,-1,-3,4,5,-1,-83,-11,-31,0,3,-14,17,9,handRelax
-89,-1,-21,7,-2,-18,4,11,19,-1,0,-2,0,0,2,-3,handRelax
48,3,12,-15,-14,8,13,1,-45,-12,-4,6,5,-35,-28,0,handIndex
-7,1,-4,-6,-6,39,18,-6,11,-4,4,1,3,-7,30,1,handIndex
23,3,5,21,-22,-58,-40,0,51,13,14,28,-3,-38,-44,-6,handIndex
16,-4,10,35,43,39,-17,-2,-73,-7,-8,15,7,-77,25,21,handIndex
-43,-6,-19,-29,-22,-27,-24,-8,3,-6,1,13,-5,43,32,-6,handIndex
56,6,8,-24,-65,-46,-53,-14,5,-11,8,10,4,2,-9,-8,handIndex
-41,-32,-29,8,44,7,48,9,-40,-8,-7,14,-41,-45,-21,-6,handIndex
0,32,-4,-7,-7,-7,-45,3,18,-7,-26,-18,28,47,14,-3,handIndex
20,-3,1,-9,20,78,16,-3,36,-3,31,-19,-32,-78,-70,-5,handIndex
-69,9,-22,42,9,67,127,17,-4,4,-16,-15,-46,13,28,2,handIndex
-5,-2,-15,-26,10,14,-128,-17,15,-24,-10,-14,-29,-77,9,7,handIndex
72,-44,-9,-16,-15,-4,15,-1,5,-13,25,1,-21,3,-16,-3,handIndex
-30,55,16,-12,10,18,11,6,-20,46,-6,-15,11,-9,14,7,handIndex
28,47,27,38,3,51,46,18,73,-9,21,-14,16,5,85,49,handIndex
37,-8,-3,-24,-9,-44,-63,-1,-38,75,-8,-8,-8,-13,-52,-5,handIndex
-87,23,-6,-29,-7,-98,-44,-12,16,10,8,-10,-32,25,62,23,handIndex
24,17,10,64,21,87,28,-8,6,8,13,-1,9,-7,-15,-25,handIndex
-2,-10,3,-1,-4,-15,-19,-1,-73,-12,-11,-23,-16,26,31,13,handIndex
-30,-10,-13,-6,0,15,18,-4,6,-58,-30,-15,13,21,-7,-8,handIndex
32,31,13,20,59,127,58,4,82,60,34,14,13,23,28,44,handIndex
31,1,5,7,-21,-105,-126,-33,-69,-15,-4,4,10,38,18,-4,handIndex
1,24,0,-11,-8,-47,-54,-9,21,82,28,-11,1,0,4,3,handIndex
28,-12,-10,-15,-6,11,19,1,26,-78,1,14,8,31,-12,-13,handIndex
-8,0,18,2,-33,-14,-9,-1,-65,-9,-19,-10,-11,-44,-8,18,handIndex
4,-29,-7,9,8,11,14,17,12,2,0,1,11,10,10,-2,handIndex
62,-22,9,-5,-15,-25,-24,-3,-10,5,-38,-22,-18,-62,-41,-23,handIndex
-51,15,-3,3,7,5,-1,-2,-28,5,3,1,-5,-5,27,4,handIndex
2,3,-4,1,6,6,20,5,-1,-82,-30,-10,17,8,-6,-20,handIndex
18,-37,7,10,2,30,12,2,56,110,49,32,-3,11,17,17,handIndex
-76,-38,-16,-5,-9,6,-18,8,-11,-6,-6,-8,-10,-51,-25,-4,handIndex
26,18,-6,-29,-5,30,31,3,58,4,4,-9,1,40,46,18,handIndex
54,38,23,-28,-10,-10,-34,-12,-17,-14,12,2,-3,6,-10,9,handIndex
-52,-10,-28,13,20,49,26,9,-67,-20,-22,6,1,15,8,-26,handIndex
-44,-23,-38,-5,1,-27,9,11,41,50,40,2,22,45,33,12,handIndex
15,-32,12,34,-24,33,25,1,21,16,28,5,-24,-75,-53,8,handIndex
60,20,3,7,8,39,30,-2,22,7,5,-5,17,33,83,34,handIndex
-67,3,2,13,-12,-77,-53,-8,32,-22,24,-4,-20,30,1,-6,handIndex
13,-8,-7,-13,-12,-9,-4,-3,9,21,-14,15,-3,5,4,11,handIndex
22,18,25,-1,-3,11,-11,2,-18,-16,-10,-17,-2,-46,-6,5,handIndex
-54,13,9,1,7,56,118,6,58,3,24,-22,-16,18,5,-9,handIndex
6,-32,-53,-17,10,-7,-103,4,-72,-22,-8,-3,0,-22,10,13,handIndex
-29,6,4,-2,-8,24,-5,-3,-8,13,-1,-5,0,-6,11,-8,handIndex
-25,-31,-13,-1,44,68,14,-9,53,9,6,-9,-5,34,5,5,handIndex
10,-8,-4,-10,-14,4,-2,-3,-47,22,-8,19,12,-4,46,14,handIndex
23,27,12,-1,-2,-48,-26,-9,9,-7,6,1,6,13,0,-9,handIndex
7,-29,3,5,-3,35,56,11,68,11,10,-16,-8,33,36,-5,handIndex
42,8,18,9,-14,-60,15,5,-66,46,6,12,6,-49,-75,6,handIndex
-36,0,-8,4,3,9,-2,0,0,-6,9,21,-4,-18,-20,-10,handIndex
-2,3,-34,-28,0,28,37,0,19,0,12,10,-4,17,22,-8,handIndex
52,4,3,-10,-11,-1,-11,-5,-54,-29,-45,-36,-15,-41,-77,-7,handIndex
-77,-13,-27,-8,0,31,11,0,20,43,39,49,6,-8,24,11,handIndex
6,3,-1,1,6,-39,6,-1,-27,-10,-15,-3,-3,4,0,9,handIndex
59,-10,16,5,11,18,-7,-2,-20,-13,-5,1,-3,-17,2,-5,handIndex
-32,27,-6,6,2,-13,5,31,18,17,-9,-16,-12,-32,-38,-3,handIndex
6,9,5,4,4,-23,-11,-20,-1,105,109,47,38,17,6,-10,handRing
-39,2,-27,-19,-45,-65,-77,-44,60,-11,-21,-12,11,71,0,2,handRing
1,37,56,13,-68,0,59,26,-72,-12,-38,-10,-37,-23,-7,0,handRing
13,-8,-15,-5,40,71,36,8,-8,-89,-91,-13,-12,-67,-3,-4,handRing
20,-20,-26,-15,-17,11,-37,-10,72,99,127,17,92,60,-17,7,handRing
8,38,67,27,37,28,-41,-60,-73,-25,-72,-10,-40,-90,-83,-47,handRing
53,-24,-27,-15,-47,-18,127,52,21,45,47,8,88,5,67,63,handRing
-48,-62,-67,-28,5,-9,-8,14,38,-53,-11,-30,-32,-37,-46,-17,handRing
-5,6,-37,7,-9,-2,-32,-23,-75,33,-64,13,-16,-44,-21,-16,handRing
68,112,126,19,-65,-18,4,20,15,50,55,-1,-20,1,-14,-16,handRing
-79,-18,-31,1,17,-26,34,-2,16,-6,8,3,10,-4,-20,-5,handRing
-4,-13,-56,-47,-58,-40,3,6,-45,-9,-57,-25,-21,-19,4,-6,handRing
39,-36,38,8,-6,24,-9,-14,-9,-90,-60,-6,-6,13,5,-5,handRing
-40,-14,-67,3,30,-21,8,7,-17,60,78,43,41,-48,-43,-6,handRing
11,-18,-23,-8,-10,2,8,2,-14,-27,-42,-17,-2,116,52,11,handRing
50,1,82,24,-62,-10,-16,-3,-12,-87,-116,-31,-10,-16,-17,-20,handRing
-67,21,-14,37,127,-11,18,7,45,127,127,34,2,24,-8,9,handRing
17,15,5,-4,-13,-1,127,86,-9,-38,-62,-28,-95,-37,-9,-10,handRing
4,6,12,-8,-8,-24,-85,-32,51,-7,-16,-18,-18,-8,10,0,handRing
-37,-6,-17,2,7,1,-22,-17,-49,-35,-45,0,-2,-34,-96,-50,handRing
10,9,4,-5,1,1,-20,-18,7,4,-1,2,-10,30,44,0,handRing
-43,36,36,18,-50,-43,3,15,44,-52,-16,-21,-8,4,4,7,handRing
-15,-16,24,-13,0,-3,6,-7,-51,101,93,45,20,-14,13,-6,handRing
26,-24,-67,-11,2,10,-1,-3,7,17,11,4,-7,-4,-11,5,handRing
28,62,63,21,-16,2,-8,6,53,-23,-18,-30,-6,-39,-6,-8,handRing
-45,-26,-30,-8,6,51,13,-4,43,11,70,0,6,34,-23,-7,handRing
7,-20,-36,-21,-35,-41,20,9,-77,-18,-56,-9,-2,-10,-31,-17,handRing
-51,-8,2,-2,-3,24,-28,-10,43,122,94,23,18,14,53,18,handRing
-14,-18,-31,-7,1,11,-36,-33,64,-14,-3,-5,-20,-2,28,12,handRing
21,-5,11,-19,-14,36,39,17,-9,27,-57,38,127,21,-14,-25,handRing
-6,-48,-64,7,36,22,-9,1,-4,-22,-47,-17,-35,-44,11,8,handRing
7,-32,-92,0,-10,8,9,-1,36,4,50,-17,-21,-10,-20,-9,handRing
67,61,127,26,12,11,4,9,-85,-21,-38,-5,9,-17,11,1,handRing
-54,-47,-80,-10,0,-9,-3,1,43,70,114,25,12,15,-23,-15,handRing
-6,-5,-11,-17,-6,-3,4,-8,-16,-25,-19,-11,-22,-19,20,-3,handRing
40,25,33,-3,-5,12,-25,-9,-29,-15,-34,-15,-4,22,-15,-6,handRing
-86,-90,-94,-17,-40,-10,22,11,17,-9,-3,-9,2,8,-6,1,handRing
18,90,126,28,13,-6,-6,-9,-62,-31,-53,-20,-4,10,11,5,handRing
62,-4,22,-4,-5,6,10,-5,-2,-10,-2,-4,-17,-21,-1,-12,handRing
-21,38,-5,7,-11,-1,18,11,33,17,-53,3,-5,-12,-49,-12,handRing
9,9,29,-2,-24,26,-1,-7,6,-7,28,-6,-14,-5,5,9,handRing
23,-50,-44,0,53,-66,-39,-31,12,-11,-22,-8,-8,3,12,7,handRing
-84,-25,-44,-3,3,8,2,-1,57,-30,-18,-30,-19,-23,-13,-8,handRing
22,-7,-36,-20,-16,-23,11,14,-27,103,127,49,18,63,9,12,handRing
-10,-28,-4,1,34,11,-22,-7,9,-14,-8,-5,0,-33,7,18,handRing
-26,-7,-27,-6,1,9,0,-6,42,19,38,9,-2,0,16,16,handRing
20,25,20,7,5,9,-12,-10,-74,-20,-55,-18,-5,-13,7,2,handRing
-61,-30,-35,-1,-26,-18,-16,-14,1,9,61,8,9,13,-9,-21,handRing
10,17,22,3,-14,8,17,18,74,8,-2,6,44,-18,-15,-5,handRing
32,5,2,-11,-60,43,25,10,1,74,98,27,2,-21,8,7,handRing
-32,-72,-106,-26,-5,-16,-29,-14,11,-8,29,1,3,38,27,-1,handRing
0,-55,-96,-13,-2,-2,-4,-14,25,8,14,-2,-19,-16,-17,-5,handRing
61,16,44,4,-20,23,-8,2,-71,-14,-31,-10,-4,-16,4,-1,handRing
-65,-9,-38,-2,24,0,1,0,31,-1,0,-9,-18,-18,-9,-6,handRing
63,52,127,9,-12,8,32,26,12,-3,37,2,-13,1,-19,2,handPinky
-47,-20,-55,-25,-6,6,27,-7,1,-8,-17,-11,-13,-4,-12,-11,handPinky
14,20,32,18,6,-8,-5,15,68,0,-4,-3,6,28,-3,1,handPinky
41,-6,-3,3,1,59,9,-1,-46,-3,-9,-3,-1,-37,-25,-5,handPinky
-75,-19,-52,-9,-4,-80,-31,-10,-10,-3,-3,0,6,52,17,-6,handPinky
31,12,3,-14,-16,-91,-32,5,49,16,-3,-11,0,-28,-10,2,handPinky
13,0,25,37,9,20,-9,-6,-88,-16,8,-2,-37,-128,-85,-14,handPinky
-28,-14,-52,-33,8,12,14,2,-32,-43,-105,-30,0,127,30,-12,handPinky
11,-11,-17,1,-2,10,10,-2,62,26,77,10,12,-16,2,3,handPinky
-35,-13,-74,-4,24,127,108,13,-31,-50,-128,-69,-43,-4,-3,-2,handPinky
4,10,21,7,-14,-128,-81,2,29,85,127,74,42,71,18,-1,handPinky
42,-6,-22,-12,6,127,111,2,37,-10,-14,-20,-41,30,-42,-20,handPinky
-11,11,32,15,7,-128,-73,-8,-75,-12,32,16,14,-23,36,38,handPinky
-1,-32,-117,-57,-20,-17,10,5,30,31,97,19,-16,-60,-33,12,handPinky
43,24,127,37,23,5,-91,-45,-8,-68,-128,-32,-12,47,-3,-14,handPinky
-51,-39,-128,-17,-2,126,64,-9,-20,75,127,39,28,36,35,16,handPinky
3,34,108,13,-5,-128,-75,-3,8,-20,-52,7,3,3,6,-8,handPinky
47,3,44,-40,-14,1,-5,9,-80,-37,-28,7,2,79,21,-16,handPinky
-66,27,102,36,17,-15,-1,-18,-12,-53,-128,-62,-43,-128,-61,-22,handPinky
9,-38,-64,-37,-17,34,32,-3,36,56,127,62,40,92,61,21,handPinky
56,21,-13,17,-1,-76,-27,8,19,-6,-67,-1,1,100,2,6,handPinky
-12,-10,-128,-20,-3,-73,46,14,8,59,127,16,1,-118,7,5,handPinky
29,66,127,34,16,46,-20,18,47,-26,-26,-10,-21,-20,-42,-22,handPinky
23,-16,-26,-5,-14,-65,-21,-17,-46,0,3,4,14,82,91,35,handPinky
-70,-47,-128,-28,4,112,19,-3,-6,-5,32,-1,-16,-40,16,-33,handPinky
18,-27,-84,-46,-31,-65,-22,-8,46,-22,-39,-3,19,-12,-4,-9,handPinky
-5,2,17,9,4,17,-11,12,-79,27,46,-11,-8,-51,-16,11,handPinky
-28,-33,-98,-11,3,27,46,-10,10,-12,-30,18,8,22,17,0,handPinky
13,46,106,29,-11,26,-31,-13,60,33,75,25,10,45,-7,-1,handPinky
-60,-26,-72,-6,-4,23,18,3,-22,-10,-20,14,21,8,20,11,handPinky
2,-17,-75,-46,-28,-111,-29,-10,20,3,0,14,10,13,5,0,handPinky
38,29,86,37,14,-18,-15,4,34,-7,-14,-11,-6,17,-7,-3,handPinky
-5,-4,-4,-5,-6,-12,-12,7,-61,21,71,25,14,-25,3,5,handPinky
6,2,4,-9,2,127,73,-12,54,72,116,33,16,-85,-82,16,handPinky
52,-38,-105,-11,-5,-128,-128,-37,-16,-36,-58,-3,-4,67,54,1,handPinky
-46,71,127,23,16,42,19,25,-1,18,27,4,6,-11,-25,22,handPinky
4,-35,-71,14,34,127,127,15,1,-56,-110,-31,-22,-41,7,-10,handPinky
38,74,127,38,19,24,-5,16,-52,-83,-128,-34,-19,29,7,-5,handPinky
-73,-21,-14,-3,1,-4,1,-19,-20,43,127,22,10,-28,10,3,handPinky
2,-57,-128,-45,-17,-6,-13,-27,50,47,119,22,8,14,11,14,handPinky
75,80,127,61,22,19,4,26,-19,-43,-128,-33,-12,103,-6,-22,handPinky
-19,25,44,17,-6,-128,-9,9,19,-41,-128,-30,2,127,32,-11,handPinky
26,-55,-128,-33,-4,127,94,-15,58,68,127,47,19,18,-4,7,handPinky
11,64,127,53,27,-128,-128,19,-63,-27,-48,-1,-4,-13,20,17,handPinky
-70,-24,-56,-6,-21,2,-6,-8,12,-2,-33,-50,-35,8,1,-2,handPinky
26,-17,10,29,39,-37,-14,30,20,64,127,52,15,-1,6,16,handPinky
-24,-14,-23,-54,-34,-30,-36,-44,-60,-29,-95,-5,-5,-15,4,-7,handPinky
-10,-1,20,34,35,15,-14,-6,7,-25,12,-57,-19,-7,-4,-10,handPinky
9,-69,-128,-68,-39,-50,-13,-8,68,39,73,34,18,62,10,7,handPinky
-70,-21,-55,2,9,108,37,15,-5,30,26,8,13,32,30,10,handPinky
14,-27,-100,-31,-12,-90,-31,8,29,-1,-34,5,9,110,42,6,handPinky
25,28,106,21,-10,-88,-59,-19,9,-20,-25,-28,-2,-63,-25,-3,handPinky
-30,-36,-36,14,15,63,12,-6,-59,19,78,33,5,-33,2,21,handPinky
12,-24,-116,-28,-9,31,-11,-14,40,-22,-49,-8,-32,-119,-57,-7,handPinky
120,38,-14,64,61,122,28,33,-128,-57,21,127,-12,5,9,-59,handClose
56,66,-67,-128,-128,54,24,63,124,28,-7,-128,-87,-5,-13,27,handClose
-47,40,120,127,127,-128,0,14,-15,-11,48,127,125,1,-47,-17,handClose
34,-67,-66,96,-91,61,-51,-42,-128,-128,12,127,77,-35,-37,-113,handClose
80,72,-32,-128,-128,-36,44,35,127,52,9,-83,-128,-96,26,30,handClose
-61,-24,33,114,-7,123,103,-14,-12,-29,-4,-33,-92,-128,-128,-2,handClose
-16,39,69,-114,67,-76,-44,9,-52,-14,-40,-68,32,127,78,7,handClose
-65,-9,-37,70,-42,-8,-39,-26,23,-50,-16,81,-22,-27,-2,6,handClose
-9,12,-20,-128,-61,18,18,-2,-105,-71,-96,-128,-128,-113,-48,-46,handClose
-41,-66,-45,-87,-56,-128,-76,-2,-13,57,65,127,127,109,49,25,handClose
-128,-32,11,-35,5,25,-8,-62,-40,-42,-31,37,-79,-128,-49,-26,handClose
11,12,-31,-87,-128,5,16,9,-106,-33,19,-59,-104,46,-44,-33,handClose
51,28,58,127,-128,-11,-17,20,78,20,6,7,-64,56,13,12,handClose
-19,-3,-22,12,-93,-25,-14,-1,75,-18,-59,-125,31,127,127,25,handClose
26,27,41,127,127,80,37,30,-30,69,23,87,-66,-128,-128,-23,handClose
-30,-24,-27,56,-4,7,13,-10,123,18,67,127,71,127,91,38,handClose
54,34,43,-94,37,-34,-1,39,88,3,-8,-118,-8,75,21,0,handClose
92,65,4,127,91,44,47,52,-43,-20,-21,127,95,-67,-47,-5,handClose
-128,-128,-49,-128,-36,-63,-46,-125,-17,-9,3,29,22,55,-10,-13,handClose
14,33,21,28,63,-22,3,36,28,2,8,-37,-41,-64,-40,-3,handClose
20,9,22,-10,-9,22,11,5,-58,0,-12,51,8,5,19,8,handClose
35,-9,-1,-105,-71,19,-17,-10,47,-4,4,-6,48,127,116,10,handClose
-59,-12,-18,64,36,-35,23,3,33,37,22,6,-128,-128,-128,-33,handClose
48,63,27,-99,37,34,12,16,-93,-36,-89,-128,16,-113,-73,-28,handClose
127,13,5,-73,-29,-35,-28,6,37,11,19,127,74,106,40,15,handClose
-32,83,127,127,127,127,80,34,-128,-58,-21,-128,-91,-10,-16,-25,handClose
26,-37,-46,-71,-39,113,67,5,-3,37,45,-48,-30,-12,27,2,handClose
3,-2,-27,-66,-101,-128,-109,-12,79,-1,-26,25,-9,73,39,6,handClose
-56,18,25,29,20,29,36,8,49,17,12,-128,-128,-128,-128,-1,handClose
61,20,-7,27,98,127,37,29,18,-4,-11,-7,-4,-23,2,7,handClose
25,5,6,-8,0,45,17,13,50,3,9,22,9,11,-12,-3,handClose
-27,-1,-30,-22,-29,-10,-17,-12,36,29,-16,-36,-57,127,121,31,handClose
-128,-32,-28,-128,-27,59,59,-15,-128,-91,20,-73,-77,-128,-128,-77,handClose
-20,-17,-48,43,-1,-4,1,0,40,13,1,39,-23,-48,-50,-8,handClose
12,13,14,-51,10,-60,-33,13,-20,29,16,2,-2,-22,8,9,handClose
95,7,-1,-44,12,38,21,4,23,-6,-16,-121,19,-39,-7,-6,handClose
-47,-32,-13,6,-29,-58,-59,-20,51,29,16,-66,-17,14,-5,6,handClose
-28,-12,-29,-104,-14,43,27,4,-7,21,18,127,54,37,20,24,handClose
49,-5,11,-6,-15,22,0,-1,2,-13,-14,-65,-15,43,20,-10,handClose
-37,15,-2,51,4,48,24,2,51,-3,-3,-22,-23,33,2,7,handClose
-20,-48,-31,-92,-4,-33,-17,-6,-52,-16,-18,5,-85,-109,-61,-22,handClose
51,-8,-2,-23,-11,13,-18,-2,52,28,5,-1,-28,9,11,6,handClose
10,11,-30,15,10,-2,35,16,-9,1,-27,74,85,24,9,10,handClose
33,-7,-31,-68,-6,15,12,-7,-15,5,5,56,12,18,18,8,handClose
127,11,-31,-22,15,19,-4,19,26,23,48,7,7,6,6,5,handClose
-26,-9,-13,-7,22,6,23,2,-128,-46,58,-53,-30,-108,-88,-54,handClose
-1,-10,-35,-22,-10,-26,-22,-7,61,40,7,107,48,84,39,25,handClose
21,12,47,21,8,14,3,4,47,4,-10,-13,-4,82,24,4,handClose
-49,-4,-20,52,-9,23,10,-1,-9,-5,-14,-35,-1,-48,-19,3,handClose
38,-12,-15,-63,-96,-42,-20,-5,-13,-15,-9,-46,-12,-114,-31,-8,handClose
1,14,48,127,82,24,-3,16,45,6,-2,-34,-8,24,9,2,handClose
6,2,-19,-45,-13,9,16,3,-39,-4,-11,-19,7,-2,9,10,handClose
3,-5,-9,-25,-15,-3,-2,-6,-42,2,-1,7,11,40,17,-14,handClose
-128,-65,-48,-66,-52,-39,-34,-48,28,-7,3,-4,-9,6,-13,2,handClose
32,13,9,75,35,23,18,11,-49,-23,-34,3,14,1,20,-4,handClose
94,43,-3,-21,-2,89,36,25,17,25,19,-5,-13,-26,-11,-3,handClose
37,1,-2,-8,-6,-1,-10,2,7,-1,-5,-1,4,1,2,-1,handRelax
-2,-1,-11,2,3,-1,2,-3,47,0,20,-1,-4,1,-9,-4,handRelax
11,-1,4,-14,-3,-1,0,-4,-38,-8,-14,3,-3,-8,-5,1,handRelax
4,-2,6,2,-7,-3,-9,-2,9,-3,-4,-2,-4,4,0,3,handRelax
-19,0,-5,-3,-1,0,4,0,37,1,12,-5,-2,-1,-9,1,handRelax
51,-6,1,-6,-3,2,-11,-3,-63,-6,-14,11,3,-4,8,-2,handRelax
-32,4,0,0,-5,-4,-1,2,6,5,5,-3,2,-2,2,-3,handRelax
-15,-8,-4,0,-1,1,7,-4,4,0,-9,14,0,0,-7,3,handRelax
16,-1,-10,-14,-1,2,-4,-6,-27,3,7,4,4,-1,7,-4,handRelax
-60,-8,-12,3,2,-8,5,-2,18,14,6,-14,-2,4,-1,1,handRelax
16,8,12,7,1,6,4,1,26,-11,6,8,-6,0,-11,-3,handRelax
26,-13,5,-7,-5,2,-10,-7,0,-3,-14,-6,3,2,6,0,handRelax
-43,9,0,7,1,-5,-1,7,25,-3,19,-9,0,6,-4,0,handRelax
15,6,55,14,2,1,1,0,-2,11,6,6,-5,-3,-10,0,handRelax
31,-4,8,0,-3,3,-11,0,-18,-2,-36,-21,1,-2,9,0,handRelax
-50,-2,-50,3,-2,-3,8,2,37,5,13,21,-4,4,-11,-6,handRelax
19,17,80,8,5,4,4,3,-46,-10,-23,-5,0,-9,1,-1,handRelax
-14,-6,1,22,-3,-6,-6,-4,-1,-5,-6,-3,-2,3,4,-2,handRelax
-15,-1,-37,-20,0,-4,7,2,32,5,7,-14,-6,1,-5,3,handRelax
4,15,49,5,2,5,2,-2,-47,-8,-26,1,0,-5,10,2,handRelax
28,-7,-2,2,-3,2,-14,0,-14,-8,3,-2,4,0,0,-7,handRelax
-1,5,-7,25,2,-2,6,-1,48,5,15,-8,-4,1,-10,-1,handRelax
27,-7,-61,-8,-1,3,-4,-7,-47,-1,-16,-13,-1,-7,3,2,handRelax
-9,2,36,7,-2,-3,-5,2,9,-2,-4,-5,0,0,1,-5,handRelax
-9,5,-9,-8,1,1,12,-1,27,7,10,3,-5,0,-14,0,handRelax
47,15,69,6,-2,3,-11,-5,-48,-12,-45,-11,-1,-5,7,1,handRelax
-47,-2,-11,1,-1,-6,-1,3,7,0,-15,-2,-2,2,6,-2,handRelax
-4,1,-3,-2,2,1,4,-4,-27,-7,4,19,1,-5,-6,-3,handRelax
40,5,0,-19,-5,2,-3,2,-20,-3,-7,-12,0,-1,7,-3,handRelax
-45,0,-15,0,1,-4,8,4,21,8,8,-2,-1,0,1,3,handRelax
8,1,8,4,2,2,0,-1,22,2,8,2,-6,-2,-9,-2,handRelax
48,-1,-39,-27,-5,4,-10,0,-2,-12,8,-1,2,1,6,-4,handRelax
-48,2,-1,26,4,-2,4,3,21,-4,33,-8,2,5,-6,-7,handRelax
12,-7,-5,-2,-1,-2,2,1,-14,20,1,-1,-2,-2,-8,5,handRelax
22,-2,-8,-2,-5,-2,-11,0,-8,-7,-15,0,2,-4,5,1,handRelax
-52,-5,-3,-2,1,-7,6,-2,44,2,6,-5,-7,3,-12,-2,handRelax
10,2,-8,-9,0,1,2,-4,-56,-12,-10,-7,0,-8,2,0,handRelax
-19,0,-7,3,-3,-3,-4,0,2,8,-12,-7,4,-1,4,-1,handRelax
-19,-3,-11,-1,-2,-4,5,-3,32,-2,8,-3,-3,1,-5,-7,handRelax
11,-3,-14,-4,1,-1,-1,-2,-48,0,-17,1,1,-3,5,-7,handRelax
28,5,39,8,-3,1,-12,6,14,4,4,-4,0,-1,1,0,handRelax
5,2,3,-6,3,0,7,0,48,-17,-1,1,-6,1,-9,0,handRelax
40,-13,-5,8,-1,2,-5,-3,-52,15,-8,-4,3,-9,3,3,handRelax
-25,-3,5,8,-2,-3,-8,0,11,1,-4,2,-1,1,1,-3,handRelax
-11,-5,-2,-6,4,-1,5,-1,17,7,17,0,-2,-3,-13,0,handRelax
34,4,30,-6,-3,0,-14,-4,-38,-3,-16,1,2,-1,8,2,handRelax
-53,-2,0,44,4,-2,4,2,12,-1,16,-2,-6,-1,2,-2,handRelax
1,5,-3,-10,0,1,4,-2,-12,-1,-3,5,1,-3,-2,0,handRelax
39,-9,-7,-8,-5,2,-4,-3,-39,-12,-18,-11,1,0,-1,-17,handRelax
-42,1,6,-20,6,1,10,5,20,5,5,1,0,2,3,1,handRelax
15,-4,-4,-3,2,2,-1,-2,24,4,-9,3,-7,-1,-8,5,handRelax
42,-21,-87,-1,-4,0,-12,1,3,1,0,-4,0,3,5,1,handRelax
-63,21,118,1,-2,-7,7,2,40,-12,-4,-4,-3,4,-4,-5,handRelax
16,6,41,3,5,9,1,3,-26,0,-16,-2,0,-5,-7,1,handRelax
10,-4,38,20,-25,37,46,0,72,4,-5,12,24,61,127,38,handIndex
-72,-15,-32,-24,2,37,19,-3,-7,0,-8,-41,-12,1,-16,-6,handIndex
7,1,-14,-13,1,-6,-34,-1,22,0,7,33,-2,-5,-9,-4,handIndex
65,-1,36,-1,-5,-6,-4,10,27,7,-1,-20,3,1,7,12,handIndex
-59,-5,-4,5,6,5,-4,-9,-78,-34,-22,-6,-7,-26,1,-18,handIndex
31,31,-1,-3,14,85,43,2,45,3,-12,-22,-15,2,-17,-8,handIndex
24,-28,-42,2,-38,-118,-128,-12,-24,14,23,61,11,89,35,6,handIndex
-48,16,48,57,51,-55,44,7,3,-9,12,1,5,-82,-36,-7,handIndex
8,-19,13,-20,-13,37,31,5,8,20,-25,7,-5,-30,-35,-13,handIndex
16,-23,-5,-8,2,23,-4,-8,-41,2,3,127,127,-9,-27,4,handIndex
-26,-22,-43,-32,26,-4,32,26,58,23,3,-16,-15,33,34,16,handIndex
-26,2,-9,11,-13,62,28,-23,-46,-77,-22,-43,-27,-94,-128,-57,handIndex
48,20,44,-2,-63,-29,-29,10,-85,11,25,-7,3,36,64,-8,handIndex
24,-20,4,2,16,31,18,7,-8,-28,-24,-33,-6,-20,6,-13,handIndex
38,56,4,-25,2,-12,-14,2,41,4,20,22,-11,44,13,14,handIndex
20,-3,-7,5,2,11,0,10,-66,-4,-10,10,27,56,45,0,handIndex
-9,3,-44,7,4,-3,8,8,-4,3,8,0,-37,-31,-81,-20,handIndex
57,-2,11,-23,-14,-128,-14,8,18,-2,24,22,3,19,-3,0,handIndex
-53,-3,3,-9,4,49,15,-6,-5,-1,-5,18,-5,6,32,8,handIndex
23,8,-16,-4,1,-35,13,15,2,-17,-57,-39,-8,41,-1,-4,handIndex
-14,11,-33,-21,-6,29,1,-11,28,15,78,-8,-25,-82,-27,-5,handIndex
-59,1,-14,113,65,-1,-13,2,2,-23,-26,-11,16,-40,-6,5,handIndex
4,4,0,-9,-35,67,34,2,30,-27,-35,-22,-12,23,-1,-4,handIndex
51,16,64,14,-3,-51,-52,-4,0,18,-13,-19,-8,-10,-5,1,handIndex
-51,-19,-11,-17,-11,4,-10,-8,-52,-50,1,27,6,-2,1,-21,handIndex
-2,-8,-15,-1,0,-1,1,-19,31,-3,28,-14,-18,-12,-42,-14,handIndex
43,-9,9,15,14,75,25,4,-49,-20,-4,40,21,65,52,1,handIndex
-49,0,-45,-60,-70,-115,-58,-7,7,37,-69,-16,-1,-43,-30,-9,handIndex
24,17,26,99,117,46,48,26,26,-2,41,-29,-63,-66,-50,-9,handIndex
-18,30,2,33,9,7,-39,-9,-55,5,-20,-18,-32,-67,-14,-5,handIndex
-12,-18,-15,5,4,24,72,10,7,-5,-3,3,43,20,5,-4,handIndex
23,8,13,-3,0,11,-4,0,50,1,-10,5,-12,7,-3,2,handIndex
25,-11,6,8,2,12,-8,-1,-27,27,71,24,-3,7,2,7,handIndex
-21,-27,-16,-10,-26,7,9,-8,-33,13,-17,3,17,21,6,-11,handIndex
21,3,-1,5,2,-35,-13,-8,36,10,73,100,-10,43,5,-1,handIndex
6,43,12,18,-3,-35,-25,14,-43,-1,11,-23,26,-15,38,5,handIndex
11,-13,2,-26,-21,23,23,7,10,3,-21,20,-7,-16,-32,0,handIndex
50,-5,0,-28,-4,10,-4,-1,-10,-23,-7,-7,5,61,22,2,handIndex
-45,2,0,5,10,1,8,4,-21,26,2,-34,-42,-106,-45,-12,handIndex
-10,-23,-21,-15,-7,-1,9,-4,4,0,40,20,-24,-11,-4,-11,handIndex
29,16,-1,-1,-4,-7,-6,-6,19,-5,-9,8,4,37,14,2,handIndex
-42,-7,-9,-12,-6,5,15,7,-48,-38,-28,-8,22,37,9,-16,handIndex
10,-8,-10,-20,0,-10,-21,-10,64,32,53,9,-19,-12,11,15,handIndex
55,13,3,-8,-14,-4,20,15,4,64,124,3,13,-61,-81,0,handIndex
-28,-1,4,25,10,8,42,9,-11,-22,-31,1,-5,12,27,8,handIndex
15,5,-18,2,2,22,11,1,46,-2,4,-4,-2,40,-5,1,handIndex
21,-11,41,11,-3,10,-3,1,-51,0,-6,34,8,-30,5,0,handIndex
-42,-18,-28,4,4,19,22,-1,6,4,-5,-3,-10,-1,1,7,handIndex
16,20,1,8,-4,-20,-6,6,39,-26,-22,46,54,22,0,-1,handIndex
-31,10,20,-14,-6,-31,-14,-8,-45,18,15,25,32,-16,-10,-7,handIndex
-12,31,13,3,4,11,13,-4,9,-3,-9,44,20,-8,5,2,handIndex
13,-11,-6,-3,3,9,-25,-8,43,7,8,-3,1,14,-7,-4,handIndex
18,-28,-2,3,-31,-2,9,12,-52,2,13,0,5,0,0,0,handIndex
-4,-9,-14,-8,-13,5,13,2,12,10,12,-3,-3,8,-19,0,handIndex
-63,6,-3,1,-5,-3,58,27,30,127,84,27,7,9,18,12,handRing
-43,-62,-80,-16,-13,-13,-32,-44,-48,17,7,10,-7,-14,-19,-12,handRing
63,-6,41,-1,10,16,-4,9,-14,17,12,-17,-2,-4,0,-5,handRing
-59,-11,-31,-14,-12,-22,-72,-66,11,-51,-118,6,8,5,-10,-5,handRing
9,-25,15,7,-1,6,36,16,31,-44,-17,-4,-3,17,116,69,handRing
42,33,28,-6,-4,8,-11,8,8,58,88,14,2,0,-37,-14,handRing
-71,-76,-78,-16,-6,-31,-2,-14,48,-22,-30,-4,4,0,31,7,handRing
17,34,28,3,-5,2,16,7,-37,11,43,-4,-17,-19,-39,-20,handRing
-4,-57,-17,-7,-4,1,-75,-55,-16,-55,-89,-4,1,-9,-21,-8,handRing
-25,101,57,-4,-17,-10,12,2,51,13,-9,18,5,19,-16,0,handRing
4,-46,-16,-2,9,8,21,8,-77,-56,-68,-11,-20,-64,2,-1,handRing
-24,-15,-24,-11,37,10,9,-5,19,67,127,32,29,63,29,24,handRing
-29,-56,-54,-28,-18,-33,-13,-33,32,-22,12,-10,-54,-18,-23,-37,handRing
18,-62,-49,13,-5,5,1,11,-49,-43,-39,-13,-8,11,54,11,handRing
22,48,44,0,-3,-33,-28,6,0,5,-11,0,7,3,-73,-49,handRing
-1,-36,-38,9,42,84,56,13,39,-18,-23,-3,-17,-10,-9,5,handRing
46,-20,1,-2,1,-1,-23,-7,-60,-4,-36,-12,-10,-24,53,16,handRing
-18,27,-5,7,3,-19,-88,-45,-21,3,-3,-17,-13,8,93,10,handRing
-47,19,33,5,-5,-13,-19,-11,-7,-128,-97,-20,-12,-8,-46,-14,handRing
15,52,27,-24,-22,-12,2,-3,-16,36,38,15,17,3,-18,-12,handRing
-59,-80,-39,4,8,6,3,21,22,-10,-4,16,6,-5,-73,-16,handRing
2,-14,-42,-9,1,-19,-37,-42,-39,-17,-20,-3,-10,-17,7,21,handRing
58,-3,64,17,9,-3,-8,-8,-13,-2,4,0,-24,37,51,19,handRing
-26,-68,-68,-11,-5,-15,4,0,10,-25,-41,-3,32,-35,-101,-32,handRing
24,59,86,14,5,11,40,20,-4,18,40,-2,-9,-5,12,-16,handRing
34,-6,-16,0,0,11,-11,-9,-13,-10,-15,-7,-4,-2,7,-4,handRing
-49,64,44,6,-2,-11,11,10,51,-49,-17,-1,6,7,-4,-5,handRing
29,57,32,-9,0,8,-105,-30,-44,81,15,-14,-8,7,-20,-6,handRing
21,-53,-50,-4,-8,14,127,67,-9,-95,-58,9,30,11,-13,-5,handRing
-66,-7,-8,-9,-6,-10,8,-11,22,-38,-4,7,6,-24,-87,-43,handRing
-9,-15,-20,-25,-4,-2,-10,-19,-50,19,16,0,-1,-11,-44,-19,handRing
-55,-47,-26,1,6,22,-10,0,30,46,44,7,6,6,107,63,handRing
3,76,-4,5,0,-13,-2,-11,54,21,9,-3,-10,2,31,16,handRing
10,-72,-71,-12,-10,-6,-15,1,-37,-34,-42,-8,1,-5,13,-9,handRing
10,24,81,6,0,0,-5,5,-1,-28,-39,-12,-7,-1,-6,-6,handRing
11,12,12,-5,1,-4,43,41,35,34,9,21,-13,-2,-25,-14,handRing
41,-53,-42,9,-3,-6,-19,-21,-53,20,11,1,23,8,10,0,handRing
-41,49,29,9,0,-6,-43,-29,20,44,43,-15,-11,-19,9,8,handRing
-6,-16,-6,-4,1,45,46,16,-17,-122,-118,4,-6,-34,-127,-59,handRing
37,-8,-14,-15,-14,10,4,21,27,62,48,22,-10,59,109,44,handRing
-66,18,7,0,-7,-16,-32,-17,14,-19,-6,-12,-8,3,18,11,handRing
4,-66,-93,-3,6,2,-12,-13,-40,31,-6,-2,-9,-24,-3,-7,handRing
55,28,86,13,9,12,-15,-9,-13,-29,2,-6,-6,-6,4,-6,handRing
7,83,81,28,6,-5,16,8,63,87,89,30,17,15,24,22,handRing
10,-16,-9,-10,-3,0,4,-2,-33,2,-20,-25,-20,-8,-14,-12,handRing
37,-7,4,-11,-19,-17,-13,5,30,22,10,1,2,1,-21,-6,handRing
-128,-34,-16,2,4,0,0,-41,54,11,10,-5,-4,-1,-7,12,handRing
30,-29,-29,-6,-8,21,10,15,-45,4,-7,-9,-17,-6,9,8,handRing
-23,8,32,6,-17,11,-86,-60,5,22,19,1,6,7,64,28,handRing
-9,11,-4,0,46,2,-12,-3,27,1,16,9,3,7,-49,-25,handRing
-11,-57,-64,-20,-12,26,26,9,-54,-91,-83,0,22,21,11,2,handRing
-59,-19,-41,-12,-6,-12,-1,-2,31,41,16,9,3,7,12,7,handRing
-7,-42,14,4,3,-1,3,-5,36,-6,0,-15,-13,-5,-9,-4,handRing
40,25,50,2,2,4,2,3,-22,-32,-28,-7,1,0,6,-4,handRing
-21,-21,-22,-8,-8,-8,-9,-6,21,29,-24,3,3,8,3,7,handRing
-51,-10,-44,-10,-9,-7,7,3,21,-2,-12,-7,2,23,15,4,handPinky
25,15,64,13,3,82,58,16,-29,23,89,8,-4,-35,-23,-6,handPinky
51,2,-37,-20,-13,-67,-43,-6,-7,-21,-61,-15,0,21,18,-2,handPinky
0,68,109,29,10,15,42,26,26,35,69,28,11,23,4,2,handPinky
0,-12,-41,-6,1,-12,-9,-8,3,-41,-55,-27,-16,3,-6,-2,handPinky
31,-25,-34,-21,-10,6,-18,-6,-23,-19,-20,2,5,0,4,-8,handPinky
-42,14,23,-2,-3,-9,-7,-3,56,-6,-30,-14,-13,-13,-6,-5,handPinky
11,-23,-91,-9,-10,-16,-16,-10,-41,-4,-14,12,5,9,-2,4,handPinky
-9,-45,-119,-28,-12,-4,-10,-14,8,10,17,-4,-2,-11,2,3,handPinky
-13,63,127,24,9,9,12,9,36,13,114,-6,-9,-9,-9,-6,handPinky
5,-33,-109,10,9,18,13,2,-55,-13,-42,5,4,22,15,7,handPinky
-70,-62,-128,-32,-14,-3,1,-24,-9,-33,-128,-38,-17,-80,-36,-16,handPinky
31,51,127,4,-4,6,10,13,56,19,73,29,10,9,-2,12,handPinky
23,38,95,31,29,12,11,7,-2,41,127,-4,-12,0,1,7,handPinky
-9,-10,61,-4,-3,7,-24,-12,18,-18,-128,-7,4,18,5,-1,handPinky
-20,-34,-105,-40,-30,-45,-48,-28,49,25,66,5,1,76,41,11,handPinky
53,3,69,18,9,19,-4,5,-59,-20,-22,0,-3,-61,-11,-1,handPinky
-42,-57,-128,-39,-17,31,5,-4,21,-7,-28,-10,-9,8,-13,-11,handPinky
11,24,9,22,19,-15,6,13,-10,40,95,35,7,15,-3,1,handPinky
45,34,57,9,1,3,-7,7,-27,-38,-57,-33,-12,-5,9,-6,handPinky
-39,-2,-10,-1,4,0,9,12,-21,-40,-68,16,11,7,-3,-13,handPinky
0,-11,-29,-22,-11,-7,3,-3,-31,4,-11,4,-6,13,15,2,handPinky
31,13,123,29,9,-20,-28,-8,-37,-27,-88,-27,-10,-42,-18,-24,handPinky
-24,-4,-21,11,3,-69,-37,1,39,-6,-18,1,1,51,23,8,handPinky
21,-9,-37,-26,-12,20,31,5,8,29,43,26,9,-3,21,9,handPinky
6,-23,-27,-7,-8,10,-15,-13,4,-4,-23,3,-1,2,7,-1,handPinky
-51,-34,-90,-33,-6,-1,7,-4,55,14,52,11,4,116,37,8,handPinky
14,-5,-22,-4,3,35,7,0,-37,-12,-61,0,-5,-128,-43,13,handPinky
0,11,42,22,9,16,1,9,-40,-64,-128,-57,-30,26,-44,-34,handPinky
9,-4,-47,-5,5,51,60,17,-35,-35,-21,-26,-22,-9,-17,-32,handPinky
11,-10,-24,-12,-7,-75,-15,-4,-28,30,44,18,16,5,11,10,handPinky
-37,52,127,17,0,-7,2,3,24,97,127,53,22,16,14,16,handPinky
-13,-21,-41,0,-1,1,8,-9,37,-43,-128,-20,-12,1,-8,-1,handPinky
28,-21,-76,-18,-7,-4,-2,-6,-21,-14,-22,-12,2,-4,7,1,handPinky
-8,-9,-29,-6,-2,-9,-14,0,16,12,19,0,3,23,16,-10,handPinky
-52,25,27,59,36,-25,13,-4,18,2,29,8,-2,-15,-12,6,handPinky
29,-54,-128,-27,-28,-71,-77,-22,-35,-97,-128,-69,-25,28,7,-10,handPinky
-5,113,127,50,24,35,31,33,21,-91,-128,-67,-27,-1,-9,-17,handPinky
-15,10,37,24,11,25,11,-7,3,54,111,69,30,15,13,24,handPinky
16,-46,-112,-50,-24,-11,-18,-11,-12,-5,-47,-6,3,16,17,-2,handPinky
-41,57,127,73,29,10,16,9,6,-18,-112,-22,-13,-23,-17,-7,handPinky
-17,-89,-128,-61,-20,-3,15,-4,-42,-43,-128,-28,-22,-8,1,0,handPinky
63,90,127,62,20,39,5,-1,-11,2,-50,-19,-7,-100,-44,-8,handPinky
-13,40,127,59,32,74,58,14,0,-23,-84,-14,-6,30,8,-17,handPinky
12,-5,-55,-10,-27,-128,-87,2,-9,-43,-128,-41,-18,1,-17,-12,handPinky
3,-55,-128,-42,-11,52,7,-17,-2,-37,-98,-31,-5,8,-1,-11,handPinky
-27,47,103,42,23,27,17,8,53,49,127,22,6,8,-13,1,handPinky
44,77,127,75,28,18,12,20,-52,35,113,38,14,3,26,13,handPinky
-32,-47,-128,-32,-12,-9,-10,-4,-15,-118,-128,-82,-32,-37,-20,-21,handPinky
15,11,-24,2,1,-2,8,1,46,113,127,73,20,23,2,10,handPinky
-33,-78,-119,-29,-10,-6,-11,-20,-28,39,94,38,17,-15,18,14,handPinky
-23,-30,-91,-6,5,20,16,14,-7,-76,-128,-68,-27,-7,-27,-23,handPinky
-39,56,127,30,13,11,10,-18,45,13,39,26,8,12,-1,9,handPinky
50,58,127,38,10,10,14,4,-14,-20,-13,-11,-4,5,6,-6,handPinky
